2026-03-26 09:57:38,637 - Job 2503@j2 started with 12 hyperparameter combinations
2026-03-26 09:57:38,638 - [2503@j2] Running hyperparameter set 1/12 | lr=1e-05 | weight_decay=0.001 | mlp_dropout=0.3 | head_dropout=0.3 | self_attn_dropout=0.0 | compound_proj_dim=256 | ppi_fuse_setting=gate | head_fuse=cat | proj_feat=True
2026-03-26 09:57:38,638 - ---- Start Training & Testing Fold 1 ----
2026-03-26 09:57:38,638 - experiment 1 ...
2026-03-26 09:57:38,642 - --- Executing CV with scaffold split with hyperparameters: use_struct=True, save_probs=False, seed=42 ...
2026-03-26 09:57:38,642 - Dataset path -> datasets/multi_ppimi_s4_tests_splits_with_my_train
2026-03-26 09:57:38,739 - Initialized model | excluded=None | mlp_dropout=0.3 | head_dropout=0.3 | self_attn_dropout=0.0 | join_attn_feat=ppiformer | compound_dim=128 | compound_proj_dim=256 | ppi_fuse_setting=gate | head_fuse=cat | proj_feat=True
2026-03-26 09:57:38,802 - Excluded modalities: []
2026-03-26 09:57:38,832 - Active modalities: ['esm', 'fegs', 'gae']
2026-03-26 09:58:04,752 - MolecularDataset hyperparamets -> dataset=dataset1, trategy=conditional, aug train=False, aug eval=False
2026-03-26 10:02:36,738 - MolecularDataset hyperparamets -> dataset=dataset1, trategy=conditional, aug train=False, aug eval=False
2026-03-26 10:04:04,560 - MolecularDataset hyperparamets -> dataset=dataset1, trategy=conditional, aug train=False, aug eval=False
2026-03-26 10:05:35,383 - ---- train loader size -> 62190, val loader size 3276 ----
2026-03-26 10:09:03,902 - NEW BEST @ epoch 1: train_auc=0.7876, val_auc=0.8410, val_aupr=0.6325, val_precision=0.3475, val_sensitivity=0.7912; val_specificity=0.7029
2026-03-26 10:12:31,111 - NEW BEST @ epoch 2: train_auc=0.9087, val_auc=0.9072, val_aupr=0.7315, val_precision=0.4479, val_sensitivity=0.8114; val_specificity=0.8000
2026-03-26 10:15:52,139 - NEW BEST @ epoch 3: train_auc=0.9380, val_auc=0.9325, val_aupr=0.7810, val_precision=0.5610, val_sensitivity=0.7912; val_specificity=0.8762
2026-03-26 10:19:13,256 - NEW BEST @ epoch 4: train_auc=0.9516, val_auc=0.9430, val_aupr=0.8021, val_precision=0.5798, val_sensitivity=0.8114; val_specificity=0.8824
2026-03-26 10:22:39,404 - NEW BEST @ epoch 5: train_auc=0.9599, val_auc=0.9543, val_aupr=0.8329, val_precision=0.6595, val_sensitivity=0.7875; val_specificity=0.9187
2026-03-26 10:26:05,623 - NEW BEST @ epoch 6: train_auc=0.9690, val_auc=0.9615, val_aupr=0.8518, val_precision=0.6850, val_sensitivity=0.7967; val_specificity=0.9267
2026-03-26 10:29:26,305 - NEW BEST @ epoch 7: train_auc=0.9753, val_auc=0.9654, val_aupr=0.8658, val_precision=0.6860, val_sensitivity=0.8443; val_specificity=0.9227
2026-03-26 10:32:47,684 - NEW BEST @ epoch 8: train_auc=0.9796, val_auc=0.9682, val_aupr=0.8772, val_precision=0.7474, val_sensitivity=0.8022; val_specificity=0.9458
2026-03-26 10:36:10,389 - NEW BEST @ epoch 9: train_auc=0.9835, val_auc=0.9737, val_aupr=0.8954, val_precision=0.7911, val_sensitivity=0.8114; val_specificity=0.9571
2026-03-26 10:39:33,821 - NEW BEST @ epoch 10: train_auc=0.9857, val_auc=0.9772, val_aupr=0.9079, val_precision=0.8025, val_sensitivity=0.8333; val_specificity=0.9590
2026-03-26 10:49:49,739 - NEW BEST @ epoch 13: train_auc=0.9914, val_auc=0.9800, val_aupr=0.9197, val_precision=0.8429, val_sensitivity=0.8059; val_specificity=0.9700
2026-03-26 10:53:17,510 - NEW BEST @ epoch 14: train_auc=0.9928, val_auc=0.9832, val_aupr=0.9292, val_precision=0.8532, val_sensitivity=0.8407; val_specificity=0.9711
2026-03-26 11:03:29,655 - NEW BEST @ epoch 17: train_auc=0.9956, val_auc=0.9857, val_aupr=0.9403, val_precision=0.8512, val_sensitivity=0.8590; val_specificity=0.9700
2026-03-26 11:13:42,707 - NEW BEST @ epoch 20: train_auc=0.9972, val_auc=0.9879, val_aupr=0.9502, val_precision=0.8759, val_sensitivity=0.8663; val_specificity=0.9755
2026-03-26 12:04:47,040 - NEW BEST @ epoch 35: train_auc=0.9994, val_auc=0.9899, val_aupr=0.9566, val_precision=0.8917, val_sensitivity=0.9048; val_specificity=0.9780
2026-03-26 12:56:18,563 - MolecularDataset hyperparamets -> dataset=dataset1, trategy=conditional, aug train=False, aug eval=False
2026-03-26 12:56:29,905 - Test Loss: 1.2188
2026-03-26 12:56:29,905 - Test AUC: 0.9056
2026-03-26 12:56:29,905 - Test AUPR: 0.8693
2026-03-26 12:56:29,905 - Test Precision: 1.0000
2026-03-26 12:56:29,905 - Test Sensitivity (Recall): 0.0067
2026-03-26 12:56:29,905 - Test Specificity: 1.0000
2026-03-26 12:56:29,914 - ---- Start Training & Testing Fold 2 ----
2026-03-26 12:56:29,915 - experiment 1 ...
2026-03-26 12:56:29,918 - --- Executing CV with scaffold split with hyperparameters: use_struct=True, save_probs=False, seed=42 ...
2026-03-26 12:56:29,918 - Dataset path -> datasets/multi_ppimi_s4_tests_splits_with_my_train
2026-03-26 12:56:30,014 - Initialized model | excluded=None | mlp_dropout=0.3 | head_dropout=0.3 | self_attn_dropout=0.0 | join_attn_feat=ppiformer | compound_dim=128 | compound_proj_dim=256 | ppi_fuse_setting=gate | head_fuse=cat | proj_feat=True
2026-03-26 12:56:30,018 - Excluded modalities: []
2026-03-26 12:56:30,039 - Active modalities: ['esm', 'fegs', 'gae']
2026-03-26 12:56:58,384 - MolecularDataset hyperparamets -> dataset=dataset1, trategy=conditional, aug train=False, aug eval=False
2026-03-26 12:57:15,764 - MolecularDataset hyperparamets -> dataset=dataset1, trategy=conditional, aug train=False, aug eval=False
2026-03-26 12:57:27,956 - MolecularDataset hyperparamets -> dataset=dataset1, trategy=conditional, aug train=False, aug eval=False
2026-03-26 12:58:37,514 - ---- train loader size -> 68988, val loader size 3636 ----
2026-03-26 13:02:22,687 - NEW BEST @ epoch 1: train_auc=0.7824, val_auc=0.8710, val_aupr=0.6700, val_precision=0.3708, val_sensitivity=0.8053; val_specificity=0.7267
2026-03-26 13:06:08,939 - NEW BEST @ epoch 2: train_auc=0.9132, val_auc=0.8974, val_aupr=0.7175, val_precision=0.4516, val_sensitivity=0.7921; val_specificity=0.8076
2026-03-26 13:09:57,049 - NEW BEST @ epoch 3: train_auc=0.9439, val_auc=0.9266, val_aupr=0.7761, val_precision=0.5733, val_sensitivity=0.7739; val_specificity=0.8848
2026-03-26 13:13:49,095 - NEW BEST @ epoch 4: train_auc=0.9601, val_auc=0.9393, val_aupr=0.8077, val_precision=0.5892, val_sensitivity=0.8284; val_specificity=0.8845
2026-03-26 13:17:34,882 - NEW BEST @ epoch 5: train_auc=0.9682, val_auc=0.9519, val_aupr=0.8355, val_precision=0.6468, val_sensitivity=0.8218; val_specificity=0.9102
2026-03-26 13:21:20,834 - NEW BEST @ epoch 6: train_auc=0.9747, val_auc=0.9561, val_aupr=0.8500, val_precision=0.6746, val_sensitivity=0.8416; val_specificity=0.9188
2026-03-26 13:25:06,715 - NEW BEST @ epoch 7: train_auc=0.9808, val_auc=0.9596, val_aupr=0.8580, val_precision=0.6975, val_sensitivity=0.8449; val_specificity=0.9267
2026-03-26 13:28:51,758 - NEW BEST @ epoch 8: train_auc=0.9841, val_auc=0.9642, val_aupr=0.8736, val_precision=0.7391, val_sensitivity=0.8135; val_specificity=0.9426
2026-03-26 13:32:37,871 - NEW BEST @ epoch 9: train_auc=0.9869, val_auc=0.9668, val_aupr=0.8834, val_precision=0.7583, val_sensitivity=0.8333; val_specificity=0.9469
2026-03-26 13:36:23,960 - NEW BEST @ epoch 10: train_auc=0.9902, val_auc=0.9714, val_aupr=0.8977, val_precision=0.8039, val_sensitivity=0.8185; val_specificity=0.9601
2026-03-26 13:40:11,544 - NEW BEST @ epoch 11: train_auc=0.9911, val_auc=0.9745, val_aupr=0.9043, val_precision=0.8052, val_sensitivity=0.8119; val_specificity=0.9607
2026-03-26 13:44:01,162 - NEW BEST @ epoch 12: train_auc=0.9932, val_auc=0.9778, val_aupr=0.9174, val_precision=0.8619, val_sensitivity=0.8036; val_specificity=0.9743
2026-03-26 13:47:49,694 - NEW BEST @ epoch 13: train_auc=0.9942, val_auc=0.9799, val_aupr=0.9242, val_precision=0.8100, val_sensitivity=0.8581; val_specificity=0.9597
2026-03-26 13:51:36,610 - NEW BEST @ epoch 14: train_auc=0.9948, val_auc=0.9820, val_aupr=0.9324, val_precision=0.8510, val_sensitivity=0.8482; val_specificity=0.9703
2026-03-26 14:03:01,114 - NEW BEST @ epoch 17: train_auc=0.9971, val_auc=0.9857, val_aupr=0.9450, val_precision=0.8849, val_sensitivity=0.8498; val_specificity=0.9779
2026-03-26 14:14:21,899 - NEW BEST @ epoch 20: train_auc=0.9980, val_auc=0.9884, val_aupr=0.9558, val_precision=0.8655, val_sensitivity=0.8812; val_specificity=0.9726
2026-03-26 14:33:33,543 - NEW BEST @ epoch 25: train_auc=0.9989, val_auc=0.9907, val_aupr=0.9664, val_precision=0.9003, val_sensitivity=0.8944; val_specificity=0.9802
2026-03-26 15:30:56,502 - MolecularDataset hyperparamets -> dataset=dataset1, trategy=conditional, aug train=False, aug eval=False
2026-03-26 15:31:07,102 - Test Loss: 1.5649
2026-03-26 15:31:07,102 - Test AUC: 0.8665
2026-03-26 15:31:07,102 - Test AUPR: 0.8201
2026-03-26 15:31:07,102 - Test Precision: 0.5714
2026-03-26 15:31:07,102 - Test Sensitivity (Recall): 0.0369
2026-03-26 15:31:07,102 - Test Specificity: 0.9585
2026-03-26 15:31:07,111 - ---- Start Training & Testing Fold 3 ----
2026-03-26 15:31:07,111 - experiment 1 ...
2026-03-26 15:31:07,114 - --- Executing CV with scaffold split with hyperparameters: use_struct=True, save_probs=False, seed=42 ...
2026-03-26 15:31:07,114 - Dataset path -> datasets/multi_ppimi_s4_tests_splits_with_my_train
2026-03-26 15:31:07,198 - Initialized model | excluded=None | mlp_dropout=0.3 | head_dropout=0.3 | self_attn_dropout=0.0 | join_attn_feat=ppiformer | compound_dim=128 | compound_proj_dim=256 | ppi_fuse_setting=gate | head_fuse=cat | proj_feat=True
2026-03-26 15:31:07,203 - Excluded modalities: []
2026-03-26 15:31:07,224 - Active modalities: ['esm', 'fegs', 'gae']
2026-03-26 15:31:34,246 - MolecularDataset hyperparamets -> dataset=dataset1, trategy=conditional, aug train=False, aug eval=False
2026-03-26 15:31:43,331 - MolecularDataset hyperparamets -> dataset=dataset1, trategy=conditional, aug train=False, aug eval=False
2026-03-26 15:31:49,237 - MolecularDataset hyperparamets -> dataset=dataset1, trategy=conditional, aug train=False, aug eval=False
2026-03-26 15:31:57,394 - ---- train loader size -> 65748, val loader size 3462 ----
2026-03-26 15:35:32,364 - NEW BEST @ epoch 1: train_auc=0.7758, val_auc=0.8933, val_aupr=0.7248, val_precision=0.4043, val_sensitivity=0.8458; val_specificity=0.7508
2026-03-26 15:39:07,856 - NEW BEST @ epoch 2: train_auc=0.9074, val_auc=0.9395, val_aupr=0.8036, val_precision=0.5121, val_sensitivity=0.8804; val_specificity=0.8322
2026-03-26 15:42:44,703 - NEW BEST @ epoch 3: train_auc=0.9411, val_auc=0.9461, val_aupr=0.8252, val_precision=0.5337, val_sensitivity=0.8787; val_specificity=0.8464
2026-03-26 15:46:23,644 - NEW BEST @ epoch 4: train_auc=0.9562, val_auc=0.9574, val_aupr=0.8467, val_precision=0.6183, val_sensitivity=0.8787; val_specificity=0.8915
2026-03-26 15:50:01,823 - NEW BEST @ epoch 5: train_auc=0.9666, val_auc=0.9615, val_aupr=0.8612, val_precision=0.6603, val_sensitivity=0.8388; val_specificity=0.9137
2026-03-26 15:53:43,668 - NEW BEST @ epoch 6: train_auc=0.9735, val_auc=0.9679, val_aupr=0.8788, val_precision=0.7335, val_sensitivity=0.8111; val_specificity=0.9411
2026-03-26 15:57:19,737 - NEW BEST @ epoch 7: train_auc=0.9761, val_auc=0.9707, val_aupr=0.8895, val_precision=0.7381, val_sensitivity=0.8302; val_specificity=0.9411
2026-03-26 16:00:55,465 - NEW BEST @ epoch 8: train_auc=0.9818, val_auc=0.9730, val_aupr=0.8955, val_precision=0.7363, val_sensitivity=0.8614; val_specificity=0.9383
2026-03-26 16:04:32,016 - NEW BEST @ epoch 9: train_auc=0.9855, val_auc=0.9768, val_aupr=0.9092, val_precision=0.7749, val_sensitivity=0.8354; val_specificity=0.9515
2026-03-26 16:11:42,135 - NEW BEST @ epoch 11: train_auc=0.9895, val_auc=0.9811, val_aupr=0.9244, val_precision=0.8103, val_sensitivity=0.8440; val_specificity=0.9605
2026-03-26 16:18:49,208 - NEW BEST @ epoch 13: train_auc=0.9930, val_auc=0.9851, val_aupr=0.9391, val_precision=0.8594, val_sensitivity=0.8475; val_specificity=0.9723
2026-03-26 16:29:38,464 - NEW BEST @ epoch 16: train_auc=0.9960, val_auc=0.9877, val_aupr=0.9518, val_precision=0.8827, val_sensitivity=0.8475; val_specificity=0.9775
2026-03-26 16:44:00,492 - NEW BEST @ epoch 20: train_auc=0.9977, val_auc=0.9899, val_aupr=0.9614, val_precision=0.8883, val_sensitivity=0.8683; val_specificity=0.9782
2026-03-26 17:38:45,296 - MolecularDataset hyperparamets -> dataset=dataset1, trategy=conditional, aug train=False, aug eval=False
2026-03-26 17:38:55,353 - Test Loss: 0.6528
2026-03-26 17:38:55,353 - Test AUC: 0.9235
2026-03-26 17:38:55,353 - Test AUPR: 0.8796
2026-03-26 17:38:55,353 - Test Precision: 0.9672
2026-03-26 17:38:55,353 - Test Sensitivity (Recall): 0.2757
2026-03-26 17:38:55,353 - Test Specificity: 0.9922
2026-03-26 17:38:55,362 - ---- Start Training & Testing Fold 4 ----
2026-03-26 17:38:55,363 - experiment 1 ...
2026-03-26 17:38:55,366 - --- Executing CV with scaffold split with hyperparameters: use_struct=True, save_probs=False, seed=42 ...
2026-03-26 17:38:55,366 - Dataset path -> datasets/multi_ppimi_s4_tests_splits_with_my_train
2026-03-26 17:38:55,426 - Initialized model | excluded=None | mlp_dropout=0.3 | head_dropout=0.3 | self_attn_dropout=0.0 | join_attn_feat=ppiformer | compound_dim=128 | compound_proj_dim=256 | ppi_fuse_setting=gate | head_fuse=cat | proj_feat=True
2026-03-26 17:38:55,430 - Excluded modalities: []
2026-03-26 17:38:55,451 - Active modalities: ['esm', 'fegs', 'gae']
2026-03-26 17:39:14,056 - MolecularDataset hyperparamets -> dataset=dataset1, trategy=conditional, aug train=False, aug eval=False
2026-03-26 17:39:21,425 - MolecularDataset hyperparamets -> dataset=dataset1, trategy=conditional, aug train=False, aug eval=False
2026-03-26 17:39:26,318 - MolecularDataset hyperparamets -> dataset=dataset1, trategy=conditional, aug train=False, aug eval=False
2026-03-26 17:39:39,403 - ---- train loader size -> 45126, val loader size 2376 ----
2026-03-26 17:42:06,324 - NEW BEST @ epoch 1: train_auc=0.6868, val_auc=0.7806, val_aupr=0.5354, val_precision=0.3003, val_sensitivity=0.7500; val_specificity=0.6505
2026-03-26 17:44:33,532 - NEW BEST @ epoch 2: train_auc=0.8366, val_auc=0.8540, val_aupr=0.6418, val_precision=0.3682, val_sensitivity=0.7904; val_specificity=0.7288
2026-03-26 17:47:01,511 - NEW BEST @ epoch 3: train_auc=0.8900, val_auc=0.8783, val_aupr=0.6673, val_precision=0.4247, val_sensitivity=0.7904; val_specificity=0.7859
2026-03-26 17:49:29,218 - NEW BEST @ epoch 4: train_auc=0.9115, val_auc=0.9078, val_aupr=0.7257, val_precision=0.4422, val_sensitivity=0.8409; val_specificity=0.7879
2026-03-26 17:51:57,204 - NEW BEST @ epoch 5: train_auc=0.9293, val_auc=0.9139, val_aupr=0.7419, val_precision=0.4932, val_sensitivity=0.8232; val_specificity=0.8308
2026-03-26 17:54:26,292 - NEW BEST @ epoch 6: train_auc=0.9386, val_auc=0.9196, val_aupr=0.7546, val_precision=0.5262, val_sensitivity=0.8106; val_specificity=0.8540
2026-03-26 17:56:56,330 - NEW BEST @ epoch 7: train_auc=0.9493, val_auc=0.9323, val_aupr=0.7843, val_precision=0.5525, val_sensitivity=0.8232; val_specificity=0.8667
2026-03-26 17:59:27,904 - NEW BEST @ epoch 8: train_auc=0.9535, val_auc=0.9377, val_aupr=0.8021, val_precision=0.6119, val_sensitivity=0.7803; val_specificity=0.9010
2026-03-26 18:01:58,205 - NEW BEST @ epoch 9: train_auc=0.9591, val_auc=0.9486, val_aupr=0.8265, val_precision=0.6961, val_sensitivity=0.7753; val_specificity=0.9323
2026-03-26 18:06:51,824 - NEW BEST @ epoch 11: train_auc=0.9692, val_auc=0.9536, val_aupr=0.8433, val_precision=0.7392, val_sensitivity=0.7374; val_specificity=0.9480
2026-03-26 18:09:18,595 - NEW BEST @ epoch 12: train_auc=0.9729, val_auc=0.9568, val_aupr=0.8512, val_precision=0.7558, val_sensitivity=0.7424; val_specificity=0.9520
2026-03-26 18:11:45,748 - NEW BEST @ epoch 13: train_auc=0.9764, val_auc=0.9615, val_aupr=0.8641, val_precision=0.7880, val_sensitivity=0.7323; val_specificity=0.9606
2026-03-26 18:14:12,320 - NEW BEST @ epoch 14: train_auc=0.9786, val_auc=0.9656, val_aupr=0.8763, val_precision=0.7947, val_sensitivity=0.7525; val_specificity=0.9611
2026-03-26 18:19:05,476 - NEW BEST @ epoch 16: train_auc=0.9840, val_auc=0.9695, val_aupr=0.8878, val_precision=0.8125, val_sensitivity=0.7551; val_specificity=0.9652
2026-03-26 18:26:27,747 - NEW BEST @ epoch 19: train_auc=0.9899, val_auc=0.9734, val_aupr=0.9012, val_precision=0.8329, val_sensitivity=0.7677; val_specificity=0.9692
2026-03-26 18:43:44,340 - NEW BEST @ epoch 26: train_auc=0.9954, val_auc=0.9757, val_aupr=0.9114, val_precision=0.8511, val_sensitivity=0.7652; val_specificity=0.9732
2026-03-26 18:48:37,434 - NEW BEST @ epoch 28: train_auc=0.9960, val_auc=0.9779, val_aupr=0.9147, val_precision=0.8584, val_sensitivity=0.7652; val_specificity=0.9747
2026-03-26 19:25:59,822 - MolecularDataset hyperparamets -> dataset=dataset1, trategy=conditional, aug train=False, aug eval=False
2026-03-26 19:26:21,618 - Test Loss: 0.4631
2026-03-26 19:26:21,618 - Test AUC: 0.9340
2026-03-26 19:26:21,618 - Test AUPR: 0.8614
2026-03-26 19:26:21,618 - Test Precision: 0.8972
2026-03-26 19:26:21,618 - Test Sensitivity (Recall): 0.5881
2026-03-26 19:26:21,618 - Test Specificity: 0.9508
2026-03-26 19:26:21,627 - ---- Start Training & Testing Fold 5 ----
2026-03-26 19:26:21,628 - experiment 1 ...
2026-03-26 19:26:21,631 - --- Executing CV with scaffold split with hyperparameters: use_struct=True, save_probs=False, seed=42 ...
2026-03-26 19:26:21,631 - Dataset path -> datasets/multi_ppimi_s4_tests_splits_with_my_train
2026-03-26 19:26:21,705 - Initialized model | excluded=None | mlp_dropout=0.3 | head_dropout=0.3 | self_attn_dropout=0.0 | join_attn_feat=ppiformer | compound_dim=128 | compound_proj_dim=256 | ppi_fuse_setting=gate | head_fuse=cat | proj_feat=True
2026-03-26 19:26:21,710 - Excluded modalities: []
2026-03-26 19:26:21,731 - Active modalities: ['esm', 'fegs', 'gae']
2026-03-26 19:26:44,657 - MolecularDataset hyperparamets -> dataset=dataset1, trategy=conditional, aug train=False, aug eval=False
2026-03-26 19:26:51,541 - MolecularDataset hyperparamets -> dataset=dataset1, trategy=conditional, aug train=False, aug eval=False
2026-03-26 19:26:56,328 - MolecularDataset hyperparamets -> dataset=dataset1, trategy=conditional, aug train=False, aug eval=False
2026-03-26 19:27:01,155 - ---- train loader size -> 53418, val loader size 2814 ----
2026-03-26 19:29:55,932 - NEW BEST @ epoch 1: train_auc=0.7529, val_auc=0.8589, val_aupr=0.6912, val_precision=0.3412, val_sensitivity=0.8358; val_specificity=0.6772
2026-03-26 19:32:53,707 - NEW BEST @ epoch 2: train_auc=0.8977, val_auc=0.9178, val_aupr=0.7749, val_precision=0.4498, val_sensitivity=0.8593; val_specificity=0.7898
2026-03-26 19:35:54,124 - NEW BEST @ epoch 3: train_auc=0.9348, val_auc=0.9335, val_aupr=0.7961, val_precision=0.5257, val_sensitivity=0.8507; val_specificity=0.8465
2026-03-26 19:38:53,192 - NEW BEST @ epoch 4: train_auc=0.9491, val_auc=0.9474, val_aupr=0.8272, val_precision=0.5720, val_sensitivity=0.8806; val_specificity=0.8682
2026-03-26 19:41:49,925 - NEW BEST @ epoch 5: train_auc=0.9620, val_auc=0.9555, val_aupr=0.8524, val_precision=0.6053, val_sensitivity=0.8763; val_specificity=0.8857
2026-03-26 19:44:44,213 - NEW BEST @ epoch 6: train_auc=0.9689, val_auc=0.9625, val_aupr=0.8709, val_precision=0.6934, val_sensitivity=0.8294; val_specificity=0.9267
2026-03-26 19:47:40,840 - NEW BEST @ epoch 7: train_auc=0.9742, val_auc=0.9675, val_aupr=0.8859, val_precision=0.7453, val_sensitivity=0.8486; val_specificity=0.9420
2026-03-26 19:50:38,705 - NEW BEST @ epoch 8: train_auc=0.9785, val_auc=0.9723, val_aupr=0.9028, val_precision=0.7469, val_sensitivity=0.8870; val_specificity=0.9399
2026-03-26 19:56:32,401 - NEW BEST @ epoch 10: train_auc=0.9853, val_auc=0.9764, val_aupr=0.9177, val_precision=0.7949, val_sensitivity=0.8678; val_specificity=0.9552
2026-03-26 19:59:28,315 - NEW BEST @ epoch 11: train_auc=0.9881, val_auc=0.9807, val_aupr=0.9343, val_precision=0.8556, val_sensitivity=0.8465; val_specificity=0.9714
2026-03-26 20:05:20,871 - NEW BEST @ epoch 13: train_auc=0.9912, val_auc=0.9839, val_aupr=0.9459, val_precision=0.8851, val_sensitivity=0.8380; val_specificity=0.9783
2026-03-26 20:08:21,269 - NEW BEST @ epoch 14: train_auc=0.9933, val_auc=0.9860, val_aupr=0.9537, val_precision=0.8855, val_sensitivity=0.8742; val_specificity=0.9774
2026-03-26 20:17:10,974 - NEW BEST @ epoch 17: train_auc=0.9957, val_auc=0.9882, val_aupr=0.9670, val_precision=0.9333, val_sensitivity=0.8955; val_specificity=0.9872
2026-03-26 20:23:05,667 - NEW BEST @ epoch 19: train_auc=0.9973, val_auc=0.9911, val_aupr=0.9732, val_precision=0.9319, val_sensitivity=0.9041; val_specificity=0.9868
2026-03-26 21:01:22,849 - NEW BEST @ epoch 32: train_auc=0.9996, val_auc=0.9936, val_aupr=0.9805, val_precision=0.9527, val_sensitivity=0.9446; val_specificity=0.9906
2026-03-26 21:46:06,273 - MolecularDataset hyperparamets -> dataset=dataset1, trategy=conditional, aug train=False, aug eval=False
2026-03-26 21:46:26,932 - Test Loss: 1.0502
2026-03-26 21:46:26,932 - Test AUC: 0.7903
2026-03-26 21:46:26,932 - Test AUPR: 0.7791
2026-03-26 21:46:26,932 - Test Precision: 0.8986
2026-03-26 21:46:26,932 - Test Sensitivity (Recall): 0.1732
2026-03-26 21:46:26,932 - Test Specificity: 0.9789
2026-03-26 21:46:26,951 - Saved/updated summary to: results/result_tables/final_results/hyperparam_search_2503.csv
2026-03-26 21:46:26,951 - [2503@j2] Running hyperparameter set 2/12 | lr=1e-05 | weight_decay=0.001 | mlp_dropout=0.3 | head_dropout=0.3 | self_attn_dropout=0.0 | compound_proj_dim=256 | ppi_fuse_setting=gate | head_fuse=cat | proj_feat=False
2026-03-26 21:46:26,951 - ---- Start Training & Testing Fold 1 ----
2026-03-26 21:46:26,951 - experiment 1 ...
2026-03-26 21:46:26,953 - --- Executing CV with scaffold split with hyperparameters: use_struct=True, save_probs=False, seed=42 ...
2026-03-26 21:46:26,953 - Dataset path -> datasets/multi_ppimi_s4_tests_splits_with_my_train
2026-03-26 21:46:26,994 - Initialized model | excluded=None | mlp_dropout=0.3 | head_dropout=0.3 | self_attn_dropout=0.0 | join_attn_feat=ppiformer | compound_dim=128 | compound_proj_dim=256 | ppi_fuse_setting=gate | head_fuse=cat | proj_feat=False
2026-03-26 21:46:26,999 - Excluded modalities: []
2026-03-26 21:46:27,044 - Active modalities: ['esm', 'fegs', 'gae']
2026-03-26 21:46:52,261 - MolecularDataset hyperparamets -> dataset=dataset1, trategy=conditional, aug train=False, aug eval=False
2026-03-26 21:47:00,559 - MolecularDataset hyperparamets -> dataset=dataset1, trategy=conditional, aug train=False, aug eval=False
2026-03-26 21:47:05,387 - MolecularDataset hyperparamets -> dataset=dataset1, trategy=conditional, aug train=False, aug eval=False
2026-03-26 21:47:10,255 - ---- train loader size -> 62190, val loader size 3276 ----
2026-03-26 21:50:32,514 - NEW BEST @ epoch 1: train_auc=0.7337, val_auc=0.8210, val_aupr=0.5902, val_precision=0.3071, val_sensitivity=0.8223; val_specificity=0.6289
2026-03-26 21:53:53,250 - NEW BEST @ epoch 2: train_auc=0.8904, val_auc=0.9033, val_aupr=0.7121, val_precision=0.4191, val_sensitivity=0.8590; val_specificity=0.7619
2026-03-26 21:57:15,336 - NEW BEST @ epoch 3: train_auc=0.9278, val_auc=0.9193, val_aupr=0.7424, val_precision=0.4928, val_sensitivity=0.8150; val_specificity=0.8322
2026-03-26 22:00:38,145 - NEW BEST @ epoch 4: train_auc=0.9449, val_auc=0.9319, val_aupr=0.7701, val_precision=0.5347, val_sensitivity=0.8187; val_specificity=0.8575
2026-03-26 22:03:59,555 - NEW BEST @ epoch 5: train_auc=0.9556, val_auc=0.9464, val_aupr=0.8076, val_precision=0.6152, val_sensitivity=0.8168; val_specificity=0.8978
2026-03-26 22:07:21,709 - NEW BEST @ epoch 6: train_auc=0.9658, val_auc=0.9550, val_aupr=0.8318, val_precision=0.6408, val_sensitivity=0.8168; val_specificity=0.9084
2026-03-26 22:10:43,415 - NEW BEST @ epoch 7: train_auc=0.9730, val_auc=0.9591, val_aupr=0.8470, val_precision=0.6329, val_sensitivity=0.8242; val_specificity=0.9044
2026-03-26 22:14:08,011 - NEW BEST @ epoch 8: train_auc=0.9777, val_auc=0.9627, val_aupr=0.8590, val_precision=0.6883, val_sensitivity=0.7967; val_specificity=0.9278
2026-03-26 22:17:31,826 - NEW BEST @ epoch 9: train_auc=0.9824, val_auc=0.9687, val_aupr=0.8776, val_precision=0.7224, val_sensitivity=0.7912; val_specificity=0.9392
2026-03-26 22:20:53,746 - NEW BEST @ epoch 10: train_auc=0.9853, val_auc=0.9730, val_aupr=0.8922, val_precision=0.7667, val_sensitivity=0.8004; val_specificity=0.9513
2026-03-26 22:24:16,218 - NEW BEST @ epoch 11: train_auc=0.9874, val_auc=0.9752, val_aupr=0.8992, val_precision=0.7572, val_sensitivity=0.8223; val_specificity=0.9473
2026-03-26 22:31:03,743 - NEW BEST @ epoch 13: train_auc=0.9905, val_auc=0.9781, val_aupr=0.9091, val_precision=0.8004, val_sensitivity=0.8297; val_specificity=0.9586
2026-03-26 22:34:27,610 - NEW BEST @ epoch 14: train_auc=0.9922, val_auc=0.9807, val_aupr=0.9180, val_precision=0.8151, val_sensitivity=0.8315; val_specificity=0.9623
2026-03-26 22:44:40,258 - NEW BEST @ epoch 17: train_auc=0.9947, val_auc=0.9850, val_aupr=0.9341, val_precision=0.8434, val_sensitivity=0.8681; val_specificity=0.9678
2026-03-26 23:01:37,407 - NEW BEST @ epoch 22: train_auc=0.9970, val_auc=0.9875, val_aupr=0.9462, val_precision=0.8696, val_sensitivity=0.8791; val_specificity=0.9736
2026-03-26 23:42:10,080 - NEW BEST @ epoch 34: train_auc=0.9991, val_auc=0.9900, val_aupr=0.9575, val_precision=0.8877, val_sensitivity=0.8828; val_specificity=0.9777
2026-03-27 00:33:52,287 - MolecularDataset hyperparamets -> dataset=dataset1, trategy=conditional, aug train=False, aug eval=False
2026-03-27 00:34:03,841 - Test Loss: 1.5344
2026-03-27 00:34:03,841 - Test AUC: 0.9094
2026-03-27 00:34:03,841 - Test AUPR: 0.8387
2026-03-27 00:34:03,841 - Test Precision: 0.0000
2026-03-27 00:34:03,841 - Test Sensitivity (Recall): 0.0000
2026-03-27 00:34:03,841 - Test Specificity: 0.9937
2026-03-27 00:34:03,850 - ---- Start Training & Testing Fold 2 ----
2026-03-27 00:34:03,850 - experiment 1 ...
2026-03-27 00:34:03,853 - --- Executing CV with scaffold split with hyperparameters: use_struct=True, save_probs=False, seed=42 ...
2026-03-27 00:34:03,853 - Dataset path -> datasets/multi_ppimi_s4_tests_splits_with_my_train
2026-03-27 00:34:03,895 - Initialized model | excluded=None | mlp_dropout=0.3 | head_dropout=0.3 | self_attn_dropout=0.0 | join_attn_feat=ppiformer | compound_dim=128 | compound_proj_dim=256 | ppi_fuse_setting=gate | head_fuse=cat | proj_feat=False
2026-03-27 00:34:03,899 - Excluded modalities: []
2026-03-27 00:34:03,944 - Active modalities: ['esm', 'fegs', 'gae']
2026-03-27 00:34:32,622 - MolecularDataset hyperparamets -> dataset=dataset1, trategy=conditional, aug train=False, aug eval=False
2026-03-27 00:34:41,179 - MolecularDataset hyperparamets -> dataset=dataset1, trategy=conditional, aug train=False, aug eval=False
2026-03-27 00:34:46,148 - MolecularDataset hyperparamets -> dataset=dataset1, trategy=conditional, aug train=False, aug eval=False
2026-03-27 00:34:51,167 - ---- train loader size -> 68988, val loader size 3636 ----
2026-03-27 00:38:34,599 - NEW BEST @ epoch 1: train_auc=0.7314, val_auc=0.8247, val_aupr=0.6032, val_precision=0.3132, val_sensitivity=0.7937; val_specificity=0.6518
2026-03-27 00:42:18,778 - NEW BEST @ epoch 2: train_auc=0.8895, val_auc=0.8942, val_aupr=0.7107, val_precision=0.4078, val_sensitivity=0.8317; val_specificity=0.7584
2026-03-27 00:46:02,953 - NEW BEST @ epoch 3: train_auc=0.9336, val_auc=0.9249, val_aupr=0.7657, val_precision=0.5040, val_sensitivity=0.8350; val_specificity=0.8356
2026-03-27 00:49:48,003 - NEW BEST @ epoch 4: train_auc=0.9556, val_auc=0.9375, val_aupr=0.7967, val_precision=0.5397, val_sensitivity=0.8515; val_specificity=0.8548
2026-03-27 00:53:34,343 - NEW BEST @ epoch 5: train_auc=0.9668, val_auc=0.9526, val_aupr=0.8351, val_precision=0.5928, val_sensitivity=0.8746; val_specificity=0.8799
2026-03-27 00:57:25,118 - NEW BEST @ epoch 6: train_auc=0.9732, val_auc=0.9578, val_aupr=0.8527, val_precision=0.6400, val_sensitivity=0.8597; val_specificity=0.9033
2026-03-27 01:01:12,394 - NEW BEST @ epoch 7: train_auc=0.9785, val_auc=0.9606, val_aupr=0.8611, val_precision=0.6767, val_sensitivity=0.8498; val_specificity=0.9188
2026-03-27 01:04:58,087 - NEW BEST @ epoch 8: train_auc=0.9819, val_auc=0.9633, val_aupr=0.8704, val_precision=0.7108, val_sensitivity=0.8234; val_specificity=0.9330
2026-03-27 01:08:43,254 - NEW BEST @ epoch 9: train_auc=0.9860, val_auc=0.9661, val_aupr=0.8801, val_precision=0.7399, val_sensitivity=0.8449; val_specificity=0.9406
2026-03-27 01:12:26,962 - NEW BEST @ epoch 10: train_auc=0.9888, val_auc=0.9710, val_aupr=0.8924, val_precision=0.7705, val_sensitivity=0.8201; val_specificity=0.9512
2026-03-27 01:16:11,873 - NEW BEST @ epoch 11: train_auc=0.9906, val_auc=0.9749, val_aupr=0.9044, val_precision=0.7776, val_sensitivity=0.8366; val_specificity=0.9521
2026-03-27 01:19:56,577 - NEW BEST @ epoch 12: train_auc=0.9923, val_auc=0.9782, val_aupr=0.9156, val_precision=0.8235, val_sensitivity=0.8317; val_specificity=0.9644
2026-03-27 01:27:27,198 - NEW BEST @ epoch 14: train_auc=0.9950, val_auc=0.9818, val_aupr=0.9303, val_precision=0.8177, val_sensitivity=0.8515; val_specificity=0.9620
2026-03-27 01:38:47,054 - NEW BEST @ epoch 17: train_auc=0.9968, val_auc=0.9848, val_aupr=0.9425, val_precision=0.8600, val_sensitivity=0.8515; val_specificity=0.9723
2026-03-27 01:50:06,769 - NEW BEST @ epoch 20: train_auc=0.9979, val_auc=0.9870, val_aupr=0.9501, val_precision=0.8496, val_sensitivity=0.8762; val_specificity=0.9690
2026-03-27 03:08:57,620 - NEW BEST @ epoch 25: train_auc=0.9989, val_auc=0.9891, val_aupr=0.9584, val_precision=0.8560, val_sensitivity=0.8927; val_specificity=0.9700
2026-03-27 04:01:31,145 - NEW BEST @ epoch 39: train_auc=0.9998, val_auc=0.9914, val_aupr=0.9667, val_precision=0.9013, val_sensitivity=0.8894; val_specificity=0.9805
2026-03-27 04:58:34,573 - MolecularDataset hyperparamets -> dataset=dataset1, trategy=conditional, aug train=False, aug eval=False
2026-03-27 04:58:45,291 - Test Loss: 1.8609
2026-03-27 04:58:45,292 - Test AUC: 0.8705
2026-03-27 04:58:45,292 - Test AUPR: 0.8332
2026-03-27 04:58:45,292 - Test Precision: 0.6667
2026-03-27 04:58:45,292 - Test Sensitivity (Recall): 0.0492
2026-03-27 04:58:45,292 - Test Specificity: 0.9631
2026-03-27 04:58:45,302 - ---- Start Training & Testing Fold 3 ----
2026-03-27 04:58:45,302 - experiment 1 ...
2026-03-27 04:58:45,305 - --- Executing CV with scaffold split with hyperparameters: use_struct=True, save_probs=False, seed=42 ...
2026-03-27 04:58:45,305 - Dataset path -> datasets/multi_ppimi_s4_tests_splits_with_my_train
2026-03-27 04:58:45,345 - Initialized model | excluded=None | mlp_dropout=0.3 | head_dropout=0.3 | self_attn_dropout=0.0 | join_attn_feat=ppiformer | compound_dim=128 | compound_proj_dim=256 | ppi_fuse_setting=gate | head_fuse=cat | proj_feat=False
2026-03-27 04:58:45,349 - Excluded modalities: []
2026-03-27 04:58:45,395 - Active modalities: ['esm', 'fegs', 'gae']
2026-03-27 04:59:13,137 - MolecularDataset hyperparamets -> dataset=dataset1, trategy=conditional, aug train=False, aug eval=False
2026-03-27 04:59:21,539 - MolecularDataset hyperparamets -> dataset=dataset1, trategy=conditional, aug train=False, aug eval=False
2026-03-27 04:59:26,437 - MolecularDataset hyperparamets -> dataset=dataset1, trategy=conditional, aug train=False, aug eval=False
2026-03-27 04:59:31,432 - ---- train loader size -> 65748, val loader size 3462 ----
2026-03-27 05:03:04,931 - NEW BEST @ epoch 1: train_auc=0.7225, val_auc=0.8645, val_aupr=0.6735, val_precision=0.3291, val_sensitivity=0.8510; val_specificity=0.6530
2026-03-27 05:06:39,426 - NEW BEST @ epoch 2: train_auc=0.8837, val_auc=0.9218, val_aupr=0.7716, val_precision=0.4410, val_sensitivity=0.8804; val_specificity=0.7768
2026-03-27 05:10:17,870 - NEW BEST @ epoch 3: train_auc=0.9313, val_auc=0.9380, val_aupr=0.8019, val_precision=0.4748, val_sensitivity=0.8995; val_specificity=0.8010
2026-03-27 05:13:52,390 - NEW BEST @ epoch 4: train_auc=0.9499, val_auc=0.9529, val_aupr=0.8321, val_precision=0.5611, val_sensitivity=0.8995; val_specificity=0.8593
2026-03-27 05:17:24,768 - NEW BEST @ epoch 5: train_auc=0.9623, val_auc=0.9598, val_aupr=0.8568, val_precision=0.6127, val_sensitivity=0.8718; val_specificity=0.8898
2026-03-27 05:20:57,938 - NEW BEST @ epoch 6: train_auc=0.9697, val_auc=0.9639, val_aupr=0.8652, val_precision=0.6732, val_sensitivity=0.8354; val_specificity=0.9189
2026-03-27 05:24:33,509 - NEW BEST @ epoch 7: train_auc=0.9755, val_auc=0.9689, val_aupr=0.8834, val_precision=0.6976, val_sensitivity=0.8475; val_specificity=0.9265
2026-03-27 05:28:08,309 - NEW BEST @ epoch 8: train_auc=0.9795, val_auc=0.9731, val_aupr=0.8963, val_precision=0.7045, val_sensitivity=0.8718; val_specificity=0.9269
2026-03-27 05:31:43,305 - NEW BEST @ epoch 9: train_auc=0.9841, val_auc=0.9762, val_aupr=0.9061, val_precision=0.7367, val_sensitivity=0.8631; val_specificity=0.9383
2026-03-27 05:35:17,508 - NEW BEST @ epoch 10: train_auc=0.9869, val_auc=0.9783, val_aupr=0.9133, val_precision=0.7591, val_sensitivity=0.8631; val_specificity=0.9452
2026-03-27 05:38:55,708 - NEW BEST @ epoch 11: train_auc=0.9891, val_auc=0.9805, val_aupr=0.9209, val_precision=0.7876, val_sensitivity=0.8614; val_specificity=0.9536
2026-03-27 05:46:11,752 - NEW BEST @ epoch 13: train_auc=0.9919, val_auc=0.9833, val_aupr=0.9308, val_precision=0.8220, val_sensitivity=0.8562; val_specificity=0.9629
2026-03-27 05:49:45,743 - NEW BEST @ epoch 14: train_auc=0.9934, val_auc=0.9853, val_aupr=0.9411, val_precision=0.8372, val_sensitivity=0.8648; val_specificity=0.9664
2026-03-27 05:56:53,360 - NEW BEST @ epoch 16: train_auc=0.9953, val_auc=0.9882, val_aupr=0.9529, val_precision=0.8719, val_sensitivity=0.8614; val_specificity=0.9747
2026-03-27 06:11:11,207 - NEW BEST @ epoch 20: train_auc=0.9973, val_auc=0.9906, val_aupr=0.9621, val_precision=0.8918, val_sensitivity=0.8718; val_specificity=0.9789
2026-03-27 06:36:08,967 - NEW BEST @ epoch 27: train_auc=0.9988, val_auc=0.9926, val_aupr=0.9697, val_precision=0.8953, val_sensitivity=0.8891; val_specificity=0.9792
2026-03-27 07:30:17,237 - MolecularDataset hyperparamets -> dataset=dataset1, trategy=conditional, aug train=False, aug eval=False
2026-03-27 07:30:27,367 - Test Loss: 0.8515
2026-03-27 07:30:27,367 - Test AUC: 0.9074
2026-03-27 07:30:27,367 - Test AUPR: 0.8785
2026-03-27 07:30:27,367 - Test Precision: 0.9672
2026-03-27 07:30:27,367 - Test Sensitivity (Recall): 0.2757
2026-03-27 07:30:27,367 - Test Specificity: 0.9922
2026-03-27 07:30:27,376 - ---- Start Training & Testing Fold 4 ----
2026-03-27 07:30:27,377 - experiment 1 ...
2026-03-27 07:30:27,380 - --- Executing CV with scaffold split with hyperparameters: use_struct=True, save_probs=False, seed=42 ...
2026-03-27 07:30:27,380 - Dataset path -> datasets/multi_ppimi_s4_tests_splits_with_my_train
2026-03-27 07:30:27,408 - Initialized model | excluded=None | mlp_dropout=0.3 | head_dropout=0.3 | self_attn_dropout=0.0 | join_attn_feat=ppiformer | compound_dim=128 | compound_proj_dim=256 | ppi_fuse_setting=gate | head_fuse=cat | proj_feat=False
2026-03-27 07:30:27,413 - Excluded modalities: []
2026-03-27 07:30:27,459 - Active modalities: ['esm', 'fegs', 'gae']
2026-03-27 07:30:46,101 - MolecularDataset hyperparamets -> dataset=dataset1, trategy=conditional, aug train=False, aug eval=False
2026-03-27 07:30:53,425 - MolecularDataset hyperparamets -> dataset=dataset1, trategy=conditional, aug train=False, aug eval=False
2026-03-27 07:30:58,349 - MolecularDataset hyperparamets -> dataset=dataset1, trategy=conditional, aug train=False, aug eval=False
2026-03-27 07:31:03,263 - ---- train loader size -> 45126, val loader size 2376 ----
2026-03-27 07:33:29,424 - NEW BEST @ epoch 1: train_auc=0.6383, val_auc=0.7641, val_aupr=0.5006, val_precision=0.2652, val_sensitivity=0.8056; val_specificity=0.5535
2026-03-27 07:35:57,210 - NEW BEST @ epoch 2: train_auc=0.7989, val_auc=0.8497, val_aupr=0.6161, val_precision=0.3467, val_sensitivity=0.8308; val_specificity=0.6869
2026-03-27 07:38:23,569 - NEW BEST @ epoch 3: train_auc=0.8671, val_auc=0.8780, val_aupr=0.6561, val_precision=0.4066, val_sensitivity=0.8131; val_specificity=0.7626
2026-03-27 07:40:50,354 - NEW BEST @ epoch 4: train_auc=0.8938, val_auc=0.9048, val_aupr=0.7101, val_precision=0.4342, val_sensitivity=0.8662; val_specificity=0.7742
2026-03-27 07:43:18,542 - NEW BEST @ epoch 5: train_auc=0.9148, val_auc=0.9106, val_aupr=0.7248, val_precision=0.4946, val_sensitivity=0.8131; val_specificity=0.8338
2026-03-27 07:45:46,137 - NEW BEST @ epoch 6: train_auc=0.9283, val_auc=0.9233, val_aupr=0.7548, val_precision=0.5083, val_sensitivity=0.8485; val_specificity=0.8359
2026-03-27 07:48:15,366 - NEW BEST @ epoch 7: train_auc=0.9381, val_auc=0.9365, val_aupr=0.7852, val_precision=0.5477, val_sensitivity=0.8561; val_specificity=0.8586
2026-03-27 07:53:09,702 - NEW BEST @ epoch 9: train_auc=0.9536, val_auc=0.9453, val_aupr=0.8119, val_precision=0.6534, val_sensitivity=0.7904; val_specificity=0.9162
2026-03-27 07:58:03,110 - NEW BEST @ epoch 11: train_auc=0.9649, val_auc=0.9531, val_aupr=0.8392, val_precision=0.7094, val_sensitivity=0.7828; val_specificity=0.9359
2026-03-27 08:02:56,939 - NEW BEST @ epoch 13: train_auc=0.9725, val_auc=0.9585, val_aupr=0.8533, val_precision=0.7585, val_sensitivity=0.7854; val_specificity=0.9500
2026-03-27 08:05:23,721 - NEW BEST @ epoch 14: train_auc=0.9755, val_auc=0.9622, val_aupr=0.8632, val_precision=0.7524, val_sensitivity=0.7980; val_specificity=0.9475
2026-03-27 08:10:18,042 - NEW BEST @ epoch 16: train_auc=0.9813, val_auc=0.9645, val_aupr=0.8727, val_precision=0.7823, val_sensitivity=0.7803; val_specificity=0.9566
2026-03-27 08:15:13,697 - NEW BEST @ epoch 18: train_auc=0.9859, val_auc=0.9683, val_aupr=0.8851, val_precision=0.8189, val_sensitivity=0.7652; val_specificity=0.9662
2026-03-27 08:17:42,185 - NEW BEST @ epoch 19: train_auc=0.9874, val_auc=0.9711, val_aupr=0.8925, val_precision=0.7884, val_sensitivity=0.7904; val_specificity=0.9576
2026-03-27 08:27:29,737 - NEW BEST @ epoch 23: train_auc=0.9923, val_auc=0.9754, val_aupr=0.9068, val_precision=0.8307, val_sensitivity=0.7929; val_specificity=0.9677
2026-03-27 08:37:19,286 - NEW BEST @ epoch 27: train_auc=0.9949, val_auc=0.9775, val_aupr=0.9140, val_precision=0.8543, val_sensitivity=0.7551; val_specificity=0.9742
2026-03-27 09:15:55,594 - MolecularDataset hyperparamets -> dataset=dataset1, trategy=conditional, aug train=False, aug eval=False
2026-03-27 09:16:17,674 - Test Loss: 0.4367
2026-03-27 09:16:17,674 - Test AUC: 0.9461
2026-03-27 09:16:17,675 - Test AUPR: 0.8725
2026-03-27 09:16:17,675 - Test Precision: 0.9126
2026-03-27 09:16:17,675 - Test Sensitivity (Recall): 0.6233
2026-03-27 09:16:17,675 - Test Specificity: 0.9564
2026-03-27 09:16:17,684 - ---- Start Training & Testing Fold 5 ----
2026-03-27 09:16:17,684 - experiment 1 ...
2026-03-27 09:16:17,687 - --- Executing CV with scaffold split with hyperparameters: use_struct=True, save_probs=False, seed=42 ...
2026-03-27 09:16:17,687 - Dataset path -> datasets/multi_ppimi_s4_tests_splits_with_my_train
2026-03-27 09:16:17,721 - Initialized model | excluded=None | mlp_dropout=0.3 | head_dropout=0.3 | self_attn_dropout=0.0 | join_attn_feat=ppiformer | compound_dim=128 | compound_proj_dim=256 | ppi_fuse_setting=gate | head_fuse=cat | proj_feat=False
2026-03-27 09:16:17,726 - Excluded modalities: []
2026-03-27 09:16:17,771 - Active modalities: ['esm', 'fegs', 'gae']
2026-03-27 09:16:41,497 - MolecularDataset hyperparamets -> dataset=dataset1, trategy=conditional, aug train=False, aug eval=False
2026-03-27 09:16:48,553 - MolecularDataset hyperparamets -> dataset=dataset1, trategy=conditional, aug train=False, aug eval=False
2026-03-27 09:16:53,517 - MolecularDataset hyperparamets -> dataset=dataset1, trategy=conditional, aug train=False, aug eval=False
2026-03-27 09:16:58,452 - ---- train loader size -> 53418, val loader size 2814 ----
2026-03-27 09:20:05,955 - NEW BEST @ epoch 1: train_auc=0.6960, val_auc=0.8370, val_aupr=0.6660, val_precision=0.2995, val_sensitivity=0.8507; val_specificity=0.6021
2026-03-27 09:23:14,348 - NEW BEST @ epoch 2: train_auc=0.8711, val_auc=0.9096, val_aupr=0.7516, val_precision=0.4107, val_sensitivity=0.8827; val_specificity=0.7467
2026-03-27 09:26:22,699 - NEW BEST @ epoch 3: train_auc=0.9238, val_auc=0.9293, val_aupr=0.7812, val_precision=0.4775, val_sensitivity=0.8827; val_specificity=0.8068
2026-03-27 09:29:30,602 - NEW BEST @ epoch 4: train_auc=0.9434, val_auc=0.9445, val_aupr=0.8151, val_precision=0.5323, val_sensitivity=0.8785; val_specificity=0.8456
2026-03-27 09:32:38,705 - NEW BEST @ epoch 5: train_auc=0.9548, val_auc=0.9525, val_aupr=0.8386, val_precision=0.5659, val_sensitivity=0.8785; val_specificity=0.8652
2026-03-27 09:35:47,115 - NEW BEST @ epoch 6: train_auc=0.9637, val_auc=0.9578, val_aupr=0.8511, val_precision=0.6367, val_sensitivity=0.8443; val_specificity=0.9036
2026-03-27 09:38:55,224 - NEW BEST @ epoch 7: train_auc=0.9707, val_auc=0.9623, val_aupr=0.8656, val_precision=0.6718, val_sensitivity=0.8337; val_specificity=0.9186
2026-03-27 09:42:02,830 - NEW BEST @ epoch 8: train_auc=0.9740, val_auc=0.9675, val_aupr=0.8843, val_precision=0.6721, val_sensitivity=0.8785; val_specificity=0.9143
2026-03-27 09:48:18,558 - NEW BEST @ epoch 10: train_auc=0.9830, val_auc=0.9739, val_aupr=0.9064, val_precision=0.7350, val_sensitivity=0.8870; val_specificity=0.9360
2026-03-27 09:51:26,794 - NEW BEST @ epoch 11: train_auc=0.9854, val_auc=0.9774, val_aupr=0.9216, val_precision=0.7792, val_sensitivity=0.8806; val_specificity=0.9501
2026-03-27 09:57:43,019 - NEW BEST @ epoch 13: train_auc=0.9899, val_auc=0.9812, val_aupr=0.9350, val_precision=0.8323, val_sensitivity=0.8678; val_specificity=0.9650
2026-03-27 10:00:50,888 - NEW BEST @ epoch 14: train_auc=0.9918, val_auc=0.9841, val_aupr=0.9452, val_precision=0.7952, val_sensitivity=0.9190; val_specificity=0.9527
2026-03-27 10:07:07,663 - NEW BEST @ epoch 16: train_auc=0.9939, val_auc=0.9864, val_aupr=0.9539, val_precision=0.8431, val_sensitivity=0.9168; val_specificity=0.9659
2026-03-27 10:13:23,830 - NEW BEST @ epoch 18: train_auc=0.9957, val_auc=0.9889, val_aupr=0.9662, val_precision=0.8834, val_sensitivity=0.9211; val_specificity=0.9757
2026-03-27 10:25:56,784 - NEW BEST @ epoch 22: train_auc=0.9976, val_auc=0.9915, val_aupr=0.9729, val_precision=0.9025, val_sensitivity=0.9275; val_specificity=0.9800
2026-03-27 10:47:41,090 - NEW BEST @ epoch 29: train_auc=0.9992, val_auc=0.9937, val_aupr=0.9812, val_precision=0.9287, val_sensitivity=0.9446; val_specificity=0.9855
2026-03-27 11:24:57,393 - NEW BEST @ epoch 41: train_auc=0.9997, val_auc=0.9958, val_aupr=0.9850, val_precision=0.9648, val_sensitivity=0.9360; val_specificity=0.9932
2026-03-27 12:11:27,340 - MolecularDataset hyperparamets -> dataset=dataset1, trategy=conditional, aug train=False, aug eval=False
2026-03-27 12:11:48,381 - Test Loss: 0.8175
2026-03-27 12:11:48,381 - Test AUC: 0.8554
2026-03-27 12:11:48,381 - Test AUPR: 0.8495
2026-03-27 12:11:48,381 - Test Precision: 0.9094
2026-03-27 12:11:48,381 - Test Sensitivity (Recall): 0.3268
2026-03-27 12:11:48,381 - Test Specificity: 0.9648
2026-03-27 12:11:48,398 - Saved/updated summary to: results/result_tables/final_results/hyperparam_search_2503.csv
2026-03-27 12:11:48,398 - [2503@j2] Running hyperparameter set 3/12 | lr=1e-05 | weight_decay=0.0001 | mlp_dropout=0.3 | head_dropout=0.3 | self_attn_dropout=0.0 | compound_proj_dim=256 | ppi_fuse_setting=gate | head_fuse=cat | proj_feat=True
2026-03-27 12:11:48,398 - ---- Start Training & Testing Fold 1 ----
2026-03-27 12:11:48,398 - experiment 1 ...
2026-03-27 12:11:48,401 - --- Executing CV with scaffold split with hyperparameters: use_struct=True, save_probs=False, seed=42 ...
2026-03-27 12:11:48,401 - Dataset path -> datasets/multi_ppimi_s4_tests_splits_with_my_train
2026-03-27 12:11:48,442 - Initialized model | excluded=None | mlp_dropout=0.3 | head_dropout=0.3 | self_attn_dropout=0.0 | join_attn_feat=ppiformer | compound_dim=128 | compound_proj_dim=256 | ppi_fuse_setting=gate | head_fuse=cat | proj_feat=True
2026-03-27 12:11:48,447 - Excluded modalities: []
2026-03-27 12:11:48,468 - Active modalities: ['esm', 'fegs', 'gae']
2026-03-27 12:12:14,474 - MolecularDataset hyperparamets -> dataset=dataset1, trategy=conditional, aug train=False, aug eval=False
2026-03-27 12:12:22,827 - MolecularDataset hyperparamets -> dataset=dataset1, trategy=conditional, aug train=False, aug eval=False
2026-03-27 12:12:27,836 - MolecularDataset hyperparamets -> dataset=dataset1, trategy=conditional, aug train=False, aug eval=False
2026-03-27 12:12:32,833 - ---- train loader size -> 62190, val loader size 3276 ----
2026-03-27 12:15:57,508 - NEW BEST @ epoch 1: train_auc=0.7876, val_auc=0.8410, val_aupr=0.6325, val_precision=0.3475, val_sensitivity=0.7912; val_specificity=0.7029
2026-03-27 12:19:24,277 - NEW BEST @ epoch 2: train_auc=0.9087, val_auc=0.9072, val_aupr=0.7315, val_precision=0.4479, val_sensitivity=0.8114; val_specificity=0.8000
2026-03-27 12:22:51,991 - NEW BEST @ epoch 3: train_auc=0.9380, val_auc=0.9325, val_aupr=0.7810, val_precision=0.5610, val_sensitivity=0.7912; val_specificity=0.8762
2026-03-27 12:26:20,076 - NEW BEST @ epoch 4: train_auc=0.9516, val_auc=0.9430, val_aupr=0.8021, val_precision=0.5798, val_sensitivity=0.8114; val_specificity=0.8824
2026-03-27 12:29:44,491 - NEW BEST @ epoch 5: train_auc=0.9599, val_auc=0.9543, val_aupr=0.8329, val_precision=0.6595, val_sensitivity=0.7875; val_specificity=0.9187
2026-03-27 12:33:09,428 - NEW BEST @ epoch 6: train_auc=0.9690, val_auc=0.9615, val_aupr=0.8518, val_precision=0.6850, val_sensitivity=0.7967; val_specificity=0.9267
2026-03-27 12:36:35,850 - NEW BEST @ epoch 7: train_auc=0.9753, val_auc=0.9654, val_aupr=0.8658, val_precision=0.6860, val_sensitivity=0.8443; val_specificity=0.9227
2026-03-27 12:40:02,970 - NEW BEST @ epoch 8: train_auc=0.9796, val_auc=0.9682, val_aupr=0.8772, val_precision=0.7474, val_sensitivity=0.8022; val_specificity=0.9458
2026-03-27 12:43:30,756 - NEW BEST @ epoch 9: train_auc=0.9835, val_auc=0.9737, val_aupr=0.8954, val_precision=0.7911, val_sensitivity=0.8114; val_specificity=0.9571
2026-03-27 12:46:58,326 - NEW BEST @ epoch 10: train_auc=0.9857, val_auc=0.9772, val_aupr=0.9079, val_precision=0.8025, val_sensitivity=0.8333; val_specificity=0.9590
2026-03-27 12:57:38,458 - NEW BEST @ epoch 13: train_auc=0.9914, val_auc=0.9800, val_aupr=0.9197, val_precision=0.8429, val_sensitivity=0.8059; val_specificity=0.9700
2026-03-27 13:01:12,996 - NEW BEST @ epoch 14: train_auc=0.9928, val_auc=0.9832, val_aupr=0.9292, val_precision=0.8532, val_sensitivity=0.8407; val_specificity=0.9711
2026-03-27 13:12:00,580 - NEW BEST @ epoch 17: train_auc=0.9956, val_auc=0.9857, val_aupr=0.9403, val_precision=0.8512, val_sensitivity=0.8590; val_specificity=0.9700
2026-03-27 13:22:24,072 - NEW BEST @ epoch 20: train_auc=0.9972, val_auc=0.9879, val_aupr=0.9502, val_precision=0.8759, val_sensitivity=0.8663; val_specificity=0.9755
2026-03-27 14:14:02,905 - NEW BEST @ epoch 35: train_auc=0.9994, val_auc=0.9899, val_aupr=0.9566, val_precision=0.8917, val_sensitivity=0.9048; val_specificity=0.9780
2026-03-27 15:05:45,284 - MolecularDataset hyperparamets -> dataset=dataset1, trategy=conditional, aug train=False, aug eval=False
2026-03-27 15:05:56,946 - Test Loss: 1.2188
2026-03-27 15:05:56,946 - Test AUC: 0.9056
2026-03-27 15:05:56,946 - Test AUPR: 0.8693
2026-03-27 15:05:56,946 - Test Precision: 1.0000
2026-03-27 15:05:56,946 - Test Sensitivity (Recall): 0.0067
2026-03-27 15:05:56,946 - Test Specificity: 1.0000
2026-03-27 15:05:56,955 - ---- Start Training & Testing Fold 2 ----
2026-03-27 15:05:56,956 - experiment 1 ...
2026-03-27 15:05:56,959 - --- Executing CV with scaffold split with hyperparameters: use_struct=True, save_probs=False, seed=42 ...
2026-03-27 15:05:56,959 - Dataset path -> datasets/multi_ppimi_s4_tests_splits_with_my_train
2026-03-27 15:05:57,001 - Initialized model | excluded=None | mlp_dropout=0.3 | head_dropout=0.3 | self_attn_dropout=0.0 | join_attn_feat=ppiformer | compound_dim=128 | compound_proj_dim=256 | ppi_fuse_setting=gate | head_fuse=cat | proj_feat=True
2026-03-27 15:05:57,006 - Excluded modalities: []
2026-03-27 15:05:57,026 - Active modalities: ['esm', 'fegs', 'gae']
2026-03-27 15:06:25,741 - MolecularDataset hyperparamets -> dataset=dataset1, trategy=conditional, aug train=False, aug eval=False
2026-03-27 15:06:34,389 - MolecularDataset hyperparamets -> dataset=dataset1, trategy=conditional, aug train=False, aug eval=False
2026-03-27 15:06:39,410 - MolecularDataset hyperparamets -> dataset=dataset1, trategy=conditional, aug train=False, aug eval=False
2026-03-27 15:06:44,417 - ---- train loader size -> 68988, val loader size 3636 ----
2026-03-27 15:10:32,049 - NEW BEST @ epoch 1: train_auc=0.7824, val_auc=0.8710, val_aupr=0.6700, val_precision=0.3708, val_sensitivity=0.8053; val_specificity=0.7267
2026-03-27 15:14:19,644 - NEW BEST @ epoch 2: train_auc=0.9132, val_auc=0.8974, val_aupr=0.7175, val_precision=0.4516, val_sensitivity=0.7921; val_specificity=0.8076
2026-03-27 15:18:07,666 - NEW BEST @ epoch 3: train_auc=0.9439, val_auc=0.9266, val_aupr=0.7761, val_precision=0.5733, val_sensitivity=0.7739; val_specificity=0.8848
2026-03-27 15:21:54,800 - NEW BEST @ epoch 4: train_auc=0.9601, val_auc=0.9393, val_aupr=0.8077, val_precision=0.5892, val_sensitivity=0.8284; val_specificity=0.8845
2026-03-27 15:25:42,765 - NEW BEST @ epoch 5: train_auc=0.9682, val_auc=0.9519, val_aupr=0.8355, val_precision=0.6468, val_sensitivity=0.8218; val_specificity=0.9102
2026-03-27 15:29:30,187 - NEW BEST @ epoch 6: train_auc=0.9747, val_auc=0.9561, val_aupr=0.8500, val_precision=0.6746, val_sensitivity=0.8416; val_specificity=0.9188
2026-03-27 15:33:18,064 - NEW BEST @ epoch 7: train_auc=0.9808, val_auc=0.9596, val_aupr=0.8580, val_precision=0.6975, val_sensitivity=0.8449; val_specificity=0.9267
2026-03-27 15:37:06,784 - NEW BEST @ epoch 8: train_auc=0.9841, val_auc=0.9642, val_aupr=0.8736, val_precision=0.7391, val_sensitivity=0.8135; val_specificity=0.9426
2026-03-27 15:40:54,291 - NEW BEST @ epoch 9: train_auc=0.9869, val_auc=0.9668, val_aupr=0.8834, val_precision=0.7583, val_sensitivity=0.8333; val_specificity=0.9469
2026-03-27 15:44:42,386 - NEW BEST @ epoch 10: train_auc=0.9902, val_auc=0.9714, val_aupr=0.8977, val_precision=0.8039, val_sensitivity=0.8185; val_specificity=0.9601
2026-03-27 15:48:31,383 - NEW BEST @ epoch 11: train_auc=0.9911, val_auc=0.9745, val_aupr=0.9043, val_precision=0.8052, val_sensitivity=0.8119; val_specificity=0.9607
2026-03-27 15:52:20,608 - NEW BEST @ epoch 12: train_auc=0.9932, val_auc=0.9778, val_aupr=0.9174, val_precision=0.8619, val_sensitivity=0.8036; val_specificity=0.9743
2026-03-27 15:56:10,991 - NEW BEST @ epoch 13: train_auc=0.9942, val_auc=0.9799, val_aupr=0.9242, val_precision=0.8100, val_sensitivity=0.8581; val_specificity=0.9597
2026-03-27 15:59:59,056 - NEW BEST @ epoch 14: train_auc=0.9948, val_auc=0.9820, val_aupr=0.9324, val_precision=0.8510, val_sensitivity=0.8482; val_specificity=0.9703
2026-03-27 16:11:23,044 - NEW BEST @ epoch 17: train_auc=0.9971, val_auc=0.9857, val_aupr=0.9450, val_precision=0.8849, val_sensitivity=0.8498; val_specificity=0.9779
2026-03-27 16:22:47,912 - NEW BEST @ epoch 20: train_auc=0.9980, val_auc=0.9884, val_aupr=0.9558, val_precision=0.8655, val_sensitivity=0.8812; val_specificity=0.9726
2026-03-27 16:41:57,610 - NEW BEST @ epoch 25: train_auc=0.9989, val_auc=0.9907, val_aupr=0.9664, val_precision=0.9003, val_sensitivity=0.8944; val_specificity=0.9802
2026-03-27 17:39:44,641 - MolecularDataset hyperparamets -> dataset=dataset1, trategy=conditional, aug train=False, aug eval=False
2026-03-27 17:39:55,396 - Test Loss: 1.5649
2026-03-27 17:39:55,396 - Test AUC: 0.8665
2026-03-27 17:39:55,396 - Test AUPR: 0.8201
2026-03-27 17:39:55,396 - Test Precision: 0.5714
2026-03-27 17:39:55,396 - Test Sensitivity (Recall): 0.0369
2026-03-27 17:39:55,396 - Test Specificity: 0.9585
2026-03-27 17:39:55,406 - ---- Start Training & Testing Fold 3 ----
2026-03-27 17:39:55,406 - experiment 1 ...
2026-03-27 17:39:55,410 - --- Executing CV with scaffold split with hyperparameters: use_struct=True, save_probs=False, seed=42 ...
2026-03-27 17:39:55,410 - Dataset path -> datasets/multi_ppimi_s4_tests_splits_with_my_train
2026-03-27 17:39:55,450 - Initialized model | excluded=None | mlp_dropout=0.3 | head_dropout=0.3 | self_attn_dropout=0.0 | join_attn_feat=ppiformer | compound_dim=128 | compound_proj_dim=256 | ppi_fuse_setting=gate | head_fuse=cat | proj_feat=True
2026-03-27 17:39:55,454 - Excluded modalities: []
2026-03-27 17:39:55,475 - Active modalities: ['esm', 'fegs', 'gae']
2026-03-27 17:40:23,098 - MolecularDataset hyperparamets -> dataset=dataset1, trategy=conditional, aug train=False, aug eval=False
2026-03-27 17:40:31,478 - MolecularDataset hyperparamets -> dataset=dataset1, trategy=conditional, aug train=False, aug eval=False
2026-03-27 17:40:36,485 - MolecularDataset hyperparamets -> dataset=dataset1, trategy=conditional, aug train=False, aug eval=False
2026-03-27 17:40:41,447 - ---- train loader size -> 65748, val loader size 3462 ----
2026-03-27 17:44:20,174 - NEW BEST @ epoch 1: train_auc=0.7758, val_auc=0.8933, val_aupr=0.7248, val_precision=0.4043, val_sensitivity=0.8458; val_specificity=0.7508
2026-03-27 17:47:57,136 - NEW BEST @ epoch 2: train_auc=0.9074, val_auc=0.9395, val_aupr=0.8036, val_precision=0.5121, val_sensitivity=0.8804; val_specificity=0.8322
2026-03-27 17:51:35,089 - NEW BEST @ epoch 3: train_auc=0.9411, val_auc=0.9461, val_aupr=0.8252, val_precision=0.5337, val_sensitivity=0.8787; val_specificity=0.8464
2026-03-27 17:55:14,113 - NEW BEST @ epoch 4: train_auc=0.9562, val_auc=0.9574, val_aupr=0.8467, val_precision=0.6183, val_sensitivity=0.8787; val_specificity=0.8915
2026-03-27 17:58:54,676 - NEW BEST @ epoch 5: train_auc=0.9666, val_auc=0.9615, val_aupr=0.8612, val_precision=0.6603, val_sensitivity=0.8388; val_specificity=0.9137
2026-03-27 18:02:32,376 - NEW BEST @ epoch 6: train_auc=0.9735, val_auc=0.9679, val_aupr=0.8788, val_precision=0.7335, val_sensitivity=0.8111; val_specificity=0.9411
2026-03-27 18:06:12,154 - NEW BEST @ epoch 7: train_auc=0.9761, val_auc=0.9707, val_aupr=0.8895, val_precision=0.7381, val_sensitivity=0.8302; val_specificity=0.9411
2026-03-27 18:09:49,812 - NEW BEST @ epoch 8: train_auc=0.9818, val_auc=0.9730, val_aupr=0.8955, val_precision=0.7363, val_sensitivity=0.8614; val_specificity=0.9383
2026-03-27 18:13:27,845 - NEW BEST @ epoch 9: train_auc=0.9855, val_auc=0.9768, val_aupr=0.9092, val_precision=0.7749, val_sensitivity=0.8354; val_specificity=0.9515
2026-03-27 18:20:45,052 - NEW BEST @ epoch 11: train_auc=0.9895, val_auc=0.9811, val_aupr=0.9244, val_precision=0.8103, val_sensitivity=0.8440; val_specificity=0.9605
2026-03-27 18:28:03,972 - NEW BEST @ epoch 13: train_auc=0.9930, val_auc=0.9851, val_aupr=0.9391, val_precision=0.8594, val_sensitivity=0.8475; val_specificity=0.9723
2026-03-27 18:39:06,297 - NEW BEST @ epoch 16: train_auc=0.9960, val_auc=0.9877, val_aupr=0.9518, val_precision=0.8827, val_sensitivity=0.8475; val_specificity=0.9775
2026-03-27 18:53:55,059 - NEW BEST @ epoch 20: train_auc=0.9977, val_auc=0.9899, val_aupr=0.9614, val_precision=0.8883, val_sensitivity=0.8683; val_specificity=0.9782
2026-03-27 19:49:24,020 - MolecularDataset hyperparamets -> dataset=dataset1, trategy=conditional, aug train=False, aug eval=False
2026-03-27 19:49:34,134 - Test Loss: 0.6528
2026-03-27 19:49:34,134 - Test AUC: 0.9235
2026-03-27 19:49:34,134 - Test AUPR: 0.8796
2026-03-27 19:49:34,134 - Test Precision: 0.9672
2026-03-27 19:49:34,134 - Test Sensitivity (Recall): 0.2757
2026-03-27 19:49:34,134 - Test Specificity: 0.9922
2026-03-27 19:49:34,143 - ---- Start Training & Testing Fold 4 ----
2026-03-27 19:49:34,143 - experiment 1 ...
2026-03-27 19:49:34,146 - --- Executing CV with scaffold split with hyperparameters: use_struct=True, save_probs=False, seed=42 ...
2026-03-27 19:49:34,146 - Dataset path -> datasets/multi_ppimi_s4_tests_splits_with_my_train
2026-03-27 19:49:34,174 - Initialized model | excluded=None | mlp_dropout=0.3 | head_dropout=0.3 | self_attn_dropout=0.0 | join_attn_feat=ppiformer | compound_dim=128 | compound_proj_dim=256 | ppi_fuse_setting=gate | head_fuse=cat | proj_feat=True
2026-03-27 19:49:34,179 - Excluded modalities: []
2026-03-27 19:49:34,199 - Active modalities: ['esm', 'fegs', 'gae']
2026-03-27 19:49:52,688 - MolecularDataset hyperparamets -> dataset=dataset1, trategy=conditional, aug train=False, aug eval=False
2026-03-27 19:50:00,026 - MolecularDataset hyperparamets -> dataset=dataset1, trategy=conditional, aug train=False, aug eval=False
2026-03-27 19:50:04,905 - MolecularDataset hyperparamets -> dataset=dataset1, trategy=conditional, aug train=False, aug eval=False
2026-03-27 19:50:09,730 - ---- train loader size -> 45126, val loader size 2376 ----
2026-03-27 19:52:38,244 - NEW BEST @ epoch 1: train_auc=0.6868, val_auc=0.7806, val_aupr=0.5354, val_precision=0.3003, val_sensitivity=0.7500; val_specificity=0.6505
2026-03-27 19:55:07,194 - NEW BEST @ epoch 2: train_auc=0.8366, val_auc=0.8540, val_aupr=0.6418, val_precision=0.3682, val_sensitivity=0.7904; val_specificity=0.7288
2026-03-27 19:57:36,960 - NEW BEST @ epoch 3: train_auc=0.8900, val_auc=0.8783, val_aupr=0.6673, val_precision=0.4247, val_sensitivity=0.7904; val_specificity=0.7859
2026-03-27 20:00:07,525 - NEW BEST @ epoch 4: train_auc=0.9115, val_auc=0.9078, val_aupr=0.7257, val_precision=0.4422, val_sensitivity=0.8409; val_specificity=0.7879
2026-03-27 20:02:35,909 - NEW BEST @ epoch 5: train_auc=0.9293, val_auc=0.9139, val_aupr=0.7419, val_precision=0.4932, val_sensitivity=0.8232; val_specificity=0.8308
2026-03-27 20:05:04,371 - NEW BEST @ epoch 6: train_auc=0.9386, val_auc=0.9196, val_aupr=0.7546, val_precision=0.5262, val_sensitivity=0.8106; val_specificity=0.8540
2026-03-27 20:07:33,095 - NEW BEST @ epoch 7: train_auc=0.9493, val_auc=0.9323, val_aupr=0.7843, val_precision=0.5525, val_sensitivity=0.8232; val_specificity=0.8667
2026-03-27 20:10:01,544 - NEW BEST @ epoch 8: train_auc=0.9535, val_auc=0.9377, val_aupr=0.8021, val_precision=0.6119, val_sensitivity=0.7803; val_specificity=0.9010
2026-03-27 20:12:29,736 - NEW BEST @ epoch 9: train_auc=0.9591, val_auc=0.9486, val_aupr=0.8265, val_precision=0.6961, val_sensitivity=0.7753; val_specificity=0.9323
2026-03-27 20:17:26,745 - NEW BEST @ epoch 11: train_auc=0.9692, val_auc=0.9536, val_aupr=0.8433, val_precision=0.7392, val_sensitivity=0.7374; val_specificity=0.9480
2026-03-27 20:19:55,230 - NEW BEST @ epoch 12: train_auc=0.9729, val_auc=0.9568, val_aupr=0.8512, val_precision=0.7558, val_sensitivity=0.7424; val_specificity=0.9520
2026-03-27 20:22:23,930 - NEW BEST @ epoch 13: train_auc=0.9764, val_auc=0.9615, val_aupr=0.8641, val_precision=0.7880, val_sensitivity=0.7323; val_specificity=0.9606
2026-03-27 20:24:52,298 - NEW BEST @ epoch 14: train_auc=0.9786, val_auc=0.9656, val_aupr=0.8763, val_precision=0.7947, val_sensitivity=0.7525; val_specificity=0.9611
2026-03-27 20:29:49,380 - NEW BEST @ epoch 16: train_auc=0.9840, val_auc=0.9695, val_aupr=0.8878, val_precision=0.8125, val_sensitivity=0.7551; val_specificity=0.9652
2026-03-27 20:37:17,625 - NEW BEST @ epoch 19: train_auc=0.9899, val_auc=0.9734, val_aupr=0.9012, val_precision=0.8329, val_sensitivity=0.7677; val_specificity=0.9692
2026-03-27 20:54:44,697 - NEW BEST @ epoch 26: train_auc=0.9954, val_auc=0.9757, val_aupr=0.9114, val_precision=0.8511, val_sensitivity=0.7652; val_specificity=0.9732
2026-03-27 20:59:44,291 - NEW BEST @ epoch 28: train_auc=0.9960, val_auc=0.9779, val_aupr=0.9147, val_precision=0.8584, val_sensitivity=0.7652; val_specificity=0.9747
2026-03-27 21:37:42,223 - MolecularDataset hyperparamets -> dataset=dataset1, trategy=conditional, aug train=False, aug eval=False
2026-03-27 21:38:04,182 - Test Loss: 0.4631
2026-03-27 21:38:04,182 - Test AUC: 0.9340
2026-03-27 21:38:04,183 - Test AUPR: 0.8614
2026-03-27 21:38:04,183 - Test Precision: 0.8972
2026-03-27 21:38:04,183 - Test Sensitivity (Recall): 0.5881
2026-03-27 21:38:04,183 - Test Specificity: 0.9508
2026-03-27 21:38:04,191 - ---- Start Training & Testing Fold 5 ----
2026-03-27 21:38:04,191 - experiment 1 ...
2026-03-27 21:38:04,194 - --- Executing CV with scaffold split with hyperparameters: use_struct=True, save_probs=False, seed=42 ...
2026-03-27 21:38:04,194 - Dataset path -> datasets/multi_ppimi_s4_tests_splits_with_my_train
2026-03-27 21:38:04,228 - Initialized model | excluded=None | mlp_dropout=0.3 | head_dropout=0.3 | self_attn_dropout=0.0 | join_attn_feat=ppiformer | compound_dim=128 | compound_proj_dim=256 | ppi_fuse_setting=gate | head_fuse=cat | proj_feat=True
2026-03-27 21:38:04,233 - Excluded modalities: []
2026-03-27 21:38:04,253 - Active modalities: ['esm', 'fegs', 'gae']
2026-03-27 21:38:27,334 - MolecularDataset hyperparamets -> dataset=dataset1, trategy=conditional, aug train=False, aug eval=False
2026-03-27 21:38:34,425 - MolecularDataset hyperparamets -> dataset=dataset1, trategy=conditional, aug train=False, aug eval=False
2026-03-27 21:38:39,308 - MolecularDataset hyperparamets -> dataset=dataset1, trategy=conditional, aug train=False, aug eval=False
2026-03-27 21:38:44,334 - ---- train loader size -> 53418, val loader size 2814 ----
2026-03-27 21:41:45,740 - NEW BEST @ epoch 1: train_auc=0.7529, val_auc=0.8589, val_aupr=0.6912, val_precision=0.3412, val_sensitivity=0.8358; val_specificity=0.6772
2026-03-27 21:44:45,522 - NEW BEST @ epoch 2: train_auc=0.8977, val_auc=0.9178, val_aupr=0.7749, val_precision=0.4498, val_sensitivity=0.8593; val_specificity=0.7898
2026-03-27 21:47:45,830 - NEW BEST @ epoch 3: train_auc=0.9348, val_auc=0.9335, val_aupr=0.7961, val_precision=0.5257, val_sensitivity=0.8507; val_specificity=0.8465
2026-03-27 21:50:46,328 - NEW BEST @ epoch 4: train_auc=0.9491, val_auc=0.9474, val_aupr=0.8272, val_precision=0.5720, val_sensitivity=0.8806; val_specificity=0.8682
2026-03-27 21:53:47,487 - NEW BEST @ epoch 5: train_auc=0.9620, val_auc=0.9555, val_aupr=0.8524, val_precision=0.6053, val_sensitivity=0.8763; val_specificity=0.8857
2026-03-27 21:56:49,000 - NEW BEST @ epoch 6: train_auc=0.9689, val_auc=0.9625, val_aupr=0.8709, val_precision=0.6934, val_sensitivity=0.8294; val_specificity=0.9267
2026-03-27 21:59:51,036 - NEW BEST @ epoch 7: train_auc=0.9742, val_auc=0.9675, val_aupr=0.8859, val_precision=0.7453, val_sensitivity=0.8486; val_specificity=0.9420
2026-03-27 22:02:51,983 - NEW BEST @ epoch 8: train_auc=0.9785, val_auc=0.9723, val_aupr=0.9028, val_precision=0.7469, val_sensitivity=0.8870; val_specificity=0.9399
2026-03-27 22:08:53,380 - NEW BEST @ epoch 10: train_auc=0.9853, val_auc=0.9764, val_aupr=0.9177, val_precision=0.7949, val_sensitivity=0.8678; val_specificity=0.9552
2026-03-27 22:11:53,856 - NEW BEST @ epoch 11: train_auc=0.9881, val_auc=0.9807, val_aupr=0.9343, val_precision=0.8556, val_sensitivity=0.8465; val_specificity=0.9714
2026-03-27 22:17:55,855 - NEW BEST @ epoch 13: train_auc=0.9912, val_auc=0.9839, val_aupr=0.9459, val_precision=0.8851, val_sensitivity=0.8380; val_specificity=0.9783
2026-03-27 22:20:57,302 - NEW BEST @ epoch 14: train_auc=0.9933, val_auc=0.9860, val_aupr=0.9537, val_precision=0.8855, val_sensitivity=0.8742; val_specificity=0.9774
2026-03-27 22:30:02,985 - NEW BEST @ epoch 17: train_auc=0.9957, val_auc=0.9882, val_aupr=0.9670, val_precision=0.9333, val_sensitivity=0.8955; val_specificity=0.9872
2026-03-27 22:36:08,450 - NEW BEST @ epoch 19: train_auc=0.9973, val_auc=0.9911, val_aupr=0.9732, val_precision=0.9319, val_sensitivity=0.9041; val_specificity=0.9868
2026-03-27 23:15:42,888 - NEW BEST @ epoch 32: train_auc=0.9996, val_auc=0.9936, val_aupr=0.9805, val_precision=0.9527, val_sensitivity=0.9446; val_specificity=0.9906
2026-03-28 00:01:53,993 - MolecularDataset hyperparamets -> dataset=dataset1, trategy=conditional, aug train=False, aug eval=False
2026-03-28 00:02:14,926 - Test Loss: 1.0502
2026-03-28 00:02:14,926 - Test AUC: 0.7903
2026-03-28 00:02:14,926 - Test AUPR: 0.7791
2026-03-28 00:02:14,926 - Test Precision: 0.8986
2026-03-28 00:02:14,926 - Test Sensitivity (Recall): 0.1732
2026-03-28 00:02:14,926 - Test Specificity: 0.9789
2026-03-28 00:02:14,944 - Saved/updated summary to: results/result_tables/final_results/hyperparam_search_2503.csv
2026-03-28 00:02:14,944 - [2503@j2] Running hyperparameter set 4/12 | lr=1e-05 | weight_decay=0.0001 | mlp_dropout=0.3 | head_dropout=0.3 | self_attn_dropout=0.0 | compound_proj_dim=256 | ppi_fuse_setting=gate | head_fuse=cat | proj_feat=False
2026-03-28 00:02:14,944 - ---- Start Training & Testing Fold 1 ----
2026-03-28 00:02:14,944 - experiment 1 ...
2026-03-28 00:02:14,947 - --- Executing CV with scaffold split with hyperparameters: use_struct=True, save_probs=False, seed=42 ...
2026-03-28 00:02:14,947 - Dataset path -> datasets/multi_ppimi_s4_tests_splits_with_my_train
2026-03-28 00:02:14,987 - Initialized model | excluded=None | mlp_dropout=0.3 | head_dropout=0.3 | self_attn_dropout=0.0 | join_attn_feat=ppiformer | compound_dim=128 | compound_proj_dim=256 | ppi_fuse_setting=gate | head_fuse=cat | proj_feat=False
2026-03-28 00:02:14,992 - Excluded modalities: []
2026-03-28 00:02:15,038 - Active modalities: ['esm', 'fegs', 'gae']
2026-03-28 00:02:40,335 - MolecularDataset hyperparamets -> dataset=dataset1, trategy=conditional, aug train=False, aug eval=False
2026-03-28 00:02:48,644 - MolecularDataset hyperparamets -> dataset=dataset1, trategy=conditional, aug train=False, aug eval=False
2026-03-28 00:02:53,595 - MolecularDataset hyperparamets -> dataset=dataset1, trategy=conditional, aug train=False, aug eval=False
2026-03-28 00:02:59,199 - ---- train loader size -> 62190, val loader size 3276 ----
2026-03-28 00:06:31,167 - NEW BEST @ epoch 1: train_auc=0.7337, val_auc=0.8210, val_aupr=0.5902, val_precision=0.3071, val_sensitivity=0.8223; val_specificity=0.6289
2026-03-28 00:10:03,591 - NEW BEST @ epoch 2: train_auc=0.8904, val_auc=0.9033, val_aupr=0.7121, val_precision=0.4191, val_sensitivity=0.8590; val_specificity=0.7619
2026-03-28 00:13:35,620 - NEW BEST @ epoch 3: train_auc=0.9278, val_auc=0.9193, val_aupr=0.7424, val_precision=0.4928, val_sensitivity=0.8150; val_specificity=0.8322
2026-03-28 00:17:08,401 - NEW BEST @ epoch 4: train_auc=0.9449, val_auc=0.9319, val_aupr=0.7701, val_precision=0.5347, val_sensitivity=0.8187; val_specificity=0.8575
2026-03-28 00:20:41,127 - NEW BEST @ epoch 5: train_auc=0.9556, val_auc=0.9464, val_aupr=0.8076, val_precision=0.6152, val_sensitivity=0.8168; val_specificity=0.8978
2026-03-28 00:24:13,549 - NEW BEST @ epoch 6: train_auc=0.9658, val_auc=0.9550, val_aupr=0.8318, val_precision=0.6408, val_sensitivity=0.8168; val_specificity=0.9084
2026-03-28 00:27:45,980 - NEW BEST @ epoch 7: train_auc=0.9730, val_auc=0.9591, val_aupr=0.8470, val_precision=0.6329, val_sensitivity=0.8242; val_specificity=0.9044
2026-03-28 00:31:18,776 - NEW BEST @ epoch 8: train_auc=0.9777, val_auc=0.9627, val_aupr=0.8590, val_precision=0.6883, val_sensitivity=0.7967; val_specificity=0.9278
2026-03-28 00:34:51,657 - NEW BEST @ epoch 9: train_auc=0.9824, val_auc=0.9687, val_aupr=0.8776, val_precision=0.7224, val_sensitivity=0.7912; val_specificity=0.9392
2026-03-28 00:38:24,830 - NEW BEST @ epoch 10: train_auc=0.9853, val_auc=0.9730, val_aupr=0.8922, val_precision=0.7667, val_sensitivity=0.8004; val_specificity=0.9513
2026-03-28 00:41:57,536 - NEW BEST @ epoch 11: train_auc=0.9874, val_auc=0.9752, val_aupr=0.8992, val_precision=0.7572, val_sensitivity=0.8223; val_specificity=0.9473
2026-03-28 00:49:04,143 - NEW BEST @ epoch 13: train_auc=0.9905, val_auc=0.9781, val_aupr=0.9091, val_precision=0.8004, val_sensitivity=0.8297; val_specificity=0.9586
2026-03-28 00:52:37,342 - NEW BEST @ epoch 14: train_auc=0.9922, val_auc=0.9807, val_aupr=0.9180, val_precision=0.8151, val_sensitivity=0.8315; val_specificity=0.9623
2026-03-28 01:03:10,303 - NEW BEST @ epoch 17: train_auc=0.9947, val_auc=0.9850, val_aupr=0.9341, val_precision=0.8434, val_sensitivity=0.8681; val_specificity=0.9678
2026-03-28 01:20:18,257 - NEW BEST @ epoch 22: train_auc=0.9970, val_auc=0.9875, val_aupr=0.9462, val_precision=0.8696, val_sensitivity=0.8791; val_specificity=0.9736
2026-03-28 02:01:22,914 - NEW BEST @ epoch 34: train_auc=0.9991, val_auc=0.9900, val_aupr=0.9575, val_precision=0.8877, val_sensitivity=0.8828; val_specificity=0.9777
2026-03-28 02:53:17,488 - MolecularDataset hyperparamets -> dataset=dataset1, trategy=conditional, aug train=False, aug eval=False
2026-03-28 02:53:29,172 - Test Loss: 1.5344
2026-03-28 02:53:29,172 - Test AUC: 0.9094
2026-03-28 02:53:29,172 - Test AUPR: 0.8387
2026-03-28 02:53:29,172 - Test Precision: 0.0000
2026-03-28 02:53:29,172 - Test Sensitivity (Recall): 0.0000
2026-03-28 02:53:29,172 - Test Specificity: 0.9937
2026-03-28 02:53:29,181 - ---- Start Training & Testing Fold 2 ----
2026-03-28 02:53:29,181 - experiment 1 ...
2026-03-28 02:53:29,185 - --- Executing CV with scaffold split with hyperparameters: use_struct=True, save_probs=False, seed=42 ...
2026-03-28 02:53:29,185 - Dataset path -> datasets/multi_ppimi_s4_tests_splits_with_my_train
2026-03-28 02:53:29,227 - Initialized model | excluded=None | mlp_dropout=0.3 | head_dropout=0.3 | self_attn_dropout=0.0 | join_attn_feat=ppiformer | compound_dim=128 | compound_proj_dim=256 | ppi_fuse_setting=gate | head_fuse=cat | proj_feat=False
2026-03-28 02:53:29,231 - Excluded modalities: []
2026-03-28 02:53:29,277 - Active modalities: ['esm', 'fegs', 'gae']
2026-03-28 02:53:58,718 - MolecularDataset hyperparamets -> dataset=dataset1, trategy=conditional, aug train=False, aug eval=False
2026-03-28 02:54:07,312 - MolecularDataset hyperparamets -> dataset=dataset1, trategy=conditional, aug train=False, aug eval=False
2026-03-28 02:54:12,314 - MolecularDataset hyperparamets -> dataset=dataset1, trategy=conditional, aug train=False, aug eval=False
2026-03-28 02:54:17,820 - ---- train loader size -> 68988, val loader size 3636 ----
2026-03-28 02:58:05,830 - NEW BEST @ epoch 1: train_auc=0.7314, val_auc=0.8247, val_aupr=0.6032, val_precision=0.3132, val_sensitivity=0.7937; val_specificity=0.6518
2026-03-28 03:01:53,774 - NEW BEST @ epoch 2: train_auc=0.8895, val_auc=0.8942, val_aupr=0.7107, val_precision=0.4078, val_sensitivity=0.8317; val_specificity=0.7584
2026-03-28 03:05:42,232 - NEW BEST @ epoch 3: train_auc=0.9336, val_auc=0.9249, val_aupr=0.7657, val_precision=0.5040, val_sensitivity=0.8350; val_specificity=0.8356
2026-03-28 03:09:30,914 - NEW BEST @ epoch 4: train_auc=0.9556, val_auc=0.9375, val_aupr=0.7967, val_precision=0.5397, val_sensitivity=0.8515; val_specificity=0.8548
2026-03-28 03:13:19,881 - NEW BEST @ epoch 5: train_auc=0.9668, val_auc=0.9526, val_aupr=0.8351, val_precision=0.5928, val_sensitivity=0.8746; val_specificity=0.8799
2026-03-28 03:17:08,479 - NEW BEST @ epoch 6: train_auc=0.9732, val_auc=0.9578, val_aupr=0.8527, val_precision=0.6400, val_sensitivity=0.8597; val_specificity=0.9033
2026-03-28 03:20:57,392 - NEW BEST @ epoch 7: train_auc=0.9785, val_auc=0.9606, val_aupr=0.8611, val_precision=0.6767, val_sensitivity=0.8498; val_specificity=0.9188
2026-03-28 03:24:46,638 - NEW BEST @ epoch 8: train_auc=0.9819, val_auc=0.9633, val_aupr=0.8704, val_precision=0.7108, val_sensitivity=0.8234; val_specificity=0.9330
2026-03-28 03:28:36,438 - NEW BEST @ epoch 9: train_auc=0.9860, val_auc=0.9661, val_aupr=0.8801, val_precision=0.7399, val_sensitivity=0.8449; val_specificity=0.9406
2026-03-28 03:32:27,055 - NEW BEST @ epoch 10: train_auc=0.9888, val_auc=0.9710, val_aupr=0.8924, val_precision=0.7705, val_sensitivity=0.8201; val_specificity=0.9512
2026-03-28 03:36:15,387 - NEW BEST @ epoch 11: train_auc=0.9906, val_auc=0.9749, val_aupr=0.9044, val_precision=0.7776, val_sensitivity=0.8366; val_specificity=0.9521
2026-03-28 03:40:03,872 - NEW BEST @ epoch 12: train_auc=0.9923, val_auc=0.9782, val_aupr=0.9156, val_precision=0.8235, val_sensitivity=0.8317; val_specificity=0.9644
2026-03-28 03:47:40,826 - NEW BEST @ epoch 14: train_auc=0.9950, val_auc=0.9818, val_aupr=0.9303, val_precision=0.8177, val_sensitivity=0.8515; val_specificity=0.9620
2026-03-28 03:59:05,828 - NEW BEST @ epoch 17: train_auc=0.9968, val_auc=0.9848, val_aupr=0.9425, val_precision=0.8600, val_sensitivity=0.8515; val_specificity=0.9723
2026-03-28 04:10:34,815 - NEW BEST @ epoch 20: train_auc=0.9979, val_auc=0.9870, val_aupr=0.9501, val_precision=0.8496, val_sensitivity=0.8762; val_specificity=0.9690
2026-03-28 04:29:44,426 - NEW BEST @ epoch 25: train_auc=0.9989, val_auc=0.9891, val_aupr=0.9584, val_precision=0.8560, val_sensitivity=0.8927; val_specificity=0.9700
2026-03-28 05:23:08,445 - NEW BEST @ epoch 39: train_auc=0.9998, val_auc=0.9914, val_aupr=0.9667, val_precision=0.9013, val_sensitivity=0.8894; val_specificity=0.9805
2026-03-28 06:20:50,628 - MolecularDataset hyperparamets -> dataset=dataset1, trategy=conditional, aug train=False, aug eval=False
2026-03-28 06:21:01,380 - Test Loss: 1.8609
2026-03-28 06:21:01,380 - Test AUC: 0.8705
2026-03-28 06:21:01,380 - Test AUPR: 0.8332
2026-03-28 06:21:01,380 - Test Precision: 0.6667
2026-03-28 06:21:01,380 - Test Sensitivity (Recall): 0.0492
2026-03-28 06:21:01,380 - Test Specificity: 0.9631
2026-03-28 06:21:01,391 - ---- Start Training & Testing Fold 3 ----
2026-03-28 06:21:01,391 - experiment 1 ...
2026-03-28 06:21:01,394 - --- Executing CV with scaffold split with hyperparameters: use_struct=True, save_probs=False, seed=42 ...
2026-03-28 06:21:01,394 - Dataset path -> datasets/multi_ppimi_s4_tests_splits_with_my_train
2026-03-28 06:21:01,436 - Initialized model | excluded=None | mlp_dropout=0.3 | head_dropout=0.3 | self_attn_dropout=0.0 | join_attn_feat=ppiformer | compound_dim=128 | compound_proj_dim=256 | ppi_fuse_setting=gate | head_fuse=cat | proj_feat=False
2026-03-28 06:21:01,441 - Excluded modalities: []
2026-03-28 06:21:01,487 - Active modalities: ['esm', 'fegs', 'gae']
2026-03-28 06:21:29,162 - MolecularDataset hyperparamets -> dataset=dataset1, trategy=conditional, aug train=False, aug eval=False
2026-03-28 06:21:37,585 - MolecularDataset hyperparamets -> dataset=dataset1, trategy=conditional, aug train=False, aug eval=False
2026-03-28 06:21:42,564 - MolecularDataset hyperparamets -> dataset=dataset1, trategy=conditional, aug train=False, aug eval=False
2026-03-28 06:21:52,922 - ---- train loader size -> 65748, val loader size 3462 ----
2026-03-28 06:25:29,581 - NEW BEST @ epoch 1: train_auc=0.7225, val_auc=0.8645, val_aupr=0.6735, val_precision=0.3291, val_sensitivity=0.8510; val_specificity=0.6530
2026-03-28 06:29:07,027 - NEW BEST @ epoch 2: train_auc=0.8837, val_auc=0.9218, val_aupr=0.7716, val_precision=0.4410, val_sensitivity=0.8804; val_specificity=0.7768
2026-03-28 06:32:46,434 - NEW BEST @ epoch 3: train_auc=0.9313, val_auc=0.9380, val_aupr=0.8019, val_precision=0.4748, val_sensitivity=0.8995; val_specificity=0.8010
2026-03-28 06:36:23,483 - NEW BEST @ epoch 4: train_auc=0.9499, val_auc=0.9529, val_aupr=0.8321, val_precision=0.5611, val_sensitivity=0.8995; val_specificity=0.8593
2026-03-28 06:40:00,830 - NEW BEST @ epoch 5: train_auc=0.9623, val_auc=0.9598, val_aupr=0.8568, val_precision=0.6127, val_sensitivity=0.8718; val_specificity=0.8898
2026-03-28 06:43:38,027 - NEW BEST @ epoch 6: train_auc=0.9697, val_auc=0.9639, val_aupr=0.8652, val_precision=0.6732, val_sensitivity=0.8354; val_specificity=0.9189
2026-03-28 06:47:15,441 - NEW BEST @ epoch 7: train_auc=0.9755, val_auc=0.9689, val_aupr=0.8834, val_precision=0.6976, val_sensitivity=0.8475; val_specificity=0.9265
2026-03-28 06:50:53,203 - NEW BEST @ epoch 8: train_auc=0.9795, val_auc=0.9731, val_aupr=0.8963, val_precision=0.7045, val_sensitivity=0.8718; val_specificity=0.9269
2026-03-28 06:54:30,516 - NEW BEST @ epoch 9: train_auc=0.9841, val_auc=0.9762, val_aupr=0.9061, val_precision=0.7367, val_sensitivity=0.8631; val_specificity=0.9383
2026-03-28 06:58:09,102 - NEW BEST @ epoch 10: train_auc=0.9869, val_auc=0.9783, val_aupr=0.9133, val_precision=0.7591, val_sensitivity=0.8631; val_specificity=0.9452
2026-03-28 07:01:46,605 - NEW BEST @ epoch 11: train_auc=0.9891, val_auc=0.9805, val_aupr=0.9209, val_precision=0.7876, val_sensitivity=0.8614; val_specificity=0.9536
2026-03-28 07:09:02,686 - NEW BEST @ epoch 13: train_auc=0.9919, val_auc=0.9833, val_aupr=0.9308, val_precision=0.8220, val_sensitivity=0.8562; val_specificity=0.9629
2026-03-28 07:12:40,272 - NEW BEST @ epoch 14: train_auc=0.9934, val_auc=0.9853, val_aupr=0.9411, val_precision=0.8372, val_sensitivity=0.8648; val_specificity=0.9664
2026-03-28 07:19:56,392 - NEW BEST @ epoch 16: train_auc=0.9953, val_auc=0.9882, val_aupr=0.9529, val_precision=0.8719, val_sensitivity=0.8614; val_specificity=0.9747
2026-03-28 07:34:27,495 - NEW BEST @ epoch 20: train_auc=0.9973, val_auc=0.9906, val_aupr=0.9621, val_precision=0.8918, val_sensitivity=0.8718; val_specificity=0.9789
2026-03-28 07:59:53,126 - NEW BEST @ epoch 27: train_auc=0.9988, val_auc=0.9926, val_aupr=0.9697, val_precision=0.8953, val_sensitivity=0.8891; val_specificity=0.9792
2026-03-28 08:54:55,480 - MolecularDataset hyperparamets -> dataset=dataset1, trategy=conditional, aug train=False, aug eval=False
2026-03-28 08:55:05,562 - Test Loss: 0.8515
2026-03-28 08:55:05,563 - Test AUC: 0.9074
2026-03-28 08:55:05,563 - Test AUPR: 0.8785
2026-03-28 08:55:05,563 - Test Precision: 0.9672
2026-03-28 08:55:05,563 - Test Sensitivity (Recall): 0.2757
2026-03-28 08:55:05,563 - Test Specificity: 0.9922
2026-03-28 08:55:05,571 - ---- Start Training & Testing Fold 4 ----
2026-03-28 08:55:05,571 - experiment 1 ...
2026-03-28 08:55:05,575 - --- Executing CV with scaffold split with hyperparameters: use_struct=True, save_probs=False, seed=42 ...
2026-03-28 08:55:05,575 - Dataset path -> datasets/multi_ppimi_s4_tests_splits_with_my_train
2026-03-28 08:55:05,603 - Initialized model | excluded=None | mlp_dropout=0.3 | head_dropout=0.3 | self_attn_dropout=0.0 | join_attn_feat=ppiformer | compound_dim=128 | compound_proj_dim=256 | ppi_fuse_setting=gate | head_fuse=cat | proj_feat=False
2026-03-28 08:55:05,607 - Excluded modalities: []
2026-03-28 08:55:05,653 - Active modalities: ['esm', 'fegs', 'gae']
2026-03-28 08:55:24,606 - MolecularDataset hyperparamets -> dataset=dataset1, trategy=conditional, aug train=False, aug eval=False
2026-03-28 08:55:31,857 - MolecularDataset hyperparamets -> dataset=dataset1, trategy=conditional, aug train=False, aug eval=False
2026-03-28 08:55:36,809 - MolecularDataset hyperparamets -> dataset=dataset1, trategy=conditional, aug train=False, aug eval=False
2026-03-28 08:55:41,684 - ---- train loader size -> 45126, val loader size 2376 ----
2026-03-28 08:58:11,125 - NEW BEST @ epoch 1: train_auc=0.6383, val_auc=0.7641, val_aupr=0.5006, val_precision=0.2652, val_sensitivity=0.8056; val_specificity=0.5535
2026-03-28 09:00:41,427 - NEW BEST @ epoch 2: train_auc=0.7989, val_auc=0.8497, val_aupr=0.6161, val_precision=0.3467, val_sensitivity=0.8308; val_specificity=0.6869
2026-03-28 09:03:11,586 - NEW BEST @ epoch 3: train_auc=0.8671, val_auc=0.8780, val_aupr=0.6561, val_precision=0.4066, val_sensitivity=0.8131; val_specificity=0.7626
2026-03-28 09:05:41,864 - NEW BEST @ epoch 4: train_auc=0.8938, val_auc=0.9048, val_aupr=0.7101, val_precision=0.4342, val_sensitivity=0.8662; val_specificity=0.7742
2026-03-28 09:08:11,639 - NEW BEST @ epoch 5: train_auc=0.9148, val_auc=0.9106, val_aupr=0.7248, val_precision=0.4946, val_sensitivity=0.8131; val_specificity=0.8338
2026-03-28 09:10:41,013 - NEW BEST @ epoch 6: train_auc=0.9283, val_auc=0.9233, val_aupr=0.7548, val_precision=0.5083, val_sensitivity=0.8485; val_specificity=0.8359
2026-03-28 09:13:10,493 - NEW BEST @ epoch 7: train_auc=0.9381, val_auc=0.9365, val_aupr=0.7852, val_precision=0.5477, val_sensitivity=0.8561; val_specificity=0.8586
2026-03-28 09:18:10,930 - NEW BEST @ epoch 9: train_auc=0.9536, val_auc=0.9453, val_aupr=0.8119, val_precision=0.6534, val_sensitivity=0.7904; val_specificity=0.9162
2026-03-28 09:23:10,252 - NEW BEST @ epoch 11: train_auc=0.9649, val_auc=0.9531, val_aupr=0.8392, val_precision=0.7094, val_sensitivity=0.7828; val_specificity=0.9359
2026-03-28 09:28:10,286 - NEW BEST @ epoch 13: train_auc=0.9725, val_auc=0.9585, val_aupr=0.8533, val_precision=0.7585, val_sensitivity=0.7854; val_specificity=0.9500
2026-03-28 09:30:40,174 - NEW BEST @ epoch 14: train_auc=0.9755, val_auc=0.9622, val_aupr=0.8632, val_precision=0.7524, val_sensitivity=0.7980; val_specificity=0.9475
2026-03-28 09:35:40,806 - NEW BEST @ epoch 16: train_auc=0.9813, val_auc=0.9645, val_aupr=0.8727, val_precision=0.7823, val_sensitivity=0.7803; val_specificity=0.9566
2026-03-28 09:40:41,409 - NEW BEST @ epoch 18: train_auc=0.9859, val_auc=0.9683, val_aupr=0.8851, val_precision=0.8189, val_sensitivity=0.7652; val_specificity=0.9662
2026-03-28 09:43:12,026 - NEW BEST @ epoch 19: train_auc=0.9874, val_auc=0.9711, val_aupr=0.8925, val_precision=0.7884, val_sensitivity=0.7904; val_specificity=0.9576
2026-03-28 09:53:11,521 - NEW BEST @ epoch 23: train_auc=0.9923, val_auc=0.9754, val_aupr=0.9068, val_precision=0.8307, val_sensitivity=0.7929; val_specificity=0.9677
2026-03-28 10:03:10,981 - NEW BEST @ epoch 27: train_auc=0.9949, val_auc=0.9775, val_aupr=0.9140, val_precision=0.8543, val_sensitivity=0.7551; val_specificity=0.9742
2026-03-28 10:41:01,862 - MolecularDataset hyperparamets -> dataset=dataset1, trategy=conditional, aug train=False, aug eval=False
2026-03-28 10:41:23,708 - Test Loss: 0.4367
2026-03-28 10:41:23,708 - Test AUC: 0.9461
2026-03-28 10:41:23,708 - Test AUPR: 0.8725
2026-03-28 10:41:23,708 - Test Precision: 0.9126
2026-03-28 10:41:23,708 - Test Sensitivity (Recall): 0.6233
2026-03-28 10:41:23,708 - Test Specificity: 0.9564
2026-03-28 10:41:23,717 - ---- Start Training & Testing Fold 5 ----
2026-03-28 10:41:23,717 - experiment 1 ...
2026-03-28 10:41:23,720 - --- Executing CV with scaffold split with hyperparameters: use_struct=True, save_probs=False, seed=42 ...
2026-03-28 10:41:23,720 - Dataset path -> datasets/multi_ppimi_s4_tests_splits_with_my_train
2026-03-28 10:41:23,754 - Initialized model | excluded=None | mlp_dropout=0.3 | head_dropout=0.3 | self_attn_dropout=0.0 | join_attn_feat=ppiformer | compound_dim=128 | compound_proj_dim=256 | ppi_fuse_setting=gate | head_fuse=cat | proj_feat=False
2026-03-28 10:41:23,758 - Excluded modalities: []
2026-03-28 10:41:23,804 - Active modalities: ['esm', 'fegs', 'gae']
2026-03-28 10:41:47,409 - MolecularDataset hyperparamets -> dataset=dataset1, trategy=conditional, aug train=False, aug eval=False
2026-03-28 10:41:54,439 - MolecularDataset hyperparamets -> dataset=dataset1, trategy=conditional, aug train=False, aug eval=False
2026-03-28 10:41:59,302 - MolecularDataset hyperparamets -> dataset=dataset1, trategy=conditional, aug train=False, aug eval=False
2026-03-28 10:42:04,417 - ---- train loader size -> 53418, val loader size 2814 ----
2026-03-28 10:45:02,126 - NEW BEST @ epoch 1: train_auc=0.6960, val_auc=0.8370, val_aupr=0.6660, val_precision=0.2995, val_sensitivity=0.8507; val_specificity=0.6021
2026-03-28 10:48:01,373 - NEW BEST @ epoch 2: train_auc=0.8711, val_auc=0.9096, val_aupr=0.7516, val_precision=0.4107, val_sensitivity=0.8827; val_specificity=0.7467
2026-03-28 10:51:00,894 - NEW BEST @ epoch 3: train_auc=0.9238, val_auc=0.9293, val_aupr=0.7812, val_precision=0.4775, val_sensitivity=0.8827; val_specificity=0.8068
2026-03-28 10:54:01,246 - NEW BEST @ epoch 4: train_auc=0.9434, val_auc=0.9445, val_aupr=0.8151, val_precision=0.5323, val_sensitivity=0.8785; val_specificity=0.8456
2026-03-28 10:57:00,034 - NEW BEST @ epoch 5: train_auc=0.9548, val_auc=0.9525, val_aupr=0.8386, val_precision=0.5659, val_sensitivity=0.8785; val_specificity=0.8652
2026-03-28 10:59:58,940 - NEW BEST @ epoch 6: train_auc=0.9637, val_auc=0.9578, val_aupr=0.8511, val_precision=0.6367, val_sensitivity=0.8443; val_specificity=0.9036
2026-03-28 11:02:58,426 - NEW BEST @ epoch 7: train_auc=0.9707, val_auc=0.9623, val_aupr=0.8656, val_precision=0.6718, val_sensitivity=0.8337; val_specificity=0.9186
2026-03-28 11:05:57,306 - NEW BEST @ epoch 8: train_auc=0.9740, val_auc=0.9675, val_aupr=0.8843, val_precision=0.6721, val_sensitivity=0.8785; val_specificity=0.9143
2026-03-28 11:11:54,549 - NEW BEST @ epoch 10: train_auc=0.9830, val_auc=0.9739, val_aupr=0.9064, val_precision=0.7350, val_sensitivity=0.8870; val_specificity=0.9360
2026-03-28 11:14:53,844 - NEW BEST @ epoch 11: train_auc=0.9854, val_auc=0.9774, val_aupr=0.9216, val_precision=0.7792, val_sensitivity=0.8806; val_specificity=0.9501
2026-03-28 11:20:45,402 - NEW BEST @ epoch 13: train_auc=0.9899, val_auc=0.9812, val_aupr=0.9350, val_precision=0.8323, val_sensitivity=0.8678; val_specificity=0.9650
2026-03-28 11:23:42,984 - NEW BEST @ epoch 14: train_auc=0.9918, val_auc=0.9841, val_aupr=0.9452, val_precision=0.7952, val_sensitivity=0.9190; val_specificity=0.9527
2026-03-28 11:29:40,963 - NEW BEST @ epoch 16: train_auc=0.9939, val_auc=0.9864, val_aupr=0.9539, val_precision=0.8431, val_sensitivity=0.9168; val_specificity=0.9659
2026-03-28 11:35:39,905 - NEW BEST @ epoch 18: train_auc=0.9957, val_auc=0.9889, val_aupr=0.9662, val_precision=0.8834, val_sensitivity=0.9211; val_specificity=0.9757
2026-03-28 11:47:35,591 - NEW BEST @ epoch 22: train_auc=0.9976, val_auc=0.9915, val_aupr=0.9729, val_precision=0.9025, val_sensitivity=0.9275; val_specificity=0.9800
2026-03-28 12:08:28,015 - NEW BEST @ epoch 29: train_auc=0.9992, val_auc=0.9937, val_aupr=0.9812, val_precision=0.9287, val_sensitivity=0.9446; val_specificity=0.9855
2026-03-28 12:44:13,392 - NEW BEST @ epoch 41: train_auc=0.9997, val_auc=0.9958, val_aupr=0.9850, val_precision=0.9648, val_sensitivity=0.9360; val_specificity=0.9932
2026-03-28 13:29:24,600 - MolecularDataset hyperparamets -> dataset=dataset1, trategy=conditional, aug train=False, aug eval=False
2026-03-28 13:29:45,466 - Test Loss: 0.8175
2026-03-28 13:29:45,466 - Test AUC: 0.8554
2026-03-28 13:29:45,466 - Test AUPR: 0.8495
2026-03-28 13:29:45,466 - Test Precision: 0.9094
2026-03-28 13:29:45,466 - Test Sensitivity (Recall): 0.3268
2026-03-28 13:29:45,466 - Test Specificity: 0.9648
2026-03-28 13:29:45,483 - Saved/updated summary to: results/result_tables/final_results/hyperparam_search_2503.csv
2026-03-28 13:29:45,483 - [2503@j2] Running hyperparameter set 5/12 | lr=1e-05 | weight_decay=1e-05 | mlp_dropout=0.3 | head_dropout=0.3 | self_attn_dropout=0.0 | compound_proj_dim=256 | ppi_fuse_setting=gate | head_fuse=cat | proj_feat=True
2026-03-28 13:29:45,483 - ---- Start Training & Testing Fold 1 ----
2026-03-28 13:29:45,484 - experiment 1 ...
2026-03-28 13:29:45,486 - --- Executing CV with scaffold split with hyperparameters: use_struct=True, save_probs=False, seed=42 ...
2026-03-28 13:29:45,486 - Dataset path -> datasets/multi_ppimi_s4_tests_splits_with_my_train
2026-03-28 13:29:45,527 - Initialized model | excluded=None | mlp_dropout=0.3 | head_dropout=0.3 | self_attn_dropout=0.0 | join_attn_feat=ppiformer | compound_dim=128 | compound_proj_dim=256 | ppi_fuse_setting=gate | head_fuse=cat | proj_feat=True
2026-03-28 13:29:45,532 - Excluded modalities: []
2026-03-28 13:29:45,553 - Active modalities: ['esm', 'fegs', 'gae']
2026-03-28 13:30:10,930 - MolecularDataset hyperparamets -> dataset=dataset1, trategy=conditional, aug train=False, aug eval=False
2026-03-28 13:30:19,267 - MolecularDataset hyperparamets -> dataset=dataset1, trategy=conditional, aug train=False, aug eval=False
2026-03-28 13:30:24,284 - MolecularDataset hyperparamets -> dataset=dataset1, trategy=conditional, aug train=False, aug eval=False
2026-03-28 13:30:35,994 - ---- train loader size -> 62190, val loader size 3276 ----
2026-03-28 13:33:59,766 - NEW BEST @ epoch 1: train_auc=0.7876, val_auc=0.8410, val_aupr=0.6325, val_precision=0.3475, val_sensitivity=0.7912; val_specificity=0.7029
2026-03-28 13:37:25,509 - NEW BEST @ epoch 2: train_auc=0.9087, val_auc=0.9072, val_aupr=0.7315, val_precision=0.4479, val_sensitivity=0.8114; val_specificity=0.8000
2026-03-28 13:40:51,560 - NEW BEST @ epoch 3: train_auc=0.9380, val_auc=0.9325, val_aupr=0.7810, val_precision=0.5610, val_sensitivity=0.7912; val_specificity=0.8762
2026-03-28 13:44:16,870 - NEW BEST @ epoch 4: train_auc=0.9516, val_auc=0.9430, val_aupr=0.8021, val_precision=0.5798, val_sensitivity=0.8114; val_specificity=0.8824
2026-03-28 13:47:42,165 - NEW BEST @ epoch 5: train_auc=0.9599, val_auc=0.9543, val_aupr=0.8329, val_precision=0.6595, val_sensitivity=0.7875; val_specificity=0.9187
2026-03-28 13:51:07,249 - NEW BEST @ epoch 6: train_auc=0.9690, val_auc=0.9615, val_aupr=0.8518, val_precision=0.6850, val_sensitivity=0.7967; val_specificity=0.9267
2026-03-28 13:54:32,122 - NEW BEST @ epoch 7: train_auc=0.9753, val_auc=0.9654, val_aupr=0.8658, val_precision=0.6860, val_sensitivity=0.8443; val_specificity=0.9227
2026-03-28 13:57:57,542 - NEW BEST @ epoch 8: train_auc=0.9796, val_auc=0.9682, val_aupr=0.8772, val_precision=0.7474, val_sensitivity=0.8022; val_specificity=0.9458
2026-03-28 14:01:23,357 - NEW BEST @ epoch 9: train_auc=0.9835, val_auc=0.9737, val_aupr=0.8954, val_precision=0.7911, val_sensitivity=0.8114; val_specificity=0.9571
2026-03-28 14:04:48,105 - NEW BEST @ epoch 10: train_auc=0.9857, val_auc=0.9772, val_aupr=0.9079, val_precision=0.8025, val_sensitivity=0.8333; val_specificity=0.9590
2026-03-28 14:15:04,087 - NEW BEST @ epoch 13: train_auc=0.9914, val_auc=0.9800, val_aupr=0.9197, val_precision=0.8429, val_sensitivity=0.8059; val_specificity=0.9700
2026-03-28 14:18:30,981 - NEW BEST @ epoch 14: train_auc=0.9928, val_auc=0.9832, val_aupr=0.9292, val_precision=0.8532, val_sensitivity=0.8407; val_specificity=0.9711
2026-03-28 14:28:48,110 - NEW BEST @ epoch 17: train_auc=0.9956, val_auc=0.9857, val_aupr=0.9403, val_precision=0.8512, val_sensitivity=0.8590; val_specificity=0.9700
2026-03-28 14:39:09,710 - NEW BEST @ epoch 20: train_auc=0.9972, val_auc=0.9879, val_aupr=0.9502, val_precision=0.8759, val_sensitivity=0.8663; val_specificity=0.9755
2026-03-28 15:31:05,032 - NEW BEST @ epoch 35: train_auc=0.9994, val_auc=0.9899, val_aupr=0.9566, val_precision=0.8917, val_sensitivity=0.9048; val_specificity=0.9780
2026-03-28 16:23:06,893 - MolecularDataset hyperparamets -> dataset=dataset1, trategy=conditional, aug train=False, aug eval=False
2026-03-28 16:23:18,503 - Test Loss: 1.2188
2026-03-28 16:23:18,503 - Test AUC: 0.9056
2026-03-28 16:23:18,503 - Test AUPR: 0.8693
2026-03-28 16:23:18,504 - Test Precision: 1.0000
2026-03-28 16:23:18,504 - Test Sensitivity (Recall): 0.0067
2026-03-28 16:23:18,504 - Test Specificity: 1.0000
2026-03-28 16:23:18,512 - ---- Start Training & Testing Fold 2 ----
2026-03-28 16:23:18,512 - experiment 1 ...
2026-03-28 16:23:18,515 - --- Executing CV with scaffold split with hyperparameters: use_struct=True, save_probs=False, seed=42 ...
2026-03-28 16:23:18,515 - Dataset path -> datasets/multi_ppimi_s4_tests_splits_with_my_train
2026-03-28 16:23:18,557 - Initialized model | excluded=None | mlp_dropout=0.3 | head_dropout=0.3 | self_attn_dropout=0.0 | join_attn_feat=ppiformer | compound_dim=128 | compound_proj_dim=256 | ppi_fuse_setting=gate | head_fuse=cat | proj_feat=True
2026-03-28 16:23:18,562 - Excluded modalities: []
2026-03-28 16:23:18,583 - Active modalities: ['esm', 'fegs', 'gae']
2026-03-28 16:23:47,068 - MolecularDataset hyperparamets -> dataset=dataset1, trategy=conditional, aug train=False, aug eval=False
2026-03-28 16:23:55,776 - MolecularDataset hyperparamets -> dataset=dataset1, trategy=conditional, aug train=False, aug eval=False
2026-03-28 16:24:00,719 - MolecularDataset hyperparamets -> dataset=dataset1, trategy=conditional, aug train=False, aug eval=False
2026-03-28 16:24:30,084 - ---- train loader size -> 68988, val loader size 3636 ----
2026-03-28 16:28:20,115 - NEW BEST @ epoch 1: train_auc=0.7824, val_auc=0.8710, val_aupr=0.6700, val_precision=0.3708, val_sensitivity=0.8053; val_specificity=0.7267
2026-03-28 16:32:09,067 - NEW BEST @ epoch 2: train_auc=0.9132, val_auc=0.8974, val_aupr=0.7175, val_precision=0.4516, val_sensitivity=0.7921; val_specificity=0.8076
2026-03-28 16:35:58,966 - NEW BEST @ epoch 3: train_auc=0.9439, val_auc=0.9266, val_aupr=0.7761, val_precision=0.5733, val_sensitivity=0.7739; val_specificity=0.8848
2026-03-28 16:39:48,743 - NEW BEST @ epoch 4: train_auc=0.9601, val_auc=0.9393, val_aupr=0.8077, val_precision=0.5892, val_sensitivity=0.8284; val_specificity=0.8845
2026-03-28 16:43:38,296 - NEW BEST @ epoch 5: train_auc=0.9682, val_auc=0.9519, val_aupr=0.8355, val_precision=0.6468, val_sensitivity=0.8218; val_specificity=0.9102
2026-03-28 16:47:28,745 - NEW BEST @ epoch 6: train_auc=0.9747, val_auc=0.9561, val_aupr=0.8500, val_precision=0.6746, val_sensitivity=0.8416; val_specificity=0.9188
2026-03-28 16:51:18,904 - NEW BEST @ epoch 7: train_auc=0.9808, val_auc=0.9596, val_aupr=0.8580, val_precision=0.6975, val_sensitivity=0.8449; val_specificity=0.9267
2026-03-28 16:55:09,341 - NEW BEST @ epoch 8: train_auc=0.9841, val_auc=0.9642, val_aupr=0.8736, val_precision=0.7391, val_sensitivity=0.8135; val_specificity=0.9426
2026-03-28 16:59:00,146 - NEW BEST @ epoch 9: train_auc=0.9869, val_auc=0.9668, val_aupr=0.8834, val_precision=0.7583, val_sensitivity=0.8333; val_specificity=0.9469
2026-03-28 17:02:51,362 - NEW BEST @ epoch 10: train_auc=0.9902, val_auc=0.9714, val_aupr=0.8977, val_precision=0.8039, val_sensitivity=0.8185; val_specificity=0.9601
2026-03-28 17:06:43,279 - NEW BEST @ epoch 11: train_auc=0.9911, val_auc=0.9745, val_aupr=0.9043, val_precision=0.8052, val_sensitivity=0.8119; val_specificity=0.9607
2026-03-28 17:10:34,037 - NEW BEST @ epoch 12: train_auc=0.9932, val_auc=0.9778, val_aupr=0.9174, val_precision=0.8619, val_sensitivity=0.8036; val_specificity=0.9743
2026-03-28 17:14:24,730 - NEW BEST @ epoch 13: train_auc=0.9942, val_auc=0.9799, val_aupr=0.9242, val_precision=0.8100, val_sensitivity=0.8581; val_specificity=0.9597
2026-03-28 17:18:13,117 - NEW BEST @ epoch 14: train_auc=0.9948, val_auc=0.9820, val_aupr=0.9324, val_precision=0.8510, val_sensitivity=0.8482; val_specificity=0.9703
2026-03-28 17:29:43,441 - NEW BEST @ epoch 17: train_auc=0.9971, val_auc=0.9857, val_aupr=0.9450, val_precision=0.8849, val_sensitivity=0.8498; val_specificity=0.9779
2026-03-28 17:41:18,064 - NEW BEST @ epoch 20: train_auc=0.9980, val_auc=0.9884, val_aupr=0.9558, val_precision=0.8655, val_sensitivity=0.8812; val_specificity=0.9726
2026-03-28 18:00:38,491 - NEW BEST @ epoch 25: train_auc=0.9989, val_auc=0.9907, val_aupr=0.9664, val_precision=0.9003, val_sensitivity=0.8944; val_specificity=0.9802
2026-03-28 18:59:22,609 - MolecularDataset hyperparamets -> dataset=dataset1, trategy=conditional, aug train=False, aug eval=False
2026-03-28 18:59:33,530 - Test Loss: 1.5649
2026-03-28 18:59:33,530 - Test AUC: 0.8665
2026-03-28 18:59:33,530 - Test AUPR: 0.8201
2026-03-28 18:59:33,530 - Test Precision: 0.5714
2026-03-28 18:59:33,530 - Test Sensitivity (Recall): 0.0369
2026-03-28 18:59:33,530 - Test Specificity: 0.9585
2026-03-28 18:59:33,542 - ---- Start Training & Testing Fold 3 ----
2026-03-28 18:59:33,543 - experiment 1 ...
2026-03-28 18:59:33,546 - --- Executing CV with scaffold split with hyperparameters: use_struct=True, save_probs=False, seed=42 ...
2026-03-28 18:59:33,546 - Dataset path -> datasets/multi_ppimi_s4_tests_splits_with_my_train
2026-03-28 18:59:33,589 - Initialized model | excluded=None | mlp_dropout=0.3 | head_dropout=0.3 | self_attn_dropout=0.0 | join_attn_feat=ppiformer | compound_dim=128 | compound_proj_dim=256 | ppi_fuse_setting=gate | head_fuse=cat | proj_feat=True
2026-03-28 18:59:33,593 - Excluded modalities: []
2026-03-28 18:59:33,615 - Active modalities: ['esm', 'fegs', 'gae']
2026-03-28 19:00:00,740 - MolecularDataset hyperparamets -> dataset=dataset1, trategy=conditional, aug train=False, aug eval=False
2026-03-28 19:00:09,183 - MolecularDataset hyperparamets -> dataset=dataset1, trategy=conditional, aug train=False, aug eval=False
2026-03-28 19:00:14,094 - MolecularDataset hyperparamets -> dataset=dataset1, trategy=conditional, aug train=False, aug eval=False
2026-03-28 19:00:28,830 - ---- train loader size -> 65748, val loader size 3462 ----
2026-03-28 19:04:10,768 - NEW BEST @ epoch 1: train_auc=0.7758, val_auc=0.8933, val_aupr=0.7248, val_precision=0.4043, val_sensitivity=0.8458; val_specificity=0.7508
2026-03-28 19:07:52,845 - NEW BEST @ epoch 2: train_auc=0.9074, val_auc=0.9395, val_aupr=0.8036, val_precision=0.5121, val_sensitivity=0.8804; val_specificity=0.8322
2026-03-28 19:11:35,022 - NEW BEST @ epoch 3: train_auc=0.9411, val_auc=0.9461, val_aupr=0.8252, val_precision=0.5337, val_sensitivity=0.8787; val_specificity=0.8464
2026-03-28 19:15:17,558 - NEW BEST @ epoch 4: train_auc=0.9562, val_auc=0.9574, val_aupr=0.8467, val_precision=0.6183, val_sensitivity=0.8787; val_specificity=0.8915
2026-03-28 19:18:58,889 - NEW BEST @ epoch 5: train_auc=0.9666, val_auc=0.9615, val_aupr=0.8612, val_precision=0.6603, val_sensitivity=0.8388; val_specificity=0.9137
2026-03-28 19:22:40,409 - NEW BEST @ epoch 6: train_auc=0.9735, val_auc=0.9679, val_aupr=0.8788, val_precision=0.7335, val_sensitivity=0.8111; val_specificity=0.9411
2026-03-28 19:26:22,855 - NEW BEST @ epoch 7: train_auc=0.9761, val_auc=0.9707, val_aupr=0.8895, val_precision=0.7381, val_sensitivity=0.8302; val_specificity=0.9411
2026-03-28 19:30:05,075 - NEW BEST @ epoch 8: train_auc=0.9818, val_auc=0.9730, val_aupr=0.8955, val_precision=0.7363, val_sensitivity=0.8614; val_specificity=0.9383
2026-03-28 19:33:47,333 - NEW BEST @ epoch 9: train_auc=0.9855, val_auc=0.9768, val_aupr=0.9092, val_precision=0.7749, val_sensitivity=0.8354; val_specificity=0.9515
2026-03-28 19:41:12,484 - NEW BEST @ epoch 11: train_auc=0.9895, val_auc=0.9811, val_aupr=0.9244, val_precision=0.8103, val_sensitivity=0.8440; val_specificity=0.9605
2026-03-28 19:48:36,627 - NEW BEST @ epoch 13: train_auc=0.9930, val_auc=0.9851, val_aupr=0.9391, val_precision=0.8594, val_sensitivity=0.8475; val_specificity=0.9723
2026-03-28 19:59:44,603 - NEW BEST @ epoch 16: train_auc=0.9960, val_auc=0.9877, val_aupr=0.9518, val_precision=0.8827, val_sensitivity=0.8475; val_specificity=0.9775
2026-03-28 20:14:32,541 - NEW BEST @ epoch 20: train_auc=0.9977, val_auc=0.9899, val_aupr=0.9614, val_precision=0.8883, val_sensitivity=0.8683; val_specificity=0.9782
2026-03-28 21:10:18,869 - MolecularDataset hyperparamets -> dataset=dataset1, trategy=conditional, aug train=False, aug eval=False
2026-03-28 21:10:28,975 - Test Loss: 0.6528
2026-03-28 21:10:28,975 - Test AUC: 0.9235
2026-03-28 21:10:28,975 - Test AUPR: 0.8796
2026-03-28 21:10:28,975 - Test Precision: 0.9672
2026-03-28 21:10:28,975 - Test Sensitivity (Recall): 0.2757
2026-03-28 21:10:28,975 - Test Specificity: 0.9922
2026-03-28 21:10:28,985 - ---- Start Training & Testing Fold 4 ----
2026-03-28 21:10:28,986 - experiment 1 ...
2026-03-28 21:10:28,989 - --- Executing CV with scaffold split with hyperparameters: use_struct=True, save_probs=False, seed=42 ...
2026-03-28 21:10:28,989 - Dataset path -> datasets/multi_ppimi_s4_tests_splits_with_my_train
2026-03-28 21:10:29,019 - Initialized model | excluded=None | mlp_dropout=0.3 | head_dropout=0.3 | self_attn_dropout=0.0 | join_attn_feat=ppiformer | compound_dim=128 | compound_proj_dim=256 | ppi_fuse_setting=gate | head_fuse=cat | proj_feat=True
2026-03-28 21:10:29,023 - Excluded modalities: []
2026-03-28 21:10:29,044 - Active modalities: ['esm', 'fegs', 'gae']
2026-03-28 21:10:47,534 - MolecularDataset hyperparamets -> dataset=dataset1, trategy=conditional, aug train=False, aug eval=False
2026-03-28 21:10:54,855 - MolecularDataset hyperparamets -> dataset=dataset1, trategy=conditional, aug train=False, aug eval=False
2026-03-28 21:10:59,815 - MolecularDataset hyperparamets -> dataset=dataset1, trategy=conditional, aug train=False, aug eval=False
2026-03-28 21:11:12,810 - ---- train loader size -> 45126, val loader size 2376 ----
2026-03-28 21:13:44,390 - NEW BEST @ epoch 1: train_auc=0.6868, val_auc=0.7806, val_aupr=0.5354, val_precision=0.3003, val_sensitivity=0.7500; val_specificity=0.6505
2026-03-28 21:16:16,119 - NEW BEST @ epoch 2: train_auc=0.8366, val_auc=0.8540, val_aupr=0.6418, val_precision=0.3682, val_sensitivity=0.7904; val_specificity=0.7288
2026-03-28 21:18:48,082 - NEW BEST @ epoch 3: train_auc=0.8900, val_auc=0.8783, val_aupr=0.6673, val_precision=0.4247, val_sensitivity=0.7904; val_specificity=0.7859
2026-03-28 21:21:18,825 - NEW BEST @ epoch 4: train_auc=0.9115, val_auc=0.9078, val_aupr=0.7257, val_precision=0.4422, val_sensitivity=0.8409; val_specificity=0.7879
2026-03-28 21:23:49,248 - NEW BEST @ epoch 5: train_auc=0.9293, val_auc=0.9139, val_aupr=0.7419, val_precision=0.4932, val_sensitivity=0.8232; val_specificity=0.8308
2026-03-28 21:26:19,816 - NEW BEST @ epoch 6: train_auc=0.9386, val_auc=0.9196, val_aupr=0.7546, val_precision=0.5262, val_sensitivity=0.8106; val_specificity=0.8540
2026-03-28 21:28:50,424 - NEW BEST @ epoch 7: train_auc=0.9493, val_auc=0.9323, val_aupr=0.7843, val_precision=0.5525, val_sensitivity=0.8232; val_specificity=0.8667
2026-03-28 21:31:21,313 - NEW BEST @ epoch 8: train_auc=0.9535, val_auc=0.9377, val_aupr=0.8021, val_precision=0.6119, val_sensitivity=0.7803; val_specificity=0.9010
2026-03-28 21:33:51,848 - NEW BEST @ epoch 9: train_auc=0.9591, val_auc=0.9486, val_aupr=0.8265, val_precision=0.6961, val_sensitivity=0.7753; val_specificity=0.9323
2026-03-28 21:38:53,926 - NEW BEST @ epoch 11: train_auc=0.9692, val_auc=0.9536, val_aupr=0.8433, val_precision=0.7392, val_sensitivity=0.7374; val_specificity=0.9480
2026-03-28 21:41:24,953 - NEW BEST @ epoch 12: train_auc=0.9729, val_auc=0.9568, val_aupr=0.8512, val_precision=0.7558, val_sensitivity=0.7424; val_specificity=0.9520
2026-03-28 21:43:56,124 - NEW BEST @ epoch 13: train_auc=0.9764, val_auc=0.9615, val_aupr=0.8641, val_precision=0.7880, val_sensitivity=0.7323; val_specificity=0.9606
2026-03-28 21:46:26,701 - NEW BEST @ epoch 14: train_auc=0.9786, val_auc=0.9656, val_aupr=0.8763, val_precision=0.7947, val_sensitivity=0.7525; val_specificity=0.9611
2026-03-28 21:51:28,507 - NEW BEST @ epoch 16: train_auc=0.9840, val_auc=0.9695, val_aupr=0.8878, val_precision=0.8125, val_sensitivity=0.7551; val_specificity=0.9652
2026-03-28 21:59:04,636 - NEW BEST @ epoch 19: train_auc=0.9899, val_auc=0.9734, val_aupr=0.9012, val_precision=0.8329, val_sensitivity=0.7677; val_specificity=0.9692
2026-03-28 22:16:47,929 - NEW BEST @ epoch 26: train_auc=0.9954, val_auc=0.9757, val_aupr=0.9114, val_precision=0.8511, val_sensitivity=0.7652; val_specificity=0.9732
2026-03-28 22:21:52,676 - NEW BEST @ epoch 28: train_auc=0.9960, val_auc=0.9779, val_aupr=0.9147, val_precision=0.8584, val_sensitivity=0.7652; val_specificity=0.9747
2026-03-28 23:00:01,040 - MolecularDataset hyperparamets -> dataset=dataset1, trategy=conditional, aug train=False, aug eval=False
2026-03-28 23:00:23,014 - Test Loss: 0.4631
2026-03-28 23:00:23,014 - Test AUC: 0.9340
2026-03-28 23:00:23,014 - Test AUPR: 0.8614
2026-03-28 23:00:23,014 - Test Precision: 0.8972
2026-03-28 23:00:23,014 - Test Sensitivity (Recall): 0.5881
2026-03-28 23:00:23,014 - Test Specificity: 0.9508
2026-03-28 23:00:23,023 - ---- Start Training & Testing Fold 5 ----
2026-03-28 23:00:23,023 - experiment 1 ...
2026-03-28 23:00:23,027 - --- Executing CV with scaffold split with hyperparameters: use_struct=True, save_probs=False, seed=42 ...
2026-03-28 23:00:23,027 - Dataset path -> datasets/multi_ppimi_s4_tests_splits_with_my_train
2026-03-28 23:00:23,061 - Initialized model | excluded=None | mlp_dropout=0.3 | head_dropout=0.3 | self_attn_dropout=0.0 | join_attn_feat=ppiformer | compound_dim=128 | compound_proj_dim=256 | ppi_fuse_setting=gate | head_fuse=cat | proj_feat=True
2026-03-28 23:00:23,065 - Excluded modalities: []
2026-03-28 23:00:23,085 - Active modalities: ['esm', 'fegs', 'gae']
2026-03-28 23:00:46,010 - MolecularDataset hyperparamets -> dataset=dataset1, trategy=conditional, aug train=False, aug eval=False
2026-03-28 23:00:53,050 - MolecularDataset hyperparamets -> dataset=dataset1, trategy=conditional, aug train=False, aug eval=False
2026-03-28 23:00:57,913 - MolecularDataset hyperparamets -> dataset=dataset1, trategy=conditional, aug train=False, aug eval=False
2026-03-28 23:01:06,101 - ---- train loader size -> 53418, val loader size 2814 ----
2026-03-28 23:04:05,557 - NEW BEST @ epoch 1: train_auc=0.7529, val_auc=0.8589, val_aupr=0.6912, val_precision=0.3412, val_sensitivity=0.8358; val_specificity=0.6772
2026-03-28 23:07:03,847 - NEW BEST @ epoch 2: train_auc=0.8977, val_auc=0.9178, val_aupr=0.7749, val_precision=0.4498, val_sensitivity=0.8593; val_specificity=0.7898
2026-03-28 23:10:01,833 - NEW BEST @ epoch 3: train_auc=0.9348, val_auc=0.9335, val_aupr=0.7961, val_precision=0.5257, val_sensitivity=0.8507; val_specificity=0.8465
2026-03-28 23:13:00,517 - NEW BEST @ epoch 4: train_auc=0.9491, val_auc=0.9474, val_aupr=0.8272, val_precision=0.5720, val_sensitivity=0.8806; val_specificity=0.8682
2026-03-28 23:15:59,533 - NEW BEST @ epoch 5: train_auc=0.9620, val_auc=0.9555, val_aupr=0.8524, val_precision=0.6053, val_sensitivity=0.8763; val_specificity=0.8857
2026-03-28 23:18:56,998 - NEW BEST @ epoch 6: train_auc=0.9689, val_auc=0.9625, val_aupr=0.8709, val_precision=0.6934, val_sensitivity=0.8294; val_specificity=0.9267
2026-03-28 23:21:56,200 - NEW BEST @ epoch 7: train_auc=0.9742, val_auc=0.9675, val_aupr=0.8859, val_precision=0.7453, val_sensitivity=0.8486; val_specificity=0.9420
2026-03-28 23:24:54,066 - NEW BEST @ epoch 8: train_auc=0.9785, val_auc=0.9723, val_aupr=0.9028, val_precision=0.7469, val_sensitivity=0.8870; val_specificity=0.9399
2026-03-28 23:30:51,456 - NEW BEST @ epoch 10: train_auc=0.9853, val_auc=0.9764, val_aupr=0.9177, val_precision=0.7949, val_sensitivity=0.8678; val_specificity=0.9552
2026-03-28 23:33:50,039 - NEW BEST @ epoch 11: train_auc=0.9881, val_auc=0.9807, val_aupr=0.9343, val_precision=0.8556, val_sensitivity=0.8465; val_specificity=0.9714
2026-03-28 23:39:47,463 - NEW BEST @ epoch 13: train_auc=0.9912, val_auc=0.9839, val_aupr=0.9459, val_precision=0.8851, val_sensitivity=0.8380; val_specificity=0.9783
2026-03-28 23:42:46,476 - NEW BEST @ epoch 14: train_auc=0.9933, val_auc=0.9860, val_aupr=0.9537, val_precision=0.8855, val_sensitivity=0.8742; val_specificity=0.9774
2026-03-28 23:51:42,986 - NEW BEST @ epoch 17: train_auc=0.9957, val_auc=0.9882, val_aupr=0.9670, val_precision=0.9333, val_sensitivity=0.8955; val_specificity=0.9872
2026-03-28 23:57:41,984 - NEW BEST @ epoch 19: train_auc=0.9973, val_auc=0.9911, val_aupr=0.9732, val_precision=0.9319, val_sensitivity=0.9041; val_specificity=0.9868
2026-03-29 00:36:40,399 - NEW BEST @ epoch 32: train_auc=0.9996, val_auc=0.9936, val_aupr=0.9805, val_precision=0.9527, val_sensitivity=0.9446; val_specificity=0.9906
2026-03-29 01:22:19,456 - MolecularDataset hyperparamets -> dataset=dataset1, trategy=conditional, aug train=False, aug eval=False
2026-03-29 01:22:40,313 - Test Loss: 1.0502
2026-03-29 01:22:40,313 - Test AUC: 0.7903
2026-03-29 01:22:40,313 - Test AUPR: 0.7791
2026-03-29 01:22:40,313 - Test Precision: 0.8986
2026-03-29 01:22:40,313 - Test Sensitivity (Recall): 0.1732
2026-03-29 01:22:40,313 - Test Specificity: 0.9789
2026-03-29 01:22:40,328 - Saved/updated summary to: results/result_tables/final_results/hyperparam_search_2503.csv
2026-03-29 01:22:40,329 - [2503@j2] Running hyperparameter set 6/12 | lr=1e-05 | weight_decay=1e-05 | mlp_dropout=0.3 | head_dropout=0.3 | self_attn_dropout=0.0 | compound_proj_dim=256 | ppi_fuse_setting=gate | head_fuse=cat | proj_feat=False
2026-03-29 01:22:40,329 - ---- Start Training & Testing Fold 1 ----
2026-03-29 01:22:40,329 - experiment 1 ...
2026-03-29 01:22:40,331 - --- Executing CV with scaffold split with hyperparameters: use_struct=True, save_probs=False, seed=42 ...
2026-03-29 01:22:40,331 - Dataset path -> datasets/multi_ppimi_s4_tests_splits_with_my_train
2026-03-29 01:22:40,372 - Initialized model | excluded=None | mlp_dropout=0.3 | head_dropout=0.3 | self_attn_dropout=0.0 | join_attn_feat=ppiformer | compound_dim=128 | compound_proj_dim=256 | ppi_fuse_setting=gate | head_fuse=cat | proj_feat=False
2026-03-29 01:22:40,377 - Excluded modalities: []
2026-03-29 01:22:40,422 - Active modalities: ['esm', 'fegs', 'gae']
2026-03-29 01:23:06,384 - MolecularDataset hyperparamets -> dataset=dataset1, trategy=conditional, aug train=False, aug eval=False
2026-03-29 01:23:14,718 - MolecularDataset hyperparamets -> dataset=dataset1, trategy=conditional, aug train=False, aug eval=False
2026-03-29 01:23:19,716 - MolecularDataset hyperparamets -> dataset=dataset1, trategy=conditional, aug train=False, aug eval=False
2026-03-29 01:23:30,349 - ---- train loader size -> 62190, val loader size 3276 ----
2026-03-29 01:27:00,095 - NEW BEST @ epoch 1: train_auc=0.7337, val_auc=0.8210, val_aupr=0.5902, val_precision=0.3071, val_sensitivity=0.8223; val_specificity=0.6289
2026-03-29 01:30:29,543 - NEW BEST @ epoch 2: train_auc=0.8904, val_auc=0.9033, val_aupr=0.7121, val_precision=0.4191, val_sensitivity=0.8590; val_specificity=0.7619
2026-03-29 01:33:58,648 - NEW BEST @ epoch 3: train_auc=0.9278, val_auc=0.9193, val_aupr=0.7424, val_precision=0.4928, val_sensitivity=0.8150; val_specificity=0.8322
2026-03-29 01:37:28,635 - NEW BEST @ epoch 4: train_auc=0.9449, val_auc=0.9319, val_aupr=0.7701, val_precision=0.5347, val_sensitivity=0.8187; val_specificity=0.8575
2026-03-29 01:40:58,695 - NEW BEST @ epoch 5: train_auc=0.9556, val_auc=0.9464, val_aupr=0.8076, val_precision=0.6152, val_sensitivity=0.8168; val_specificity=0.8978
2026-03-29 01:44:28,917 - NEW BEST @ epoch 6: train_auc=0.9658, val_auc=0.9550, val_aupr=0.8318, val_precision=0.6408, val_sensitivity=0.8168; val_specificity=0.9084
2026-03-29 01:47:59,680 - NEW BEST @ epoch 7: train_auc=0.9730, val_auc=0.9591, val_aupr=0.8470, val_precision=0.6329, val_sensitivity=0.8242; val_specificity=0.9044
2026-03-29 01:51:30,251 - NEW BEST @ epoch 8: train_auc=0.9777, val_auc=0.9627, val_aupr=0.8590, val_precision=0.6883, val_sensitivity=0.7967; val_specificity=0.9278
2026-03-29 01:55:01,019 - NEW BEST @ epoch 9: train_auc=0.9824, val_auc=0.9687, val_aupr=0.8776, val_precision=0.7224, val_sensitivity=0.7912; val_specificity=0.9392
2026-03-29 01:58:31,115 - NEW BEST @ epoch 10: train_auc=0.9853, val_auc=0.9730, val_aupr=0.8922, val_precision=0.7667, val_sensitivity=0.8004; val_specificity=0.9513
2026-03-29 02:02:02,707 - NEW BEST @ epoch 11: train_auc=0.9874, val_auc=0.9752, val_aupr=0.8992, val_precision=0.7572, val_sensitivity=0.8223; val_specificity=0.9473
2026-03-29 02:09:06,788 - NEW BEST @ epoch 13: train_auc=0.9905, val_auc=0.9781, val_aupr=0.9091, val_precision=0.8004, val_sensitivity=0.8297; val_specificity=0.9586
2026-03-29 02:12:38,076 - NEW BEST @ epoch 14: train_auc=0.9922, val_auc=0.9807, val_aupr=0.9180, val_precision=0.8151, val_sensitivity=0.8315; val_specificity=0.9623
2026-03-29 02:23:12,286 - NEW BEST @ epoch 17: train_auc=0.9947, val_auc=0.9850, val_aupr=0.9341, val_precision=0.8434, val_sensitivity=0.8681; val_specificity=0.9678
2026-03-29 02:40:49,716 - NEW BEST @ epoch 22: train_auc=0.9970, val_auc=0.9875, val_aupr=0.9462, val_precision=0.8696, val_sensitivity=0.8791; val_specificity=0.9736
2026-03-29 03:23:04,865 - NEW BEST @ epoch 34: train_auc=0.9991, val_auc=0.9900, val_aupr=0.9575, val_precision=0.8877, val_sensitivity=0.8828; val_specificity=0.9777
2026-03-29 04:16:11,265 - MolecularDataset hyperparamets -> dataset=dataset1, trategy=conditional, aug train=False, aug eval=False
2026-03-29 04:16:23,043 - Test Loss: 1.5344
2026-03-29 04:16:23,043 - Test AUC: 0.9094
2026-03-29 04:16:23,043 - Test AUPR: 0.8387
2026-03-29 04:16:23,043 - Test Precision: 0.0000
2026-03-29 04:16:23,043 - Test Sensitivity (Recall): 0.0000
2026-03-29 04:16:23,043 - Test Specificity: 0.9937
2026-03-29 04:16:23,051 - ---- Start Training & Testing Fold 2 ----
2026-03-29 04:16:23,052 - experiment 1 ...
2026-03-29 04:16:23,055 - --- Executing CV with scaffold split with hyperparameters: use_struct=True, save_probs=False, seed=42 ...
2026-03-29 04:16:23,055 - Dataset path -> datasets/multi_ppimi_s4_tests_splits_with_my_train
2026-03-29 04:16:23,097 - Initialized model | excluded=None | mlp_dropout=0.3 | head_dropout=0.3 | self_attn_dropout=0.0 | join_attn_feat=ppiformer | compound_dim=128 | compound_proj_dim=256 | ppi_fuse_setting=gate | head_fuse=cat | proj_feat=False
2026-03-29 04:16:23,102 - Excluded modalities: []
2026-03-29 04:16:23,148 - Active modalities: ['esm', 'fegs', 'gae']
2026-03-29 04:16:51,909 - MolecularDataset hyperparamets -> dataset=dataset1, trategy=conditional, aug train=False, aug eval=False
2026-03-29 04:17:00,579 - MolecularDataset hyperparamets -> dataset=dataset1, trategy=conditional, aug train=False, aug eval=False
2026-03-29 04:17:05,594 - MolecularDataset hyperparamets -> dataset=dataset1, trategy=conditional, aug train=False, aug eval=False
2026-03-29 04:17:25,917 - ---- train loader size -> 68988, val loader size 3636 ----
2026-03-29 04:21:18,365 - NEW BEST @ epoch 1: train_auc=0.7314, val_auc=0.8247, val_aupr=0.6032, val_precision=0.3132, val_sensitivity=0.7937; val_specificity=0.6518
2026-03-29 04:25:11,461 - NEW BEST @ epoch 2: train_auc=0.8895, val_auc=0.8942, val_aupr=0.7107, val_precision=0.4078, val_sensitivity=0.8317; val_specificity=0.7584
2026-03-29 04:29:04,702 - NEW BEST @ epoch 3: train_auc=0.9336, val_auc=0.9249, val_aupr=0.7657, val_precision=0.5040, val_sensitivity=0.8350; val_specificity=0.8356
2026-03-29 04:32:57,903 - NEW BEST @ epoch 4: train_auc=0.9556, val_auc=0.9375, val_aupr=0.7967, val_precision=0.5397, val_sensitivity=0.8515; val_specificity=0.8548
2026-03-29 04:36:51,748 - NEW BEST @ epoch 5: train_auc=0.9668, val_auc=0.9526, val_aupr=0.8351, val_precision=0.5928, val_sensitivity=0.8746; val_specificity=0.8799
2026-03-29 04:40:45,384 - NEW BEST @ epoch 6: train_auc=0.9732, val_auc=0.9578, val_aupr=0.8527, val_precision=0.6400, val_sensitivity=0.8597; val_specificity=0.9033
2026-03-29 04:44:38,854 - NEW BEST @ epoch 7: train_auc=0.9785, val_auc=0.9606, val_aupr=0.8611, val_precision=0.6767, val_sensitivity=0.8498; val_specificity=0.9188
2026-03-29 04:48:33,391 - NEW BEST @ epoch 8: train_auc=0.9819, val_auc=0.9633, val_aupr=0.8704, val_precision=0.7108, val_sensitivity=0.8234; val_specificity=0.9330
2026-03-29 04:52:27,705 - NEW BEST @ epoch 9: train_auc=0.9860, val_auc=0.9661, val_aupr=0.8801, val_precision=0.7399, val_sensitivity=0.8449; val_specificity=0.9406
2026-03-29 04:56:22,660 - NEW BEST @ epoch 10: train_auc=0.9888, val_auc=0.9710, val_aupr=0.8924, val_precision=0.7705, val_sensitivity=0.8201; val_specificity=0.9512
2026-03-29 05:00:16,506 - NEW BEST @ epoch 11: train_auc=0.9906, val_auc=0.9749, val_aupr=0.9044, val_precision=0.7776, val_sensitivity=0.8366; val_specificity=0.9521
2026-03-29 05:04:04,478 - NEW BEST @ epoch 12: train_auc=0.9923, val_auc=0.9782, val_aupr=0.9156, val_precision=0.8235, val_sensitivity=0.8317; val_specificity=0.9644
2026-03-29 05:11:41,705 - NEW BEST @ epoch 14: train_auc=0.9950, val_auc=0.9818, val_aupr=0.9303, val_precision=0.8177, val_sensitivity=0.8515; val_specificity=0.9620
2026-03-29 05:22:59,499 - NEW BEST @ epoch 17: train_auc=0.9968, val_auc=0.9848, val_aupr=0.9425, val_precision=0.8600, val_sensitivity=0.8515; val_specificity=0.9723
2026-03-29 05:34:24,283 - NEW BEST @ epoch 20: train_auc=0.9979, val_auc=0.9870, val_aupr=0.9501, val_precision=0.8496, val_sensitivity=0.8762; val_specificity=0.9690
2026-03-29 05:53:27,258 - NEW BEST @ epoch 25: train_auc=0.9989, val_auc=0.9891, val_aupr=0.9584, val_precision=0.8560, val_sensitivity=0.8927; val_specificity=0.9700
2026-03-29 06:46:53,662 - NEW BEST @ epoch 39: train_auc=0.9998, val_auc=0.9914, val_aupr=0.9667, val_precision=0.9013, val_sensitivity=0.8894; val_specificity=0.9805
2026-03-29 07:44:41,823 - MolecularDataset hyperparamets -> dataset=dataset1, trategy=conditional, aug train=False, aug eval=False
2026-03-29 07:44:52,588 - Test Loss: 1.8609
2026-03-29 07:44:52,588 - Test AUC: 0.8705
2026-03-29 07:44:52,588 - Test AUPR: 0.8332
2026-03-29 07:44:52,588 - Test Precision: 0.6667
2026-03-29 07:44:52,588 - Test Sensitivity (Recall): 0.0492
2026-03-29 07:44:52,588 - Test Specificity: 0.9631
2026-03-29 07:44:52,596 - ---- Start Training & Testing Fold 3 ----
2026-03-29 07:44:52,597 - experiment 1 ...
2026-03-29 07:44:52,600 - --- Executing CV with scaffold split with hyperparameters: use_struct=True, save_probs=False, seed=42 ...
2026-03-29 07:44:52,600 - Dataset path -> datasets/multi_ppimi_s4_tests_splits_with_my_train
2026-03-29 07:44:52,639 - Initialized model | excluded=None | mlp_dropout=0.3 | head_dropout=0.3 | self_attn_dropout=0.0 | join_attn_feat=ppiformer | compound_dim=128 | compound_proj_dim=256 | ppi_fuse_setting=gate | head_fuse=cat | proj_feat=False
2026-03-29 07:44:52,644 - Excluded modalities: []
2026-03-29 07:44:52,690 - Active modalities: ['esm', 'fegs', 'gae']
2026-03-29 07:45:20,337 - MolecularDataset hyperparamets -> dataset=dataset1, trategy=conditional, aug train=False, aug eval=False
2026-03-29 07:45:28,868 - MolecularDataset hyperparamets -> dataset=dataset1, trategy=conditional, aug train=False, aug eval=False
2026-03-29 07:45:33,838 - MolecularDataset hyperparamets -> dataset=dataset1, trategy=conditional, aug train=False, aug eval=False
2026-03-29 07:45:48,946 - ---- train loader size -> 65748, val loader size 3462 ----
2026-03-29 07:49:25,018 - NEW BEST @ epoch 1: train_auc=0.7225, val_auc=0.8645, val_aupr=0.6735, val_precision=0.3291, val_sensitivity=0.8510; val_specificity=0.6530
2026-03-29 07:53:03,343 - NEW BEST @ epoch 2: train_auc=0.8837, val_auc=0.9218, val_aupr=0.7716, val_precision=0.4410, val_sensitivity=0.8804; val_specificity=0.7768
2026-03-29 07:56:42,088 - NEW BEST @ epoch 3: train_auc=0.9313, val_auc=0.9380, val_aupr=0.8019, val_precision=0.4748, val_sensitivity=0.8995; val_specificity=0.8010
2026-03-29 08:00:19,780 - NEW BEST @ epoch 4: train_auc=0.9499, val_auc=0.9529, val_aupr=0.8321, val_precision=0.5611, val_sensitivity=0.8995; val_specificity=0.8593
2026-03-29 08:03:57,812 - NEW BEST @ epoch 5: train_auc=0.9623, val_auc=0.9598, val_aupr=0.8568, val_precision=0.6127, val_sensitivity=0.8718; val_specificity=0.8898
2026-03-29 08:07:36,515 - NEW BEST @ epoch 6: train_auc=0.9697, val_auc=0.9639, val_aupr=0.8652, val_precision=0.6732, val_sensitivity=0.8354; val_specificity=0.9189
2026-03-29 08:11:14,465 - NEW BEST @ epoch 7: train_auc=0.9755, val_auc=0.9689, val_aupr=0.8834, val_precision=0.6976, val_sensitivity=0.8475; val_specificity=0.9265
2026-03-29 08:14:52,524 - NEW BEST @ epoch 8: train_auc=0.9795, val_auc=0.9731, val_aupr=0.8963, val_precision=0.7045, val_sensitivity=0.8718; val_specificity=0.9269
2026-03-29 08:18:30,709 - NEW BEST @ epoch 9: train_auc=0.9841, val_auc=0.9762, val_aupr=0.9061, val_precision=0.7367, val_sensitivity=0.8631; val_specificity=0.9383
2026-03-29 08:22:08,906 - NEW BEST @ epoch 10: train_auc=0.9869, val_auc=0.9783, val_aupr=0.9133, val_precision=0.7591, val_sensitivity=0.8631; val_specificity=0.9452
2026-03-29 08:25:47,539 - NEW BEST @ epoch 11: train_auc=0.9891, val_auc=0.9805, val_aupr=0.9209, val_precision=0.7876, val_sensitivity=0.8614; val_specificity=0.9536
2026-03-29 08:33:02,602 - NEW BEST @ epoch 13: train_auc=0.9919, val_auc=0.9833, val_aupr=0.9308, val_precision=0.8220, val_sensitivity=0.8562; val_specificity=0.9629
2026-03-29 08:36:39,738 - NEW BEST @ epoch 14: train_auc=0.9934, val_auc=0.9853, val_aupr=0.9411, val_precision=0.8372, val_sensitivity=0.8648; val_specificity=0.9664
2026-03-29 08:43:55,349 - NEW BEST @ epoch 16: train_auc=0.9953, val_auc=0.9882, val_aupr=0.9529, val_precision=0.8719, val_sensitivity=0.8614; val_specificity=0.9747
2026-03-29 08:58:26,912 - NEW BEST @ epoch 20: train_auc=0.9973, val_auc=0.9906, val_aupr=0.9621, val_precision=0.8918, val_sensitivity=0.8718; val_specificity=0.9789
2026-03-29 09:23:51,085 - NEW BEST @ epoch 27: train_auc=0.9988, val_auc=0.9926, val_aupr=0.9697, val_precision=0.8953, val_sensitivity=0.8891; val_specificity=0.9792
2026-03-29 10:19:05,695 - MolecularDataset hyperparamets -> dataset=dataset1, trategy=conditional, aug train=False, aug eval=False
2026-03-29 10:19:15,784 - Test Loss: 0.8515
2026-03-29 10:19:15,784 - Test AUC: 0.9074
2026-03-29 10:19:15,784 - Test AUPR: 0.8785
2026-03-29 10:19:15,784 - Test Precision: 0.9672
2026-03-29 10:19:15,784 - Test Sensitivity (Recall): 0.2757
2026-03-29 10:19:15,784 - Test Specificity: 0.9922
2026-03-29 10:19:15,795 - ---- Start Training & Testing Fold 4 ----
2026-03-29 10:19:15,795 - experiment 1 ...
2026-03-29 10:19:15,798 - --- Executing CV with scaffold split with hyperparameters: use_struct=True, save_probs=False, seed=42 ...
2026-03-29 10:19:15,798 - Dataset path -> datasets/multi_ppimi_s4_tests_splits_with_my_train
2026-03-29 10:19:15,827 - Initialized model | excluded=None | mlp_dropout=0.3 | head_dropout=0.3 | self_attn_dropout=0.0 | join_attn_feat=ppiformer | compound_dim=128 | compound_proj_dim=256 | ppi_fuse_setting=gate | head_fuse=cat | proj_feat=False
2026-03-29 10:19:15,831 - Excluded modalities: []
2026-03-29 10:19:15,877 - Active modalities: ['esm', 'fegs', 'gae']
2026-03-29 10:19:34,801 - MolecularDataset hyperparamets -> dataset=dataset1, trategy=conditional, aug train=False, aug eval=False
2026-03-29 10:19:42,130 - MolecularDataset hyperparamets -> dataset=dataset1, trategy=conditional, aug train=False, aug eval=False
2026-03-29 10:19:47,089 - MolecularDataset hyperparamets -> dataset=dataset1, trategy=conditional, aug train=False, aug eval=False
2026-03-29 10:19:51,953 - ---- train loader size -> 45126, val loader size 2376 ----
2026-03-29 10:22:23,985 - NEW BEST @ epoch 1: train_auc=0.6383, val_auc=0.7641, val_aupr=0.5006, val_precision=0.2652, val_sensitivity=0.8056; val_specificity=0.5535
2026-03-29 10:24:55,509 - NEW BEST @ epoch 2: train_auc=0.7989, val_auc=0.8497, val_aupr=0.6161, val_precision=0.3467, val_sensitivity=0.8308; val_specificity=0.6869
2026-03-29 10:27:27,187 - NEW BEST @ epoch 3: train_auc=0.8671, val_auc=0.8780, val_aupr=0.6561, val_precision=0.4066, val_sensitivity=0.8131; val_specificity=0.7626
2026-03-29 10:29:59,245 - NEW BEST @ epoch 4: train_auc=0.8938, val_auc=0.9048, val_aupr=0.7101, val_precision=0.4342, val_sensitivity=0.8662; val_specificity=0.7742
2026-03-29 10:32:31,154 - NEW BEST @ epoch 5: train_auc=0.9148, val_auc=0.9106, val_aupr=0.7248, val_precision=0.4946, val_sensitivity=0.8131; val_specificity=0.8338
2026-03-29 10:35:02,786 - NEW BEST @ epoch 6: train_auc=0.9283, val_auc=0.9233, val_aupr=0.7548, val_precision=0.5083, val_sensitivity=0.8485; val_specificity=0.8359
2026-03-29 10:37:34,599 - NEW BEST @ epoch 7: train_auc=0.9381, val_auc=0.9365, val_aupr=0.7852, val_precision=0.5477, val_sensitivity=0.8561; val_specificity=0.8586
2026-03-29 10:42:38,365 - NEW BEST @ epoch 9: train_auc=0.9536, val_auc=0.9453, val_aupr=0.8119, val_precision=0.6534, val_sensitivity=0.7904; val_specificity=0.9162
2026-03-29 10:47:41,256 - NEW BEST @ epoch 11: train_auc=0.9649, val_auc=0.9531, val_aupr=0.8392, val_precision=0.7094, val_sensitivity=0.7828; val_specificity=0.9359
2026-03-29 10:52:44,150 - NEW BEST @ epoch 13: train_auc=0.9725, val_auc=0.9585, val_aupr=0.8533, val_precision=0.7585, val_sensitivity=0.7854; val_specificity=0.9500
2026-03-29 10:55:15,951 - NEW BEST @ epoch 14: train_auc=0.9755, val_auc=0.9622, val_aupr=0.8632, val_precision=0.7524, val_sensitivity=0.7980; val_specificity=0.9475
2026-03-29 11:00:19,164 - NEW BEST @ epoch 16: train_auc=0.9813, val_auc=0.9645, val_aupr=0.8727, val_precision=0.7823, val_sensitivity=0.7803; val_specificity=0.9566
2026-03-29 11:05:22,355 - NEW BEST @ epoch 18: train_auc=0.9859, val_auc=0.9683, val_aupr=0.8851, val_precision=0.8189, val_sensitivity=0.7652; val_specificity=0.9662
2026-03-29 11:07:54,348 - NEW BEST @ epoch 19: train_auc=0.9874, val_auc=0.9711, val_aupr=0.8925, val_precision=0.7884, val_sensitivity=0.7904; val_specificity=0.9576
2026-03-29 11:17:53,694 - NEW BEST @ epoch 23: train_auc=0.9923, val_auc=0.9754, val_aupr=0.9068, val_precision=0.8307, val_sensitivity=0.7929; val_specificity=0.9677
2026-03-29 11:27:52,413 - NEW BEST @ epoch 27: train_auc=0.9949, val_auc=0.9775, val_aupr=0.9140, val_precision=0.8543, val_sensitivity=0.7551; val_specificity=0.9742
2026-03-29 12:06:08,675 - MolecularDataset hyperparamets -> dataset=dataset1, trategy=conditional, aug train=False, aug eval=False
2026-03-29 12:06:30,644 - Test Loss: 0.4367
2026-03-29 12:06:30,644 - Test AUC: 0.9461
2026-03-29 12:06:30,645 - Test AUPR: 0.8725
2026-03-29 12:06:30,645 - Test Precision: 0.9126
2026-03-29 12:06:30,645 - Test Sensitivity (Recall): 0.6233
2026-03-29 12:06:30,645 - Test Specificity: 0.9564
2026-03-29 12:06:30,660 - ---- Start Training & Testing Fold 5 ----
2026-03-29 12:06:30,661 - experiment 1 ...
2026-03-29 12:06:30,664 - --- Executing CV with scaffold split with hyperparameters: use_struct=True, save_probs=False, seed=42 ...
2026-03-29 12:06:30,664 - Dataset path -> datasets/multi_ppimi_s4_tests_splits_with_my_train
2026-03-29 12:06:30,700 - Initialized model | excluded=None | mlp_dropout=0.3 | head_dropout=0.3 | self_attn_dropout=0.0 | join_attn_feat=ppiformer | compound_dim=128 | compound_proj_dim=256 | ppi_fuse_setting=gate | head_fuse=cat | proj_feat=False
2026-03-29 12:06:30,705 - Excluded modalities: []
2026-03-29 12:06:30,751 - Active modalities: ['esm', 'fegs', 'gae']
2026-03-29 12:06:53,770 - MolecularDataset hyperparamets -> dataset=dataset1, trategy=conditional, aug train=False, aug eval=False
2026-03-29 12:07:00,809 - MolecularDataset hyperparamets -> dataset=dataset1, trategy=conditional, aug train=False, aug eval=False
2026-03-29 12:07:05,747 - MolecularDataset hyperparamets -> dataset=dataset1, trategy=conditional, aug train=False, aug eval=False
2026-03-29 12:07:10,635 - ---- train loader size -> 53418, val loader size 2814 ----
2026-03-29 12:10:09,958 - NEW BEST @ epoch 1: train_auc=0.6960, val_auc=0.8370, val_aupr=0.6660, val_precision=0.2995, val_sensitivity=0.8507; val_specificity=0.6021
2026-03-29 12:13:10,529 - NEW BEST @ epoch 2: train_auc=0.8711, val_auc=0.9096, val_aupr=0.7516, val_precision=0.4107, val_sensitivity=0.8827; val_specificity=0.7467
2026-03-29 12:16:10,560 - NEW BEST @ epoch 3: train_auc=0.9238, val_auc=0.9293, val_aupr=0.7812, val_precision=0.4775, val_sensitivity=0.8827; val_specificity=0.8068
2026-03-29 12:19:09,044 - NEW BEST @ epoch 4: train_auc=0.9434, val_auc=0.9445, val_aupr=0.8151, val_precision=0.5323, val_sensitivity=0.8785; val_specificity=0.8456
2026-03-29 12:22:08,567 - NEW BEST @ epoch 5: train_auc=0.9548, val_auc=0.9525, val_aupr=0.8386, val_precision=0.5659, val_sensitivity=0.8785; val_specificity=0.8652
2026-03-29 12:25:08,392 - NEW BEST @ epoch 6: train_auc=0.9637, val_auc=0.9578, val_aupr=0.8511, val_precision=0.6367, val_sensitivity=0.8443; val_specificity=0.9036
2026-03-29 12:28:08,533 - NEW BEST @ epoch 7: train_auc=0.9707, val_auc=0.9623, val_aupr=0.8656, val_precision=0.6718, val_sensitivity=0.8337; val_specificity=0.9186
2026-03-29 12:31:08,570 - NEW BEST @ epoch 8: train_auc=0.9740, val_auc=0.9675, val_aupr=0.8843, val_precision=0.6721, val_sensitivity=0.8785; val_specificity=0.9143
2026-03-29 12:37:09,635 - NEW BEST @ epoch 10: train_auc=0.9830, val_auc=0.9739, val_aupr=0.9064, val_precision=0.7350, val_sensitivity=0.8870; val_specificity=0.9360
2026-03-29 12:40:10,229 - NEW BEST @ epoch 11: train_auc=0.9854, val_auc=0.9774, val_aupr=0.9216, val_precision=0.7792, val_sensitivity=0.8806; val_specificity=0.9501
2026-03-29 12:46:08,698 - NEW BEST @ epoch 13: train_auc=0.9899, val_auc=0.9812, val_aupr=0.9350, val_precision=0.8323, val_sensitivity=0.8678; val_specificity=0.9650
2026-03-29 12:49:07,076 - NEW BEST @ epoch 14: train_auc=0.9918, val_auc=0.9841, val_aupr=0.9452, val_precision=0.7952, val_sensitivity=0.9190; val_specificity=0.9527
2026-03-29 12:55:03,131 - NEW BEST @ epoch 16: train_auc=0.9939, val_auc=0.9864, val_aupr=0.9539, val_precision=0.8431, val_sensitivity=0.9168; val_specificity=0.9659
2026-03-29 13:00:59,518 - NEW BEST @ epoch 18: train_auc=0.9957, val_auc=0.9889, val_aupr=0.9662, val_precision=0.8834, val_sensitivity=0.9211; val_specificity=0.9757
2026-03-29 13:12:53,221 - NEW BEST @ epoch 22: train_auc=0.9976, val_auc=0.9915, val_aupr=0.9729, val_precision=0.9025, val_sensitivity=0.9275; val_specificity=0.9800
2026-03-29 13:33:40,507 - NEW BEST @ epoch 29: train_auc=0.9992, val_auc=0.9937, val_aupr=0.9812, val_precision=0.9287, val_sensitivity=0.9446; val_specificity=0.9855
2026-03-29 14:09:17,883 - NEW BEST @ epoch 41: train_auc=0.9997, val_auc=0.9958, val_aupr=0.9850, val_precision=0.9648, val_sensitivity=0.9360; val_specificity=0.9932
2026-03-29 14:54:20,300 - MolecularDataset hyperparamets -> dataset=dataset1, trategy=conditional, aug train=False, aug eval=False
2026-03-29 14:54:41,284 - Test Loss: 0.8175
2026-03-29 14:54:41,284 - Test AUC: 0.8554
2026-03-29 14:54:41,284 - Test AUPR: 0.8495
2026-03-29 14:54:41,284 - Test Precision: 0.9094
2026-03-29 14:54:41,284 - Test Sensitivity (Recall): 0.3268
2026-03-29 14:54:41,284 - Test Specificity: 0.9648
2026-03-29 14:54:41,302 - Saved/updated summary to: results/result_tables/final_results/hyperparam_search_2503.csv
2026-03-29 14:54:41,302 - [2503@j2] Running hyperparameter set 7/12 | lr=5e-05 | weight_decay=0.001 | mlp_dropout=0.3 | head_dropout=0.3 | self_attn_dropout=0.0 | compound_proj_dim=256 | ppi_fuse_setting=gate | head_fuse=cat | proj_feat=True
2026-03-29 14:54:41,302 - ---- Start Training & Testing Fold 1 ----
2026-03-29 14:54:41,302 - experiment 1 ...
2026-03-29 14:54:41,305 - --- Executing CV with scaffold split with hyperparameters: use_struct=True, save_probs=False, seed=42 ...
2026-03-29 14:54:41,305 - Dataset path -> datasets/multi_ppimi_s4_tests_splits_with_my_train
2026-03-29 14:54:41,344 - Initialized model | excluded=None | mlp_dropout=0.3 | head_dropout=0.3 | self_attn_dropout=0.0 | join_attn_feat=ppiformer | compound_dim=128 | compound_proj_dim=256 | ppi_fuse_setting=gate | head_fuse=cat | proj_feat=True
2026-03-29 14:54:41,348 - Excluded modalities: []
2026-03-29 14:54:41,369 - Active modalities: ['esm', 'fegs', 'gae']
2026-03-29 14:55:06,685 - MolecularDataset hyperparamets -> dataset=dataset1, trategy=conditional, aug train=False, aug eval=False
2026-03-29 14:55:15,028 - MolecularDataset hyperparamets -> dataset=dataset1, trategy=conditional, aug train=False, aug eval=False
2026-03-29 14:55:20,032 - MolecularDataset hyperparamets -> dataset=dataset1, trategy=conditional, aug train=False, aug eval=False
2026-03-29 14:55:25,070 - ---- train loader size -> 62190, val loader size 3276 ----
2026-03-29 14:58:48,854 - NEW BEST @ epoch 1: train_auc=0.9036, val_auc=0.9409, val_aupr=0.7981, val_precision=0.5885, val_sensitivity=0.7857; val_specificity=0.8901
2026-03-29 15:02:13,294 - NEW BEST @ epoch 2: train_auc=0.9696, val_auc=0.9641, val_aupr=0.8595, val_precision=0.7304, val_sensitivity=0.7692; val_specificity=0.9432
2026-03-29 15:05:37,691 - NEW BEST @ epoch 3: train_auc=0.9848, val_auc=0.9786, val_aupr=0.9143, val_precision=0.8574, val_sensitivity=0.7821; val_specificity=0.9740
2026-03-29 15:12:30,130 - NEW BEST @ epoch 5: train_auc=0.9942, val_auc=0.9853, val_aupr=0.9393, val_precision=0.8824, val_sensitivity=0.8516; val_specificity=0.9773
2026-03-29 15:15:54,819 - NEW BEST @ epoch 6: train_auc=0.9959, val_auc=0.9874, val_aupr=0.9469, val_precision=0.8650, val_sensitivity=0.8919; val_specificity=0.9722
2026-03-29 15:26:08,363 - NEW BEST @ epoch 9: train_auc=0.9983, val_auc=0.9895, val_aupr=0.9568, val_precision=0.8961, val_sensitivity=0.8846; val_specificity=0.9795
2026-03-29 16:21:48,133 - MolecularDataset hyperparamets -> dataset=dataset1, trategy=conditional, aug train=False, aug eval=False
2026-03-29 16:21:59,824 - Test Loss: 1.4411
2026-03-29 16:21:59,824 - Test AUC: 0.9034
2026-03-29 16:21:59,824 - Test AUPR: 0.8518
2026-03-29 16:21:59,824 - Test Precision: 0.0000
2026-03-29 16:21:59,824 - Test Sensitivity (Recall): 0.0000
2026-03-29 16:21:59,824 - Test Specificity: 1.0000
2026-03-29 16:21:59,834 - ---- Start Training & Testing Fold 2 ----
2026-03-29 16:21:59,835 - experiment 1 ...
2026-03-29 16:21:59,838 - --- Executing CV with scaffold split with hyperparameters: use_struct=True, save_probs=False, seed=42 ...
2026-03-29 16:21:59,838 - Dataset path -> datasets/multi_ppimi_s4_tests_splits_with_my_train
2026-03-29 16:21:59,882 - Initialized model | excluded=None | mlp_dropout=0.3 | head_dropout=0.3 | self_attn_dropout=0.0 | join_attn_feat=ppiformer | compound_dim=128 | compound_proj_dim=256 | ppi_fuse_setting=gate | head_fuse=cat | proj_feat=True
2026-03-29 16:21:59,886 - Excluded modalities: []
2026-03-29 16:21:59,907 - Active modalities: ['esm', 'fegs', 'gae']
2026-03-29 16:22:29,117 - MolecularDataset hyperparamets -> dataset=dataset1, trategy=conditional, aug train=False, aug eval=False
2026-03-29 16:22:45,701 - MolecularDataset hyperparamets -> dataset=dataset1, trategy=conditional, aug train=False, aug eval=False
2026-03-29 16:23:27,727 - MolecularDataset hyperparamets -> dataset=dataset1, trategy=conditional, aug train=False, aug eval=False
2026-03-29 16:23:42,615 - ---- train loader size -> 68988, val loader size 3636 ----
2026-03-29 16:27:38,947 - NEW BEST @ epoch 1: train_auc=0.9086, val_auc=0.9482, val_aupr=0.8240, val_precision=0.6158, val_sensitivity=0.8515; val_specificity=0.8937
2026-03-29 16:31:28,085 - NEW BEST @ epoch 2: train_auc=0.9754, val_auc=0.9641, val_aupr=0.8695, val_precision=0.7609, val_sensitivity=0.7772; val_specificity=0.9512
2026-03-29 16:35:17,796 - NEW BEST @ epoch 3: train_auc=0.9888, val_auc=0.9752, val_aupr=0.9067, val_precision=0.8672, val_sensitivity=0.7541; val_specificity=0.9769
2026-03-29 16:39:06,499 - NEW BEST @ epoch 4: train_auc=0.9942, val_auc=0.9795, val_aupr=0.9275, val_precision=0.8458, val_sensitivity=0.8416; val_specificity=0.9693
2026-03-29 16:42:56,620 - NEW BEST @ epoch 5: train_auc=0.9962, val_auc=0.9844, val_aupr=0.9453, val_precision=0.8782, val_sensitivity=0.8449; val_specificity=0.9766
2026-03-29 16:50:35,210 - NEW BEST @ epoch 7: train_auc=0.9981, val_auc=0.9881, val_aupr=0.9542, val_precision=0.8868, val_sensitivity=0.8663; val_specificity=0.9779
2026-03-29 17:14:02,736 - NEW BEST @ epoch 13: train_auc=0.9995, val_auc=0.9918, val_aupr=0.9718, val_precision=0.9222, val_sensitivity=0.8993; val_specificity=0.9848
2026-03-29 18:12:42,918 - MolecularDataset hyperparamets -> dataset=dataset1, trategy=conditional, aug train=False, aug eval=False
2026-03-29 18:12:53,774 - Test Loss: 2.3744
2026-03-29 18:12:53,775 - Test AUC: 0.8218
2026-03-29 18:12:53,775 - Test AUPR: 0.7876
2026-03-29 18:12:53,775 - Test Precision: 0.3571
2026-03-29 18:12:53,775 - Test Sensitivity (Recall): 0.0154
2026-03-29 18:12:53,775 - Test Specificity: 0.9585
2026-03-29 18:12:53,784 - ---- Start Training & Testing Fold 3 ----
2026-03-29 18:12:53,785 - experiment 1 ...
2026-03-29 18:12:53,788 - --- Executing CV with scaffold split with hyperparameters: use_struct=True, save_probs=False, seed=42 ...
2026-03-29 18:12:53,788 - Dataset path -> datasets/multi_ppimi_s4_tests_splits_with_my_train
2026-03-29 18:12:53,831 - Initialized model | excluded=None | mlp_dropout=0.3 | head_dropout=0.3 | self_attn_dropout=0.0 | join_attn_feat=ppiformer | compound_dim=128 | compound_proj_dim=256 | ppi_fuse_setting=gate | head_fuse=cat | proj_feat=True
2026-03-29 18:12:53,836 - Excluded modalities: []
2026-03-29 18:12:53,857 - Active modalities: ['esm', 'fegs', 'gae']
2026-03-29 18:13:21,092 - MolecularDataset hyperparamets -> dataset=dataset1, trategy=conditional, aug train=False, aug eval=False
2026-03-29 18:13:39,065 - MolecularDataset hyperparamets -> dataset=dataset1, trategy=conditional, aug train=False, aug eval=False
2026-03-29 18:13:54,803 - MolecularDataset hyperparamets -> dataset=dataset1, trategy=conditional, aug train=False, aug eval=False
2026-03-29 18:14:33,982 - ---- train loader size -> 65748, val loader size 3462 ----
2026-03-29 18:18:12,857 - NEW BEST @ epoch 1: train_auc=0.9045, val_auc=0.9542, val_aupr=0.8387, val_precision=0.6230, val_sensitivity=0.8562; val_specificity=0.8964
2026-03-29 18:21:52,888 - NEW BEST @ epoch 2: train_auc=0.9708, val_auc=0.9766, val_aupr=0.9058, val_precision=0.7817, val_sensitivity=0.8128; val_specificity=0.9546
2026-03-29 18:25:32,544 - NEW BEST @ epoch 3: train_auc=0.9856, val_auc=0.9791, val_aupr=0.9193, val_precision=0.8034, val_sensitivity=0.8146; val_specificity=0.9601
2026-03-29 18:29:12,840 - NEW BEST @ epoch 4: train_auc=0.9920, val_auc=0.9860, val_aupr=0.9451, val_precision=0.8436, val_sensitivity=0.8787; val_specificity=0.9674
2026-03-29 18:36:34,646 - NEW BEST @ epoch 6: train_auc=0.9966, val_auc=0.9881, val_aupr=0.9560, val_precision=0.9156, val_sensitivity=0.8458; val_specificity=0.9844
2026-03-29 18:47:35,633 - NEW BEST @ epoch 9: train_auc=0.9986, val_auc=0.9920, val_aupr=0.9658, val_precision=0.8942, val_sensitivity=0.9081; val_specificity=0.9785
2026-03-29 19:46:59,551 - MolecularDataset hyperparamets -> dataset=dataset1, trategy=conditional, aug train=False, aug eval=False
2026-03-29 19:47:09,684 - Test Loss: 0.9638
2026-03-29 19:47:09,684 - Test AUC: 0.9007
2026-03-29 19:47:09,684 - Test AUPR: 0.8577
2026-03-29 19:47:09,684 - Test Precision: 0.9322
2026-03-29 19:47:09,684 - Test Sensitivity (Recall): 0.2570
2026-03-29 19:47:09,684 - Test Specificity: 0.9844
2026-03-29 19:47:09,695 - ---- Start Training & Testing Fold 4 ----
2026-03-29 19:47:09,695 - experiment 1 ...
2026-03-29 19:47:09,698 - --- Executing CV with scaffold split with hyperparameters: use_struct=True, save_probs=False, seed=42 ...
2026-03-29 19:47:09,698 - Dataset path -> datasets/multi_ppimi_s4_tests_splits_with_my_train
2026-03-29 19:47:09,727 - Initialized model | excluded=None | mlp_dropout=0.3 | head_dropout=0.3 | self_attn_dropout=0.0 | join_attn_feat=ppiformer | compound_dim=128 | compound_proj_dim=256 | ppi_fuse_setting=gate | head_fuse=cat | proj_feat=True
2026-03-29 19:47:09,732 - Excluded modalities: []
2026-03-29 19:47:09,752 - Active modalities: ['esm', 'fegs', 'gae']
2026-03-29 19:47:28,283 - MolecularDataset hyperparamets -> dataset=dataset1, trategy=conditional, aug train=False, aug eval=False
2026-03-29 19:47:35,658 - MolecularDataset hyperparamets -> dataset=dataset1, trategy=conditional, aug train=False, aug eval=False
2026-03-29 19:47:41,068 - MolecularDataset hyperparamets -> dataset=dataset1, trategy=conditional, aug train=False, aug eval=False
2026-03-29 19:48:05,344 - ---- train loader size -> 45126, val loader size 2376 ----
2026-03-29 19:50:36,021 - NEW BEST @ epoch 1: train_auc=0.8321, val_auc=0.9078, val_aupr=0.7262, val_precision=0.5065, val_sensitivity=0.7854; val_specificity=0.8470
2026-03-29 19:53:07,151 - NEW BEST @ epoch 2: train_auc=0.9368, val_auc=0.9384, val_aupr=0.7985, val_precision=0.6729, val_sensitivity=0.7222; val_specificity=0.9298
2026-03-29 19:55:38,349 - NEW BEST @ epoch 3: train_auc=0.9645, val_auc=0.9501, val_aupr=0.8393, val_precision=0.7809, val_sensitivity=0.7020; val_specificity=0.9606
2026-03-29 19:58:10,018 - NEW BEST @ epoch 4: train_auc=0.9767, val_auc=0.9667, val_aupr=0.8845, val_precision=0.8037, val_sensitivity=0.7753; val_specificity=0.9621
2026-03-29 20:00:41,541 - NEW BEST @ epoch 5: train_auc=0.9842, val_auc=0.9688, val_aupr=0.8920, val_precision=0.8735, val_sensitivity=0.7146; val_specificity=0.9793
2026-03-29 20:03:12,162 - NEW BEST @ epoch 6: train_auc=0.9890, val_auc=0.9712, val_aupr=0.9025, val_precision=0.8815, val_sensitivity=0.7323; val_specificity=0.9803
2026-03-29 20:08:14,561 - NEW BEST @ epoch 8: train_auc=0.9947, val_auc=0.9762, val_aupr=0.9147, val_precision=0.8785, val_sensitivity=0.7854; val_specificity=0.9783
2026-03-29 20:10:45,787 - NEW BEST @ epoch 9: train_auc=0.9962, val_auc=0.9798, val_aupr=0.9224, val_precision=0.8638, val_sensitivity=0.8005; val_specificity=0.9747
2026-03-29 20:51:29,244 - MolecularDataset hyperparamets -> dataset=dataset1, trategy=conditional, aug train=False, aug eval=False
2026-03-29 20:51:51,144 - Test Loss: 0.4863
2026-03-29 20:51:51,145 - Test AUC: 0.9308
2026-03-29 20:51:51,145 - Test AUPR: 0.8755
2026-03-29 20:51:51,145 - Test Precision: 0.9167
2026-03-29 20:51:51,145 - Test Sensitivity (Recall): 0.6064
2026-03-29 20:51:51,145 - Test Specificity: 0.9598
2026-03-29 20:51:51,154 - ---- Start Training & Testing Fold 5 ----
2026-03-29 20:51:51,154 - experiment 1 ...
2026-03-29 20:51:51,157 - --- Executing CV with scaffold split with hyperparameters: use_struct=True, save_probs=False, seed=42 ...
2026-03-29 20:51:51,157 - Dataset path -> datasets/multi_ppimi_s4_tests_splits_with_my_train
2026-03-29 20:51:51,192 - Initialized model | excluded=None | mlp_dropout=0.3 | head_dropout=0.3 | self_attn_dropout=0.0 | join_attn_feat=ppiformer | compound_dim=128 | compound_proj_dim=256 | ppi_fuse_setting=gate | head_fuse=cat | proj_feat=True
2026-03-29 20:51:51,196 - Excluded modalities: []
2026-03-29 20:51:51,217 - Active modalities: ['esm', 'fegs', 'gae']
2026-03-29 20:52:14,850 - MolecularDataset hyperparamets -> dataset=dataset1, trategy=conditional, aug train=False, aug eval=False
2026-03-29 20:52:22,030 - MolecularDataset hyperparamets -> dataset=dataset1, trategy=conditional, aug train=False, aug eval=False
2026-03-29 20:52:28,390 - MolecularDataset hyperparamets -> dataset=dataset1, trategy=conditional, aug train=False, aug eval=False
2026-03-29 20:53:01,926 - ---- train loader size -> 53418, val loader size 2814 ----
2026-03-29 20:56:00,839 - NEW BEST @ epoch 1: train_auc=0.8906, val_auc=0.9419, val_aupr=0.8189, val_precision=0.5384, val_sensitivity=0.8827; val_specificity=0.8486
2026-03-29 20:59:00,384 - NEW BEST @ epoch 2: train_auc=0.9674, val_auc=0.9688, val_aupr=0.8874, val_precision=0.7480, val_sensitivity=0.8166; val_specificity=0.9450
2026-03-29 21:02:00,790 - NEW BEST @ epoch 3: train_auc=0.9844, val_auc=0.9829, val_aupr=0.9407, val_precision=0.9074, val_sensitivity=0.8145; val_specificity=0.9834
2026-03-29 21:05:01,090 - NEW BEST @ epoch 4: train_auc=0.9913, val_auc=0.9857, val_aupr=0.9540, val_precision=0.9069, val_sensitivity=0.8721; val_specificity=0.9821
2026-03-29 21:08:01,721 - NEW BEST @ epoch 5: train_auc=0.9954, val_auc=0.9883, val_aupr=0.9666, val_precision=0.8943, val_sensitivity=0.9382; val_specificity=0.9778
2026-03-29 21:14:02,864 - NEW BEST @ epoch 7: train_auc=0.9981, val_auc=0.9913, val_aupr=0.9772, val_precision=0.9395, val_sensitivity=0.9275; val_specificity=0.9881
2026-03-29 22:08:51,364 - MolecularDataset hyperparamets -> dataset=dataset1, trategy=conditional, aug train=False, aug eval=False
2026-03-29 22:09:12,353 - Test Loss: 1.2655
2026-03-29 22:09:12,353 - Test AUC: 0.7240
2026-03-29 22:09:12,353 - Test AUPR: 0.7140
2026-03-29 22:09:12,353 - Test Precision: 0.9500
2026-03-29 22:09:12,353 - Test Sensitivity (Recall): 0.1237
2026-03-29 22:09:12,353 - Test Specificity: 0.9930
2026-03-29 22:09:12,373 - Saved/updated summary to: results/result_tables/final_results/hyperparam_search_2503.csv
2026-03-29 22:09:12,374 - [2503@j2] Running hyperparameter set 8/12 | lr=5e-05 | weight_decay=0.001 | mlp_dropout=0.3 | head_dropout=0.3 | self_attn_dropout=0.0 | compound_proj_dim=256 | ppi_fuse_setting=gate | head_fuse=cat | proj_feat=False
2026-03-29 22:09:12,374 - ---- Start Training & Testing Fold 1 ----
2026-03-29 22:09:12,374 - experiment 1 ...
2026-03-29 22:09:12,377 - --- Executing CV with scaffold split with hyperparameters: use_struct=True, save_probs=False, seed=42 ...
2026-03-29 22:09:12,377 - Dataset path -> datasets/multi_ppimi_s4_tests_splits_with_my_train
2026-03-29 22:09:12,419 - Initialized model | excluded=None | mlp_dropout=0.3 | head_dropout=0.3 | self_attn_dropout=0.0 | join_attn_feat=ppiformer | compound_dim=128 | compound_proj_dim=256 | ppi_fuse_setting=gate | head_fuse=cat | proj_feat=False
2026-03-29 22:09:12,423 - Excluded modalities: []
2026-03-29 22:09:12,469 - Active modalities: ['esm', 'fegs', 'gae']
2026-03-29 22:09:37,833 - MolecularDataset hyperparamets -> dataset=dataset1, trategy=conditional, aug train=False, aug eval=False
2026-03-29 22:09:49,698 - MolecularDataset hyperparamets -> dataset=dataset1, trategy=conditional, aug train=False, aug eval=False
2026-03-29 22:09:59,699 - MolecularDataset hyperparamets -> dataset=dataset1, trategy=conditional, aug train=False, aug eval=False
2026-03-29 22:10:38,014 - ---- train loader size -> 62190, val loader size 3276 ----
2026-03-29 22:14:05,989 - NEW BEST @ epoch 1: train_auc=0.8867, val_auc=0.9322, val_aupr=0.7646, val_precision=0.5289, val_sensitivity=0.8535; val_specificity=0.8480
2026-03-29 22:17:34,591 - NEW BEST @ epoch 2: train_auc=0.9668, val_auc=0.9664, val_aupr=0.8652, val_precision=0.6988, val_sensitivity=0.8242; val_specificity=0.9289
2026-03-29 22:21:03,478 - NEW BEST @ epoch 3: train_auc=0.9839, val_auc=0.9772, val_aupr=0.9065, val_precision=0.8224, val_sensitivity=0.7802; val_specificity=0.9663
2026-03-29 22:24:32,477 - NEW BEST @ epoch 4: train_auc=0.9901, val_auc=0.9810, val_aupr=0.9191, val_precision=0.8383, val_sensitivity=0.8260; val_specificity=0.9681
2026-03-29 22:28:01,364 - NEW BEST @ epoch 5: train_auc=0.9932, val_auc=0.9851, val_aupr=0.9364, val_precision=0.8791, val_sensitivity=0.8388; val_specificity=0.9769
2026-03-29 22:48:52,336 - NEW BEST @ epoch 11: train_auc=0.9986, val_auc=0.9878, val_aupr=0.9515, val_precision=0.9058, val_sensitivity=0.8626; val_specificity=0.9821
2026-03-29 23:41:25,072 - MolecularDataset hyperparamets -> dataset=dataset1, trategy=conditional, aug train=False, aug eval=False
2026-03-29 23:41:36,845 - Test Loss: 1.5972
2026-03-29 23:41:36,845 - Test AUC: 0.8565
2026-03-29 23:41:36,845 - Test AUPR: 0.7769
2026-03-29 23:41:36,845 - Test Precision: 0.0000
2026-03-29 23:41:36,845 - Test Sensitivity (Recall): 0.0000
2026-03-29 23:41:36,845 - Test Specificity: 0.9937
2026-03-29 23:41:36,854 - ---- Start Training & Testing Fold 2 ----
2026-03-29 23:41:36,854 - experiment 1 ...
2026-03-29 23:41:36,857 - --- Executing CV with scaffold split with hyperparameters: use_struct=True, save_probs=False, seed=42 ...
2026-03-29 23:41:36,857 - Dataset path -> datasets/multi_ppimi_s4_tests_splits_with_my_train
2026-03-29 23:41:36,899 - Initialized model | excluded=None | mlp_dropout=0.3 | head_dropout=0.3 | self_attn_dropout=0.0 | join_attn_feat=ppiformer | compound_dim=128 | compound_proj_dim=256 | ppi_fuse_setting=gate | head_fuse=cat | proj_feat=False
2026-03-29 23:41:36,904 - Excluded modalities: []
2026-03-29 23:41:36,950 - Active modalities: ['esm', 'fegs', 'gae']
2026-03-29 23:42:05,648 - MolecularDataset hyperparamets -> dataset=dataset1, trategy=conditional, aug train=False, aug eval=False
2026-03-29 23:42:38,210 - MolecularDataset hyperparamets -> dataset=dataset1, trategy=conditional, aug train=False, aug eval=False
2026-03-29 23:42:50,909 - MolecularDataset hyperparamets -> dataset=dataset1, trategy=conditional, aug train=False, aug eval=False
2026-03-29 23:43:25,608 - ---- train loader size -> 68988, val loader size 3636 ----
2026-03-29 23:47:20,077 - NEW BEST @ epoch 1: train_auc=0.8919, val_auc=0.9480, val_aupr=0.8250, val_precision=0.5455, val_sensitivity=0.8894; val_specificity=0.8518
2026-03-29 23:51:15,498 - NEW BEST @ epoch 2: train_auc=0.9728, val_auc=0.9616, val_aupr=0.8668, val_precision=0.7270, val_sensitivity=0.7954; val_specificity=0.9403
2026-03-29 23:55:11,494 - NEW BEST @ epoch 3: train_auc=0.9863, val_auc=0.9738, val_aupr=0.8958, val_precision=0.8238, val_sensitivity=0.7640; val_specificity=0.9673
2026-03-29 23:59:12,507 - NEW BEST @ epoch 4: train_auc=0.9923, val_auc=0.9793, val_aupr=0.9221, val_precision=0.8295, val_sensitivity=0.8350; val_specificity=0.9657
2026-03-30 00:03:09,693 - NEW BEST @ epoch 5: train_auc=0.9952, val_auc=0.9826, val_aupr=0.9343, val_precision=0.8564, val_sensitivity=0.8366; val_specificity=0.9719
2026-03-30 00:07:06,611 - NEW BEST @ epoch 6: train_auc=0.9968, val_auc=0.9854, val_aupr=0.9421, val_precision=0.8576, val_sensitivity=0.8548; val_specificity=0.9716
2026-03-30 00:15:00,648 - NEW BEST @ epoch 8: train_auc=0.9983, val_auc=0.9894, val_aupr=0.9587, val_precision=0.8777, val_sensitivity=0.8878; val_specificity=0.9752
2026-03-30 00:30:34,180 - NEW BEST @ epoch 12: train_auc=0.9992, val_auc=0.9922, val_aupr=0.9681, val_precision=0.9198, val_sensitivity=0.8894; val_specificity=0.9845
2026-03-30 01:29:13,113 - MolecularDataset hyperparamets -> dataset=dataset1, trategy=conditional, aug train=False, aug eval=False
2026-03-30 01:29:24,092 - Test Loss: 2.0050
2026-03-30 01:29:24,092 - Test AUC: 0.8921
2026-03-30 01:29:24,092 - Test AUPR: 0.8558
2026-03-30 01:29:24,093 - Test Precision: 0.7500
2026-03-30 01:29:24,093 - Test Sensitivity (Recall): 0.0369
2026-03-30 01:29:24,093 - Test Specificity: 0.9816
2026-03-30 01:29:24,104 - ---- Start Training & Testing Fold 3 ----
2026-03-30 01:29:24,105 - experiment 1 ...
2026-03-30 01:29:24,108 - --- Executing CV with scaffold split with hyperparameters: use_struct=True, save_probs=False, seed=42 ...
2026-03-30 01:29:24,108 - Dataset path -> datasets/multi_ppimi_s4_tests_splits_with_my_train
2026-03-30 01:29:24,149 - Initialized model | excluded=None | mlp_dropout=0.3 | head_dropout=0.3 | self_attn_dropout=0.0 | join_attn_feat=ppiformer | compound_dim=128 | compound_proj_dim=256 | ppi_fuse_setting=gate | head_fuse=cat | proj_feat=False
2026-03-30 01:29:24,153 - Excluded modalities: []
2026-03-30 01:29:24,200 - Active modalities: ['esm', 'fegs', 'gae']
2026-03-30 01:29:51,438 - MolecularDataset hyperparamets -> dataset=dataset1, trategy=conditional, aug train=False, aug eval=False
2026-03-30 01:30:06,988 - MolecularDataset hyperparamets -> dataset=dataset1, trategy=conditional, aug train=False, aug eval=False
2026-03-30 01:30:17,405 - MolecularDataset hyperparamets -> dataset=dataset1, trategy=conditional, aug train=False, aug eval=False
2026-03-30 01:30:50,757 - ---- train loader size -> 65748, val loader size 3462 ----
2026-03-30 01:34:29,524 - NEW BEST @ epoch 1: train_auc=0.8850, val_auc=0.9534, val_aupr=0.8324, val_precision=0.5856, val_sensitivity=0.8769; val_specificity=0.8759
2026-03-30 01:38:09,646 - NEW BEST @ epoch 2: train_auc=0.9680, val_auc=0.9717, val_aupr=0.8845, val_precision=0.7305, val_sensitivity=0.8128; val_specificity=0.9400
2026-03-30 01:41:49,685 - NEW BEST @ epoch 3: train_auc=0.9846, val_auc=0.9786, val_aupr=0.9124, val_precision=0.7760, val_sensitivity=0.8527; val_specificity=0.9508
2026-03-30 01:45:29,197 - NEW BEST @ epoch 4: train_auc=0.9909, val_auc=0.9855, val_aupr=0.9395, val_precision=0.8095, val_sensitivity=0.8839; val_specificity=0.9584
2026-03-30 01:49:09,443 - NEW BEST @ epoch 5: train_auc=0.9941, val_auc=0.9890, val_aupr=0.9533, val_precision=0.8630, val_sensitivity=0.8735; val_specificity=0.9723
2026-03-30 02:03:50,581 - NEW BEST @ epoch 9: train_auc=0.9984, val_auc=0.9910, val_aupr=0.9669, val_precision=0.8878, val_sensitivity=0.9047; val_specificity=0.9771
2026-03-30 03:03:13,224 - MolecularDataset hyperparamets -> dataset=dataset1, trategy=conditional, aug train=False, aug eval=False
2026-03-30 03:03:23,384 - Test Loss: 1.1801
2026-03-30 03:03:23,384 - Test AUC: 0.8095
2026-03-30 03:03:23,384 - Test AUPR: 0.8070
2026-03-30 03:03:23,384 - Test Precision: 0.9195
2026-03-30 03:03:23,384 - Test Sensitivity (Recall): 0.3738
2026-03-30 03:03:23,384 - Test Specificity: 0.9728
2026-03-30 03:03:23,393 - ---- Start Training & Testing Fold 4 ----
2026-03-30 03:03:23,393 - experiment 1 ...
2026-03-30 03:03:23,396 - --- Executing CV with scaffold split with hyperparameters: use_struct=True, save_probs=False, seed=42 ...
2026-03-30 03:03:23,396 - Dataset path -> datasets/multi_ppimi_s4_tests_splits_with_my_train
2026-03-30 03:03:23,425 - Initialized model | excluded=None | mlp_dropout=0.3 | head_dropout=0.3 | self_attn_dropout=0.0 | join_attn_feat=ppiformer | compound_dim=128 | compound_proj_dim=256 | ppi_fuse_setting=gate | head_fuse=cat | proj_feat=False
2026-03-30 03:03:23,429 - Excluded modalities: []
2026-03-30 03:03:23,475 - Active modalities: ['esm', 'fegs', 'gae']
2026-03-30 03:03:42,059 - MolecularDataset hyperparamets -> dataset=dataset1, trategy=conditional, aug train=False, aug eval=False
2026-03-30 03:03:49,370 - MolecularDataset hyperparamets -> dataset=dataset1, trategy=conditional, aug train=False, aug eval=False
2026-03-30 03:03:54,574 - MolecularDataset hyperparamets -> dataset=dataset1, trategy=conditional, aug train=False, aug eval=False
2026-03-30 03:04:21,203 - ---- train loader size -> 45126, val loader size 2376 ----
2026-03-30 03:06:52,216 - NEW BEST @ epoch 1: train_auc=0.8131, val_auc=0.9023, val_aupr=0.7050, val_precision=0.4678, val_sensitivity=0.8258; val_specificity=0.8121
2026-03-30 03:09:23,772 - NEW BEST @ epoch 2: train_auc=0.9299, val_auc=0.9314, val_aupr=0.7795, val_precision=0.6219, val_sensitivity=0.7601; val_specificity=0.9076
2026-03-30 03:11:55,578 - NEW BEST @ epoch 3: train_auc=0.9602, val_auc=0.9488, val_aupr=0.8274, val_precision=0.7268, val_sensitivity=0.7525; val_specificity=0.9434
2026-03-30 03:14:27,118 - NEW BEST @ epoch 4: train_auc=0.9745, val_auc=0.9630, val_aupr=0.8660, val_precision=0.7525, val_sensitivity=0.7677; val_specificity=0.9495
2026-03-30 03:19:30,922 - NEW BEST @ epoch 6: train_auc=0.9887, val_auc=0.9668, val_aupr=0.8905, val_precision=0.8291, val_sensitivity=0.7348; val_specificity=0.9697
2026-03-30 03:24:34,493 - NEW BEST @ epoch 8: train_auc=0.9944, val_auc=0.9738, val_aupr=0.9145, val_precision=0.8497, val_sensitivity=0.7854; val_specificity=0.9722
2026-03-30 03:42:19,158 - NEW BEST @ epoch 15: train_auc=0.9988, val_auc=0.9767, val_aupr=0.9202, val_precision=0.8540, val_sensitivity=0.7828; val_specificity=0.9732
2026-03-30 04:20:43,068 - MolecularDataset hyperparamets -> dataset=dataset1, trategy=conditional, aug train=False, aug eval=False
2026-03-30 04:21:05,066 - Test Loss: 0.4687
2026-03-30 04:21:05,066 - Test AUC: 0.9490
2026-03-30 04:21:05,066 - Test AUPR: 0.8919
2026-03-30 04:21:05,066 - Test Precision: 0.9274
2026-03-30 04:21:05,066 - Test Sensitivity (Recall): 0.7044
2026-03-30 04:21:05,066 - Test Specificity: 0.9598
2026-03-30 04:21:05,075 - ---- Start Training & Testing Fold 5 ----
2026-03-30 04:21:05,075 - experiment 1 ...
2026-03-30 04:21:05,078 - --- Executing CV with scaffold split with hyperparameters: use_struct=True, save_probs=False, seed=42 ...
2026-03-30 04:21:05,078 - Dataset path -> datasets/multi_ppimi_s4_tests_splits_with_my_train
2026-03-30 04:21:05,112 - Initialized model | excluded=None | mlp_dropout=0.3 | head_dropout=0.3 | self_attn_dropout=0.0 | join_attn_feat=ppiformer | compound_dim=128 | compound_proj_dim=256 | ppi_fuse_setting=gate | head_fuse=cat | proj_feat=False
2026-03-30 04:21:05,116 - Excluded modalities: []
2026-03-30 04:21:05,162 - Active modalities: ['esm', 'fegs', 'gae']
2026-03-30 04:21:28,818 - MolecularDataset hyperparamets -> dataset=dataset1, trategy=conditional, aug train=False, aug eval=False
2026-03-30 04:21:35,977 - MolecularDataset hyperparamets -> dataset=dataset1, trategy=conditional, aug train=False, aug eval=False
2026-03-30 04:21:42,133 - MolecularDataset hyperparamets -> dataset=dataset1, trategy=conditional, aug train=False, aug eval=False
2026-03-30 04:22:14,610 - ---- train loader size -> 53418, val loader size 2814 ----
2026-03-30 04:25:15,876 - NEW BEST @ epoch 1: train_auc=0.8738, val_auc=0.9417, val_aupr=0.8135, val_precision=0.5024, val_sensitivity=0.8891; val_specificity=0.8239
2026-03-30 04:28:17,509 - NEW BEST @ epoch 2: train_auc=0.9627, val_auc=0.9610, val_aupr=0.8592, val_precision=0.6474, val_sensitivity=0.8380; val_specificity=0.9087
2026-03-30 04:31:18,447 - NEW BEST @ epoch 3: train_auc=0.9808, val_auc=0.9741, val_aupr=0.9041, val_precision=0.8234, val_sensitivity=0.7655; val_specificity=0.9672
2026-03-30 04:34:20,206 - NEW BEST @ epoch 4: train_auc=0.9893, val_auc=0.9817, val_aupr=0.9347, val_precision=0.8702, val_sensitivity=0.8145; val_specificity=0.9757
2026-03-30 04:37:21,657 - NEW BEST @ epoch 5: train_auc=0.9936, val_auc=0.9876, val_aupr=0.9571, val_precision=0.8264, val_sensitivity=0.9339; val_specificity=0.9608
2026-03-30 04:46:26,246 - NEW BEST @ epoch 8: train_auc=0.9979, val_auc=0.9909, val_aupr=0.9758, val_precision=0.9182, val_sensitivity=0.9339; val_specificity=0.9834
2026-03-30 05:10:39,813 - NEW BEST @ epoch 16: train_auc=0.9997, val_auc=0.9930, val_aupr=0.9797, val_precision=0.9437, val_sensitivity=0.9296; val_specificity=0.9889
2026-03-30 05:56:22,704 - MolecularDataset hyperparamets -> dataset=dataset1, trategy=conditional, aug train=False, aug eval=False
2026-03-30 05:56:43,665 - Test Loss: 1.1073
2026-03-30 05:56:43,665 - Test AUC: 0.7805
2026-03-30 05:56:43,665 - Test AUPR: 0.7560
2026-03-30 05:56:43,665 - Test Precision: 0.7556
2026-03-30 05:56:43,665 - Test Sensitivity (Recall): 0.2656
2026-03-30 05:56:43,665 - Test Specificity: 0.9072
2026-03-30 05:56:43,683 - Saved/updated summary to: results/result_tables/final_results/hyperparam_search_2503.csv
2026-03-30 05:56:43,683 - [2503@j2] Running hyperparameter set 9/12 | lr=5e-05 | weight_decay=0.0001 | mlp_dropout=0.3 | head_dropout=0.3 | self_attn_dropout=0.0 | compound_proj_dim=256 | ppi_fuse_setting=gate | head_fuse=cat | proj_feat=True
2026-03-30 05:56:43,684 - ---- Start Training & Testing Fold 1 ----
2026-03-30 05:56:43,684 - experiment 1 ...
2026-03-30 05:56:43,686 - --- Executing CV with scaffold split with hyperparameters: use_struct=True, save_probs=False, seed=42 ...
2026-03-30 05:56:43,686 - Dataset path -> datasets/multi_ppimi_s4_tests_splits_with_my_train
2026-03-30 05:56:43,727 - Initialized model | excluded=None | mlp_dropout=0.3 | head_dropout=0.3 | self_attn_dropout=0.0 | join_attn_feat=ppiformer | compound_dim=128 | compound_proj_dim=256 | ppi_fuse_setting=gate | head_fuse=cat | proj_feat=True
2026-03-30 05:56:43,732 - Excluded modalities: []
2026-03-30 05:56:43,752 - Active modalities: ['esm', 'fegs', 'gae']
2026-03-30 05:57:09,104 - MolecularDataset hyperparamets -> dataset=dataset1, trategy=conditional, aug train=False, aug eval=False
2026-03-30 05:57:20,590 - MolecularDataset hyperparamets -> dataset=dataset1, trategy=conditional, aug train=False, aug eval=False
2026-03-30 05:57:30,180 - MolecularDataset hyperparamets -> dataset=dataset1, trategy=conditional, aug train=False, aug eval=False
2026-03-30 05:57:54,112 - ---- train loader size -> 62190, val loader size 3276 ----
2026-03-30 06:01:20,888 - NEW BEST @ epoch 1: train_auc=0.9038, val_auc=0.9405, val_aupr=0.7978, val_precision=0.5846, val_sensitivity=0.7912; val_specificity=0.8875
2026-03-30 06:04:49,240 - NEW BEST @ epoch 2: train_auc=0.9696, val_auc=0.9656, val_aupr=0.8644, val_precision=0.7384, val_sensitivity=0.7601; val_specificity=0.9462
2026-03-30 06:08:17,466 - NEW BEST @ epoch 3: train_auc=0.9852, val_auc=0.9784, val_aupr=0.9148, val_precision=0.8586, val_sensitivity=0.7674; val_specificity=0.9747
2026-03-30 06:11:44,500 - NEW BEST @ epoch 4: train_auc=0.9910, val_auc=0.9809, val_aupr=0.9204, val_precision=0.8444, val_sensitivity=0.7656; val_specificity=0.9718
2026-03-30 06:15:12,017 - NEW BEST @ epoch 5: train_auc=0.9941, val_auc=0.9851, val_aupr=0.9385, val_precision=0.8851, val_sensitivity=0.8462; val_specificity=0.9780
2026-03-30 06:18:39,452 - NEW BEST @ epoch 6: train_auc=0.9960, val_auc=0.9883, val_aupr=0.9503, val_precision=0.8786, val_sensitivity=0.8883; val_specificity=0.9755
2026-03-30 07:25:02,194 - MolecularDataset hyperparamets -> dataset=dataset1, trategy=conditional, aug train=False, aug eval=False
2026-03-30 07:25:13,951 - Test Loss: 1.4183
2026-03-30 07:25:13,951 - Test AUC: 0.8136
2026-03-30 07:25:13,951 - Test AUPR: 0.6883
2026-03-30 07:25:13,951 - Test Precision: 0.0000
2026-03-30 07:25:13,951 - Test Sensitivity (Recall): 0.0000
2026-03-30 07:25:13,951 - Test Specificity: 1.0000
2026-03-30 07:25:13,963 - ---- Start Training & Testing Fold 2 ----
2026-03-30 07:25:13,963 - experiment 1 ...
2026-03-30 07:25:13,966 - --- Executing CV with scaffold split with hyperparameters: use_struct=True, save_probs=False, seed=42 ...
2026-03-30 07:25:13,966 - Dataset path -> datasets/multi_ppimi_s4_tests_splits_with_my_train
2026-03-30 07:25:14,010 - Initialized model | excluded=None | mlp_dropout=0.3 | head_dropout=0.3 | self_attn_dropout=0.0 | join_attn_feat=ppiformer | compound_dim=128 | compound_proj_dim=256 | ppi_fuse_setting=gate | head_fuse=cat | proj_feat=True
2026-03-30 07:25:14,015 - Excluded modalities: []
2026-03-30 07:25:14,036 - Active modalities: ['esm', 'fegs', 'gae']
2026-03-30 07:25:42,701 - MolecularDataset hyperparamets -> dataset=dataset1, trategy=conditional, aug train=False, aug eval=False
2026-03-30 07:25:56,142 - MolecularDataset hyperparamets -> dataset=dataset1, trategy=conditional, aug train=False, aug eval=False
2026-03-30 07:26:09,386 - MolecularDataset hyperparamets -> dataset=dataset1, trategy=conditional, aug train=False, aug eval=False
2026-03-30 07:26:46,432 - ---- train loader size -> 68988, val loader size 3636 ----
2026-03-30 07:30:36,020 - NEW BEST @ epoch 1: train_auc=0.9079, val_auc=0.9491, val_aupr=0.8253, val_precision=0.6189, val_sensitivity=0.8416; val_specificity=0.8964
2026-03-30 07:34:26,163 - NEW BEST @ epoch 2: train_auc=0.9753, val_auc=0.9656, val_aupr=0.8729, val_precision=0.7496, val_sensitivity=0.7954; val_specificity=0.9469
2026-03-30 07:38:16,627 - NEW BEST @ epoch 3: train_auc=0.9884, val_auc=0.9757, val_aupr=0.9058, val_precision=0.8596, val_sensitivity=0.7475; val_specificity=0.9756
2026-03-30 07:42:06,486 - NEW BEST @ epoch 4: train_auc=0.9939, val_auc=0.9814, val_aupr=0.9289, val_precision=0.8279, val_sensitivity=0.8416; val_specificity=0.9650
2026-03-30 07:45:55,996 - NEW BEST @ epoch 5: train_auc=0.9959, val_auc=0.9856, val_aupr=0.9477, val_precision=0.8774, val_sensitivity=0.8383; val_specificity=0.9766
2026-03-30 07:57:25,510 - NEW BEST @ epoch 8: train_auc=0.9987, val_auc=0.9900, val_aupr=0.9631, val_precision=0.9048, val_sensitivity=0.8779; val_specificity=0.9815
2026-03-30 08:24:17,975 - NEW BEST @ epoch 15: train_auc=0.9997, val_auc=0.9920, val_aupr=0.9721, val_precision=0.9323, val_sensitivity=0.9092; val_specificity=0.9868
2026-03-30 09:22:28,658 - MolecularDataset hyperparamets -> dataset=dataset1, trategy=conditional, aug train=False, aug eval=False
2026-03-30 09:22:39,529 - Test Loss: 2.2235
2026-03-30 09:22:39,529 - Test AUC: 0.8596
2026-03-30 09:22:39,529 - Test AUPR: 0.8085
2026-03-30 09:22:39,529 - Test Precision: 0.3889
2026-03-30 09:22:39,529 - Test Sensitivity (Recall): 0.0215
2026-03-30 09:22:39,529 - Test Specificity: 0.9493
2026-03-30 09:22:39,539 - ---- Start Training & Testing Fold 3 ----
2026-03-30 09:22:39,540 - experiment 1 ...
2026-03-30 09:22:39,544 - --- Executing CV with scaffold split with hyperparameters: use_struct=True, save_probs=False, seed=42 ...
2026-03-30 09:22:39,544 - Dataset path -> datasets/multi_ppimi_s4_tests_splits_with_my_train
2026-03-30 09:22:39,584 - Initialized model | excluded=None | mlp_dropout=0.3 | head_dropout=0.3 | self_attn_dropout=0.0 | join_attn_feat=ppiformer | compound_dim=128 | compound_proj_dim=256 | ppi_fuse_setting=gate | head_fuse=cat | proj_feat=True
2026-03-30 09:22:39,589 - Excluded modalities: []
2026-03-30 09:22:39,610 - Active modalities: ['esm', 'fegs', 'gae']
2026-03-30 09:23:06,722 - MolecularDataset hyperparamets -> dataset=dataset1, trategy=conditional, aug train=False, aug eval=False
2026-03-30 09:23:24,244 - MolecularDataset hyperparamets -> dataset=dataset1, trategy=conditional, aug train=False, aug eval=False
2026-03-30 09:23:34,232 - MolecularDataset hyperparamets -> dataset=dataset1, trategy=conditional, aug train=False, aug eval=False
2026-03-30 09:24:11,440 - ---- train loader size -> 65748, val loader size 3462 ----
2026-03-30 09:27:49,727 - NEW BEST @ epoch 1: train_auc=0.9046, val_auc=0.9549, val_aupr=0.8400, val_precision=0.6165, val_sensitivity=0.8527; val_specificity=0.8939
2026-03-30 09:31:29,166 - NEW BEST @ epoch 2: train_auc=0.9709, val_auc=0.9769, val_aupr=0.9064, val_precision=0.7673, val_sensitivity=0.8284; val_specificity=0.9497
2026-03-30 09:35:08,774 - NEW BEST @ epoch 3: train_auc=0.9857, val_auc=0.9798, val_aupr=0.9219, val_precision=0.7986, val_sensitivity=0.8180; val_specificity=0.9588
2026-03-30 09:38:48,010 - NEW BEST @ epoch 4: train_auc=0.9920, val_auc=0.9871, val_aupr=0.9491, val_precision=0.8664, val_sensitivity=0.8769; val_specificity=0.9730
2026-03-30 09:57:05,821 - NEW BEST @ epoch 9: train_auc=0.9986, val_auc=0.9917, val_aupr=0.9653, val_precision=0.8925, val_sensitivity=0.9064; val_specificity=0.9782
2026-03-30 10:56:09,851 - MolecularDataset hyperparamets -> dataset=dataset1, trategy=conditional, aug train=False, aug eval=False
2026-03-30 10:56:19,997 - Test Loss: 1.2105
2026-03-30 10:56:19,998 - Test AUC: 0.8739
2026-03-30 10:56:19,998 - Test AUPR: 0.8133
2026-03-30 10:56:19,998 - Test Precision: 0.8889
2026-03-30 10:56:19,998 - Test Sensitivity (Recall): 0.2243
2026-03-30 10:56:19,998 - Test Specificity: 0.9767
2026-03-30 10:56:20,007 - ---- Start Training & Testing Fold 4 ----
2026-03-30 10:56:20,007 - experiment 1 ...
2026-03-30 10:56:20,010 - --- Executing CV with scaffold split with hyperparameters: use_struct=True, save_probs=False, seed=42 ...
2026-03-30 10:56:20,010 - Dataset path -> datasets/multi_ppimi_s4_tests_splits_with_my_train
2026-03-30 10:56:20,039 - Initialized model | excluded=None | mlp_dropout=0.3 | head_dropout=0.3 | self_attn_dropout=0.0 | join_attn_feat=ppiformer | compound_dim=128 | compound_proj_dim=256 | ppi_fuse_setting=gate | head_fuse=cat | proj_feat=True
2026-03-30 10:56:20,043 - Excluded modalities: []
2026-03-30 10:56:20,064 - Active modalities: ['esm', 'fegs', 'gae']
2026-03-30 10:56:38,582 - MolecularDataset hyperparamets -> dataset=dataset1, trategy=conditional, aug train=False, aug eval=False
2026-03-30 10:56:45,893 - MolecularDataset hyperparamets -> dataset=dataset1, trategy=conditional, aug train=False, aug eval=False
2026-03-30 10:56:51,147 - MolecularDataset hyperparamets -> dataset=dataset1, trategy=conditional, aug train=False, aug eval=False
2026-03-30 10:57:20,920 - ---- train loader size -> 45126, val loader size 2376 ----
2026-03-30 10:59:51,372 - NEW BEST @ epoch 1: train_auc=0.8315, val_auc=0.9028, val_aupr=0.7154, val_precision=0.4929, val_sensitivity=0.7904; val_specificity=0.8374
2026-03-30 11:02:22,434 - NEW BEST @ epoch 2: train_auc=0.9353, val_auc=0.9352, val_aupr=0.7887, val_precision=0.6830, val_sensitivity=0.7020; val_specificity=0.9348
2026-03-30 11:04:53,344 - NEW BEST @ epoch 3: train_auc=0.9641, val_auc=0.9489, val_aupr=0.8379, val_precision=0.7820, val_sensitivity=0.6793; val_specificity=0.9621
2026-03-30 11:07:24,581 - NEW BEST @ epoch 4: train_auc=0.9765, val_auc=0.9661, val_aupr=0.8837, val_precision=0.7984, val_sensitivity=0.7601; val_specificity=0.9616
2026-03-30 11:09:55,731 - NEW BEST @ epoch 5: train_auc=0.9839, val_auc=0.9686, val_aupr=0.8919, val_precision=0.8656, val_sensitivity=0.6995; val_specificity=0.9783
2026-03-30 11:12:26,578 - NEW BEST @ epoch 6: train_auc=0.9889, val_auc=0.9707, val_aupr=0.9031, val_precision=0.8944, val_sensitivity=0.7273; val_specificity=0.9828
2026-03-30 11:14:57,632 - NEW BEST @ epoch 7: train_auc=0.9925, val_auc=0.9728, val_aupr=0.9084, val_precision=0.8879, val_sensitivity=0.7399; val_specificity=0.9813
2026-03-30 11:17:27,914 - NEW BEST @ epoch 8: train_auc=0.9948, val_auc=0.9770, val_aupr=0.9134, val_precision=0.8543, val_sensitivity=0.7702; val_specificity=0.9737
2026-03-30 11:24:52,350 - NEW BEST @ epoch 11: train_auc=0.9976, val_auc=0.9806, val_aupr=0.9253, val_precision=0.8474, val_sensitivity=0.8131; val_specificity=0.9707
2026-03-30 12:03:03,942 - MolecularDataset hyperparamets -> dataset=dataset1, trategy=conditional, aug train=False, aug eval=False
2026-03-30 12:03:25,945 - Test Loss: 0.4758
2026-03-30 12:03:25,945 - Test AUC: 0.9319
2026-03-30 12:03:25,945 - Test AUPR: 0.8810
2026-03-30 12:03:25,945 - Test Precision: 0.8996
2026-03-30 12:03:25,945 - Test Sensitivity (Recall): 0.6723
2026-03-30 12:03:25,945 - Test Specificity: 0.9453
2026-03-30 12:03:25,954 - ---- Start Training & Testing Fold 5 ----
2026-03-30 12:03:25,954 - experiment 1 ...
2026-03-30 12:03:25,957 - --- Executing CV with scaffold split with hyperparameters: use_struct=True, save_probs=False, seed=42 ...
2026-03-30 12:03:25,957 - Dataset path -> datasets/multi_ppimi_s4_tests_splits_with_my_train
2026-03-30 12:03:25,991 - Initialized model | excluded=None | mlp_dropout=0.3 | head_dropout=0.3 | self_attn_dropout=0.0 | join_attn_feat=ppiformer | compound_dim=128 | compound_proj_dim=256 | ppi_fuse_setting=gate | head_fuse=cat | proj_feat=True
2026-03-30 12:03:25,996 - Excluded modalities: []
2026-03-30 12:03:26,016 - Active modalities: ['esm', 'fegs', 'gae']
2026-03-30 12:03:49,184 - MolecularDataset hyperparamets -> dataset=dataset1, trategy=conditional, aug train=False, aug eval=False
2026-03-30 12:03:56,368 - MolecularDataset hyperparamets -> dataset=dataset1, trategy=conditional, aug train=False, aug eval=False
2026-03-30 12:04:02,322 - MolecularDataset hyperparamets -> dataset=dataset1, trategy=conditional, aug train=False, aug eval=False
2026-03-30 12:04:33,392 - ---- train loader size -> 53418, val loader size 2814 ----
2026-03-30 12:07:32,454 - NEW BEST @ epoch 1: train_auc=0.8907, val_auc=0.9424, val_aupr=0.8183, val_precision=0.5376, val_sensitivity=0.8849; val_specificity=0.8478
2026-03-30 12:10:33,336 - NEW BEST @ epoch 2: train_auc=0.9673, val_auc=0.9681, val_aupr=0.8854, val_precision=0.7297, val_sensitivity=0.8230; val_specificity=0.9390
2026-03-30 12:13:34,434 - NEW BEST @ epoch 3: train_auc=0.9841, val_auc=0.9830, val_aupr=0.9417, val_precision=0.9165, val_sensitivity=0.7953; val_specificity=0.9855
2026-03-30 12:16:35,277 - NEW BEST @ epoch 4: train_auc=0.9909, val_auc=0.9862, val_aupr=0.9541, val_precision=0.8886, val_sensitivity=0.8678; val_specificity=0.9783
2026-03-30 12:19:35,765 - NEW BEST @ epoch 5: train_auc=0.9955, val_auc=0.9898, val_aupr=0.9681, val_precision=0.8930, val_sensitivity=0.9254; val_specificity=0.9778
2026-03-30 12:37:39,935 - NEW BEST @ epoch 11: train_auc=0.9994, val_auc=0.9932, val_aupr=0.9825, val_precision=0.9502, val_sensitivity=0.9360; val_specificity=0.9902
2026-03-30 13:23:26,168 - MolecularDataset hyperparamets -> dataset=dataset1, trategy=conditional, aug train=False, aug eval=False
2026-03-30 13:23:47,202 - Test Loss: 1.0887
2026-03-30 13:23:47,202 - Test AUC: 0.7887
2026-03-30 13:23:47,202 - Test AUPR: 0.7710
2026-03-30 13:23:47,202 - Test Precision: 0.8467
2026-03-30 13:23:47,202 - Test Sensitivity (Recall): 0.1654
2026-03-30 13:23:47,202 - Test Specificity: 0.9677
2026-03-30 13:23:47,220 - Saved/updated summary to: results/result_tables/final_results/hyperparam_search_2503.csv
2026-03-30 13:23:47,220 - [2503@j2] Running hyperparameter set 10/12 | lr=5e-05 | weight_decay=0.0001 | mlp_dropout=0.3 | head_dropout=0.3 | self_attn_dropout=0.0 | compound_proj_dim=256 | ppi_fuse_setting=gate | head_fuse=cat | proj_feat=False
2026-03-30 13:23:47,220 - ---- Start Training & Testing Fold 1 ----
2026-03-30 13:23:47,220 - experiment 1 ...
2026-03-30 13:23:47,223 - --- Executing CV with scaffold split with hyperparameters: use_struct=True, save_probs=False, seed=42 ...
2026-03-30 13:23:47,223 - Dataset path -> datasets/multi_ppimi_s4_tests_splits_with_my_train
2026-03-30 13:23:47,263 - Initialized model | excluded=None | mlp_dropout=0.3 | head_dropout=0.3 | self_attn_dropout=0.0 | join_attn_feat=ppiformer | compound_dim=128 | compound_proj_dim=256 | ppi_fuse_setting=gate | head_fuse=cat | proj_feat=False
2026-03-30 13:23:47,268 - Excluded modalities: []
2026-03-30 13:23:47,314 - Active modalities: ['esm', 'fegs', 'gae']
2026-03-30 13:24:12,963 - MolecularDataset hyperparamets -> dataset=dataset1, trategy=conditional, aug train=False, aug eval=False
2026-03-30 13:24:21,907 - MolecularDataset hyperparamets -> dataset=dataset1, trategy=conditional, aug train=False, aug eval=False
2026-03-30 13:24:27,635 - MolecularDataset hyperparamets -> dataset=dataset1, trategy=conditional, aug train=False, aug eval=False
2026-03-30 13:24:34,855 - ---- train loader size -> 62190, val loader size 3276 ----
2026-03-30 13:28:04,617 - NEW BEST @ epoch 1: train_auc=0.8865, val_auc=0.9333, val_aupr=0.7698, val_precision=0.5372, val_sensitivity=0.8333; val_specificity=0.8564
2026-03-30 13:31:33,728 - NEW BEST @ epoch 2: train_auc=0.9672, val_auc=0.9653, val_aupr=0.8613, val_precision=0.6911, val_sensitivity=0.8114; val_specificity=0.9275
2026-03-30 13:35:02,390 - NEW BEST @ epoch 3: train_auc=0.9843, val_auc=0.9755, val_aupr=0.9011, val_precision=0.8238, val_sensitivity=0.7619; val_specificity=0.9674
2026-03-30 13:38:31,444 - NEW BEST @ epoch 4: train_auc=0.9903, val_auc=0.9791, val_aupr=0.9136, val_precision=0.8378, val_sensitivity=0.8040; val_specificity=0.9689
2026-03-30 13:42:01,110 - NEW BEST @ epoch 5: train_auc=0.9935, val_auc=0.9855, val_aupr=0.9368, val_precision=0.8743, val_sensitivity=0.8407; val_specificity=0.9758
2026-03-30 14:09:50,831 - NEW BEST @ epoch 13: train_auc=0.9991, val_auc=0.9878, val_aupr=0.9529, val_precision=0.9223, val_sensitivity=0.8480; val_specificity=0.9857
