2026-03-26 10:33:55,146 - Job 2503@j5 started with 12 hyperparameter combinations
2026-03-26 10:33:55,146 - [2503@j5] Running hyperparameter set 1/12 | lr=1e-05 | weight_decay=0.001 | mlp_dropout=0.3 | head_dropout=0.3 | self_attn_dropout=0.1 | compound_proj_dim=128 | ppi_fuse_setting=self_attn | head_fuse=cat | proj_feat=True
2026-03-26 10:33:55,146 - ---- Start Training & Testing Fold 1 ----
2026-03-26 10:33:55,146 - experiment 1 ...
2026-03-26 10:33:55,148 - --- Executing CV with scaffold split with hyperparameters: use_struct=True, save_probs=False, seed=42 ...
2026-03-26 10:33:55,148 - Dataset path -> datasets/multi_ppimi_s4_tests_splits_with_my_train
2026-03-26 10:33:55,199 - Initialized model | excluded=None | mlp_dropout=0.3 | head_dropout=0.3 | self_attn_dropout=0.1 | join_attn_feat=ppiformer | compound_dim=128 | compound_proj_dim=128 | ppi_fuse_setting=self_attn | head_fuse=cat | proj_feat=True
2026-03-26 10:33:55,203 - Excluded modalities: []
2026-03-26 10:33:55,216 - Active modalities: ['esm', 'fegs', 'gae']
2026-03-26 10:34:20,236 - MolecularDataset hyperparamets -> dataset=dataset1, trategy=conditional, aug train=False, aug eval=False
2026-03-26 10:34:28,449 - MolecularDataset hyperparamets -> dataset=dataset1, trategy=conditional, aug train=False, aug eval=False
2026-03-26 10:34:33,391 - MolecularDataset hyperparamets -> dataset=dataset1, trategy=conditional, aug train=False, aug eval=False
2026-03-26 10:34:38,264 - ---- train loader size -> 62190, val loader size 3276 ----
2026-03-26 10:37:46,739 - NEW BEST @ epoch 1: train_auc=0.7486, val_auc=0.8093, val_aupr=0.5732, val_precision=0.3194, val_sensitivity=0.7253; val_specificity=0.6908
2026-03-26 10:40:56,167 - NEW BEST @ epoch 2: train_auc=0.8884, val_auc=0.8931, val_aupr=0.7068, val_precision=0.4438, val_sensitivity=0.8022; val_specificity=0.7989
2026-03-26 10:44:05,832 - NEW BEST @ epoch 3: train_auc=0.9274, val_auc=0.9249, val_aupr=0.7700, val_precision=0.5429, val_sensitivity=0.7875; val_specificity=0.8674
2026-03-26 10:47:16,284 - NEW BEST @ epoch 4: train_auc=0.9459, val_auc=0.9357, val_aupr=0.7885, val_precision=0.5841, val_sensitivity=0.7821; val_specificity=0.8886
2026-03-26 10:50:26,412 - NEW BEST @ epoch 5: train_auc=0.9580, val_auc=0.9489, val_aupr=0.8192, val_precision=0.6508, val_sensitivity=0.7784; val_specificity=0.9165
2026-03-26 10:53:36,074 - NEW BEST @ epoch 6: train_auc=0.9660, val_auc=0.9576, val_aupr=0.8399, val_precision=0.6647, val_sensitivity=0.8132; val_specificity=0.9179
2026-03-26 10:56:46,019 - NEW BEST @ epoch 7: train_auc=0.9733, val_auc=0.9604, val_aupr=0.8539, val_precision=0.6875, val_sensitivity=0.8059; val_specificity=0.9267
2026-03-26 10:59:55,163 - NEW BEST @ epoch 8: train_auc=0.9774, val_auc=0.9644, val_aupr=0.8635, val_precision=0.7150, val_sensitivity=0.8040; val_specificity=0.9359
2026-03-26 11:03:04,277 - NEW BEST @ epoch 9: train_auc=0.9806, val_auc=0.9690, val_aupr=0.8778, val_precision=0.7597, val_sensitivity=0.7875; val_specificity=0.9502
2026-03-26 11:06:13,457 - NEW BEST @ epoch 10: train_auc=0.9839, val_auc=0.9728, val_aupr=0.8889, val_precision=0.7867, val_sensitivity=0.8040; val_specificity=0.9564
2026-03-26 11:12:34,041 - NEW BEST @ epoch 12: train_auc=0.9886, val_auc=0.9762, val_aupr=0.9019, val_precision=0.7812, val_sensitivity=0.8370; val_specificity=0.9531
2026-03-26 11:15:43,289 - NEW BEST @ epoch 13: train_auc=0.9899, val_auc=0.9800, val_aupr=0.9157, val_precision=0.8151, val_sensitivity=0.8315; val_specificity=0.9623
2026-03-26 11:22:02,781 - NEW BEST @ epoch 15: train_auc=0.9924, val_auc=0.9830, val_aupr=0.9297, val_precision=0.8393, val_sensitivity=0.8608; val_specificity=0.9670
2026-03-26 11:31:36,976 - NEW BEST @ epoch 18: train_auc=0.9952, val_auc=0.9853, val_aupr=0.9388, val_precision=0.8689, val_sensitivity=0.8498; val_specificity=0.9744
2026-03-26 11:34:46,581 - NEW BEST @ epoch 19: train_auc=0.9956, val_auc=0.9875, val_aupr=0.9464, val_precision=0.8904, val_sensitivity=0.8480; val_specificity=0.9791
2026-03-26 11:50:37,183 - NEW BEST @ epoch 24: train_auc=0.9975, val_auc=0.9900, val_aupr=0.9568, val_precision=0.8844, val_sensitivity=0.8828; val_specificity=0.9769
2026-03-26 12:38:39,786 - MolecularDataset hyperparamets -> dataset=dataset1, trategy=conditional, aug train=False, aug eval=False
2026-03-26 12:38:50,888 - Test Loss: 0.9215
2026-03-26 12:38:50,888 - Test AUC: 0.8713
2026-03-26 12:38:50,888 - Test AUPR: 0.7172
2026-03-26 12:38:50,888 - Test Precision: 0.2500
2026-03-26 12:38:50,888 - Test Sensitivity (Recall): 0.0337
2026-03-26 12:38:50,888 - Test Specificity: 0.9057
2026-03-26 12:38:50,898 - ---- Start Training & Testing Fold 2 ----
2026-03-26 12:38:50,898 - experiment 1 ...
2026-03-26 12:38:50,900 - --- Executing CV with scaffold split with hyperparameters: use_struct=True, save_probs=False, seed=42 ...
2026-03-26 12:38:50,901 - Dataset path -> datasets/multi_ppimi_s4_tests_splits_with_my_train
2026-03-26 12:38:50,944 - Initialized model | excluded=None | mlp_dropout=0.3 | head_dropout=0.3 | self_attn_dropout=0.1 | join_attn_feat=ppiformer | compound_dim=128 | compound_proj_dim=128 | ppi_fuse_setting=self_attn | head_fuse=cat | proj_feat=True
2026-03-26 12:38:50,946 - Excluded modalities: []
2026-03-26 12:38:50,958 - Active modalities: ['esm', 'fegs', 'gae']
2026-03-26 12:39:19,165 - MolecularDataset hyperparamets -> dataset=dataset1, trategy=conditional, aug train=False, aug eval=False
2026-03-26 12:39:27,863 - MolecularDataset hyperparamets -> dataset=dataset1, trategy=conditional, aug train=False, aug eval=False
2026-03-26 12:39:33,023 - MolecularDataset hyperparamets -> dataset=dataset1, trategy=conditional, aug train=False, aug eval=False
2026-03-26 12:39:38,133 - ---- train loader size -> 68988, val loader size 3636 ----
2026-03-26 12:43:10,173 - NEW BEST @ epoch 1: train_auc=0.7515, val_auc=0.8400, val_aupr=0.6338, val_precision=0.3680, val_sensitivity=0.7772; val_specificity=0.7330
2026-03-26 12:46:43,480 - NEW BEST @ epoch 2: train_auc=0.8961, val_auc=0.8931, val_aupr=0.7101, val_precision=0.4510, val_sensitivity=0.7970; val_specificity=0.8059
2026-03-26 12:50:15,971 - NEW BEST @ epoch 3: train_auc=0.9351, val_auc=0.9198, val_aupr=0.7616, val_precision=0.5697, val_sensitivity=0.7558; val_specificity=0.8858
2026-03-26 12:53:47,231 - NEW BEST @ epoch 4: train_auc=0.9568, val_auc=0.9378, val_aupr=0.8005, val_precision=0.6125, val_sensitivity=0.8086; val_specificity=0.8977
2026-03-26 12:57:18,710 - NEW BEST @ epoch 5: train_auc=0.9675, val_auc=0.9519, val_aupr=0.8351, val_precision=0.6408, val_sensitivity=0.8449; val_specificity=0.9053
2026-03-26 13:00:50,585 - NEW BEST @ epoch 6: train_auc=0.9739, val_auc=0.9557, val_aupr=0.8456, val_precision=0.6788, val_sensitivity=0.8300; val_specificity=0.9215
2026-03-26 13:04:21,898 - NEW BEST @ epoch 7: train_auc=0.9801, val_auc=0.9610, val_aupr=0.8593, val_precision=0.7028, val_sensitivity=0.8350; val_specificity=0.9294
2026-03-26 13:07:53,728 - NEW BEST @ epoch 8: train_auc=0.9838, val_auc=0.9655, val_aupr=0.8717, val_precision=0.7340, val_sensitivity=0.8152; val_specificity=0.9409
2026-03-26 13:11:25,968 - NEW BEST @ epoch 9: train_auc=0.9867, val_auc=0.9682, val_aupr=0.8818, val_precision=0.7460, val_sensitivity=0.8383; val_specificity=0.9429
2026-03-26 13:14:58,740 - NEW BEST @ epoch 10: train_auc=0.9893, val_auc=0.9733, val_aupr=0.8956, val_precision=0.7802, val_sensitivity=0.8201; val_specificity=0.9538
2026-03-26 13:18:30,448 - NEW BEST @ epoch 11: train_auc=0.9907, val_auc=0.9759, val_aupr=0.9045, val_precision=0.8072, val_sensitivity=0.8152; val_specificity=0.9611
2026-03-26 13:22:01,684 - NEW BEST @ epoch 12: train_auc=0.9923, val_auc=0.9788, val_aupr=0.9164, val_precision=0.8510, val_sensitivity=0.8102; val_specificity=0.9716
2026-03-26 13:25:32,523 - NEW BEST @ epoch 13: train_auc=0.9935, val_auc=0.9811, val_aupr=0.9230, val_precision=0.8172, val_sensitivity=0.8630; val_specificity=0.9614
2026-03-26 13:36:06,371 - NEW BEST @ epoch 16: train_auc=0.9959, val_auc=0.9839, val_aupr=0.9348, val_precision=0.8192, val_sensitivity=0.8746; val_specificity=0.9614
2026-03-26 13:39:37,891 - NEW BEST @ epoch 17: train_auc=0.9966, val_auc=0.9860, val_aupr=0.9433, val_precision=0.8833, val_sensitivity=0.8366; val_specificity=0.9779
2026-03-26 13:46:39,670 - NEW BEST @ epoch 19: train_auc=0.9975, val_auc=0.9881, val_aupr=0.9515, val_precision=0.8742, val_sensitivity=0.8713; val_specificity=0.9749
2026-03-26 14:07:44,214 - NEW BEST @ epoch 25: train_auc=0.9988, val_auc=0.9910, val_aupr=0.9647, val_precision=0.8833, val_sensitivity=0.8993; val_specificity=0.9762
2026-03-26 15:01:04,143 - MolecularDataset hyperparamets -> dataset=dataset1, trategy=conditional, aug train=False, aug eval=False
2026-03-26 15:01:14,591 - Test Loss: 1.2010
2026-03-26 15:01:14,591 - Test AUC: 0.8855
2026-03-26 15:01:14,591 - Test AUPR: 0.8496
2026-03-26 15:01:14,591 - Test Precision: 0.8358
2026-03-26 15:01:14,591 - Test Sensitivity (Recall): 0.1723
2026-03-26 15:01:14,591 - Test Specificity: 0.9493
2026-03-26 15:01:14,600 - ---- Start Training & Testing Fold 3 ----
2026-03-26 15:01:14,600 - experiment 1 ...
2026-03-26 15:01:14,601 - --- Executing CV with scaffold split with hyperparameters: use_struct=True, save_probs=False, seed=42 ...
2026-03-26 15:01:14,601 - Dataset path -> datasets/multi_ppimi_s4_tests_splits_with_my_train
2026-03-26 15:01:14,642 - Initialized model | excluded=None | mlp_dropout=0.3 | head_dropout=0.3 | self_attn_dropout=0.1 | join_attn_feat=ppiformer | compound_dim=128 | compound_proj_dim=128 | ppi_fuse_setting=self_attn | head_fuse=cat | proj_feat=True
2026-03-26 15:01:14,644 - Excluded modalities: []
2026-03-26 15:01:14,657 - Active modalities: ['esm', 'fegs', 'gae']
2026-03-26 15:01:41,600 - MolecularDataset hyperparamets -> dataset=dataset1, trategy=conditional, aug train=False, aug eval=False
2026-03-26 15:01:50,167 - MolecularDataset hyperparamets -> dataset=dataset1, trategy=conditional, aug train=False, aug eval=False
2026-03-26 15:01:55,284 - MolecularDataset hyperparamets -> dataset=dataset1, trategy=conditional, aug train=False, aug eval=False
2026-03-26 15:02:00,255 - ---- train loader size -> 65748, val loader size 3462 ----
2026-03-26 15:05:20,019 - NEW BEST @ epoch 1: train_auc=0.7383, val_auc=0.8549, val_aupr=0.6648, val_precision=0.3623, val_sensitivity=0.8163; val_specificity=0.7127
2026-03-26 15:08:41,960 - NEW BEST @ epoch 2: train_auc=0.8948, val_auc=0.9179, val_aupr=0.7627, val_precision=0.5139, val_sensitivity=0.8354; val_specificity=0.8419
2026-03-26 15:12:03,413 - NEW BEST @ epoch 3: train_auc=0.9345, val_auc=0.9327, val_aupr=0.7905, val_precision=0.5243, val_sensitivity=0.8406; val_specificity=0.8475
2026-03-26 15:15:24,295 - NEW BEST @ epoch 4: train_auc=0.9511, val_auc=0.9528, val_aupr=0.8302, val_precision=0.6009, val_sensitivity=0.8821; val_specificity=0.8828
2026-03-26 15:18:45,663 - NEW BEST @ epoch 5: train_auc=0.9633, val_auc=0.9602, val_aupr=0.8531, val_precision=0.6565, val_sensitivity=0.8614; val_specificity=0.9099
2026-03-26 15:22:06,494 - NEW BEST @ epoch 6: train_auc=0.9708, val_auc=0.9633, val_aupr=0.8629, val_precision=0.7134, val_sensitivity=0.8198; val_specificity=0.9341
2026-03-26 15:25:27,683 - NEW BEST @ epoch 7: train_auc=0.9758, val_auc=0.9675, val_aupr=0.8762, val_precision=0.7141, val_sensitivity=0.8180; val_specificity=0.9345
2026-03-26 15:28:48,750 - NEW BEST @ epoch 8: train_auc=0.9796, val_auc=0.9725, val_aupr=0.8942, val_precision=0.7189, val_sensitivity=0.8510; val_specificity=0.9334
2026-03-26 15:32:14,177 - NEW BEST @ epoch 9: train_auc=0.9832, val_auc=0.9768, val_aupr=0.9073, val_precision=0.7716, val_sensitivity=0.8198; val_specificity=0.9515
2026-03-26 15:38:59,864 - NEW BEST @ epoch 11: train_auc=0.9881, val_auc=0.9801, val_aupr=0.9227, val_precision=0.7908, val_sensitivity=0.8388; val_specificity=0.9556
2026-03-26 15:45:44,997 - NEW BEST @ epoch 13: train_auc=0.9918, val_auc=0.9837, val_aupr=0.9337, val_precision=0.8336, val_sensitivity=0.8250; val_specificity=0.9671
2026-03-26 15:55:55,203 - NEW BEST @ epoch 16: train_auc=0.9945, val_auc=0.9867, val_aupr=0.9465, val_precision=0.8661, val_sensitivity=0.8406; val_specificity=0.9740
2026-03-26 16:06:01,793 - NEW BEST @ epoch 19: train_auc=0.9963, val_auc=0.9890, val_aupr=0.9543, val_precision=0.8765, val_sensitivity=0.8614; val_specificity=0.9757
2026-03-26 16:33:01,364 - NEW BEST @ epoch 27: train_auc=0.9986, val_auc=0.9911, val_aupr=0.9641, val_precision=0.8773, val_sensitivity=0.8925; val_specificity=0.9750
2026-03-26 17:24:33,065 - MolecularDataset hyperparamets -> dataset=dataset1, trategy=conditional, aug train=False, aug eval=False
2026-03-26 17:24:43,420 - Test Loss: 0.7625
2026-03-26 17:24:43,420 - Test AUC: 0.9041
2026-03-26 17:24:43,420 - Test AUPR: 0.8756
2026-03-26 17:24:43,420 - Test Precision: 0.9412
2026-03-26 17:24:43,420 - Test Sensitivity (Recall): 0.2991
2026-03-26 17:24:43,421 - Test Specificity: 0.9844
2026-03-26 17:24:43,430 - ---- Start Training & Testing Fold 4 ----
2026-03-26 17:24:43,430 - experiment 1 ...
2026-03-26 17:24:43,431 - --- Executing CV with scaffold split with hyperparameters: use_struct=True, save_probs=False, seed=42 ...
2026-03-26 17:24:43,431 - Dataset path -> datasets/multi_ppimi_s4_tests_splits_with_my_train
2026-03-26 17:24:43,462 - Initialized model | excluded=None | mlp_dropout=0.3 | head_dropout=0.3 | self_attn_dropout=0.1 | join_attn_feat=ppiformer | compound_dim=128 | compound_proj_dim=128 | ppi_fuse_setting=self_attn | head_fuse=cat | proj_feat=True
2026-03-26 17:24:43,464 - Excluded modalities: []
2026-03-26 17:24:43,477 - Active modalities: ['esm', 'fegs', 'gae']
2026-03-26 17:25:01,902 - MolecularDataset hyperparamets -> dataset=dataset1, trategy=conditional, aug train=False, aug eval=False
2026-03-26 17:25:09,421 - MolecularDataset hyperparamets -> dataset=dataset1, trategy=conditional, aug train=False, aug eval=False
2026-03-26 17:25:14,565 - MolecularDataset hyperparamets -> dataset=dataset1, trategy=conditional, aug train=False, aug eval=False
2026-03-26 17:25:19,650 - ---- train loader size -> 45126, val loader size 2376 ----
2026-03-26 17:27:39,429 - NEW BEST @ epoch 1: train_auc=0.6479, val_auc=0.7465, val_aupr=0.4667, val_precision=0.2802, val_sensitivity=0.7197; val_specificity=0.6303
2026-03-26 17:29:59,959 - NEW BEST @ epoch 2: train_auc=0.8129, val_auc=0.8383, val_aupr=0.6106, val_precision=0.3762, val_sensitivity=0.7601; val_specificity=0.7480
2026-03-26 17:32:19,738 - NEW BEST @ epoch 3: train_auc=0.8690, val_auc=0.8706, val_aupr=0.6506, val_precision=0.4286, val_sensitivity=0.7803; val_specificity=0.7919
2026-03-26 17:34:39,766 - NEW BEST @ epoch 4: train_auc=0.8983, val_auc=0.8947, val_aupr=0.7019, val_precision=0.4753, val_sensitivity=0.8030; val_specificity=0.8227
2026-03-26 17:36:59,537 - NEW BEST @ epoch 5: train_auc=0.9147, val_auc=0.9037, val_aupr=0.7226, val_precision=0.5114, val_sensitivity=0.7929; val_specificity=0.8485
2026-03-26 17:39:19,700 - NEW BEST @ epoch 6: train_auc=0.9301, val_auc=0.9187, val_aupr=0.7449, val_precision=0.5428, val_sensitivity=0.8005; val_specificity=0.8652
2026-03-26 17:41:39,631 - NEW BEST @ epoch 7: train_auc=0.9424, val_auc=0.9277, val_aupr=0.7684, val_precision=0.5874, val_sensitivity=0.7980; val_specificity=0.8879
2026-03-26 17:44:00,338 - NEW BEST @ epoch 8: train_auc=0.9470, val_auc=0.9336, val_aupr=0.7852, val_precision=0.5939, val_sensitivity=0.7904; val_specificity=0.8919
2026-03-26 17:46:19,240 - NEW BEST @ epoch 9: train_auc=0.9535, val_auc=0.9470, val_aupr=0.8156, val_precision=0.6616, val_sensitivity=0.7753; val_specificity=0.9207
2026-03-26 17:50:58,182 - NEW BEST @ epoch 11: train_auc=0.9650, val_auc=0.9525, val_aupr=0.8332, val_precision=0.7035, val_sensitivity=0.7551; val_specificity=0.9364
2026-03-26 17:55:35,807 - NEW BEST @ epoch 13: train_auc=0.9727, val_auc=0.9573, val_aupr=0.8479, val_precision=0.7513, val_sensitivity=0.7247; val_specificity=0.9520
2026-03-26 17:57:54,508 - NEW BEST @ epoch 14: train_auc=0.9749, val_auc=0.9601, val_aupr=0.8556, val_precision=0.7481, val_sensitivity=0.7500; val_specificity=0.9495
2026-03-26 18:00:13,940 - NEW BEST @ epoch 15: train_auc=0.9788, val_auc=0.9623, val_aupr=0.8624, val_precision=0.7711, val_sensitivity=0.7399; val_specificity=0.9561
2026-03-26 18:02:32,524 - NEW BEST @ epoch 16: train_auc=0.9808, val_auc=0.9647, val_aupr=0.8705, val_precision=0.7726, val_sensitivity=0.7551; val_specificity=0.9556
2026-03-26 18:09:30,029 - NEW BEST @ epoch 19: train_auc=0.9863, val_auc=0.9695, val_aupr=0.8852, val_precision=0.7835, val_sensitivity=0.7677; val_specificity=0.9576
2026-03-26 18:28:24,688 - NEW BEST @ epoch 27: train_auc=0.9946, val_auc=0.9722, val_aupr=0.9006, val_precision=0.8357, val_sensitivity=0.7449; val_specificity=0.9707
2026-03-26 18:51:56,246 - NEW BEST @ epoch 37: train_auc=0.9977, val_auc=0.9749, val_aupr=0.9151, val_precision=0.8373, val_sensitivity=0.8056; val_specificity=0.9687
2026-03-26 19:27:20,872 - MolecularDataset hyperparamets -> dataset=dataset1, trategy=conditional, aug train=False, aug eval=False
2026-03-26 19:27:42,732 - Test Loss: 0.5351
2026-03-26 19:27:42,732 - Test AUC: 0.9164
2026-03-26 19:27:42,732 - Test AUPR: 0.8629
2026-03-26 19:27:42,732 - Test Precision: 0.8877
2026-03-26 19:27:42,732 - Test Sensitivity (Recall): 0.6172
2026-03-26 19:27:42,732 - Test Specificity: 0.9430
2026-03-26 19:27:42,741 - ---- Start Training & Testing Fold 5 ----
2026-03-26 19:27:42,741 - experiment 1 ...
2026-03-26 19:27:42,742 - --- Executing CV with scaffold split with hyperparameters: use_struct=True, save_probs=False, seed=42 ...
2026-03-26 19:27:42,742 - Dataset path -> datasets/multi_ppimi_s4_tests_splits_with_my_train
2026-03-26 19:27:42,779 - Initialized model | excluded=None | mlp_dropout=0.3 | head_dropout=0.3 | self_attn_dropout=0.1 | join_attn_feat=ppiformer | compound_dim=128 | compound_proj_dim=128 | ppi_fuse_setting=self_attn | head_fuse=cat | proj_feat=True
2026-03-26 19:27:42,781 - Excluded modalities: []
2026-03-26 19:27:42,794 - Active modalities: ['esm', 'fegs', 'gae']
2026-03-26 19:28:05,719 - MolecularDataset hyperparamets -> dataset=dataset1, trategy=conditional, aug train=False, aug eval=False
2026-03-26 19:28:12,957 - MolecularDataset hyperparamets -> dataset=dataset1, trategy=conditional, aug train=False, aug eval=False
2026-03-26 19:28:18,074 - MolecularDataset hyperparamets -> dataset=dataset1, trategy=conditional, aug train=False, aug eval=False
2026-03-26 19:28:23,259 - ---- train loader size -> 53418, val loader size 2814 ----
2026-03-26 19:31:12,894 - NEW BEST @ epoch 1: train_auc=0.7229, val_auc=0.8380, val_aupr=0.6600, val_precision=0.3422, val_sensitivity=0.7676; val_specificity=0.7049
2026-03-26 19:34:06,436 - NEW BEST @ epoch 2: train_auc=0.8832, val_auc=0.9090, val_aupr=0.7655, val_precision=0.4326, val_sensitivity=0.8550; val_specificity=0.7757
2026-03-26 19:36:54,974 - NEW BEST @ epoch 3: train_auc=0.9277, val_auc=0.9271, val_aupr=0.7912, val_precision=0.5246, val_sensitivity=0.8401; val_specificity=0.8478
2026-03-26 19:39:42,084 - NEW BEST @ epoch 4: train_auc=0.9488, val_auc=0.9456, val_aupr=0.8319, val_precision=0.5859, val_sensitivity=0.8657; val_specificity=0.8776
2026-03-26 19:42:29,037 - NEW BEST @ epoch 5: train_auc=0.9586, val_auc=0.9557, val_aupr=0.8564, val_precision=0.6425, val_sensitivity=0.8507; val_specificity=0.9053
2026-03-26 19:45:17,013 - NEW BEST @ epoch 6: train_auc=0.9671, val_auc=0.9615, val_aupr=0.8693, val_precision=0.6833, val_sensitivity=0.8465; val_specificity=0.9215
2026-03-26 19:50:49,975 - NEW BEST @ epoch 8: train_auc=0.9770, val_auc=0.9688, val_aupr=0.8889, val_precision=0.6997, val_sensitivity=0.8593; val_specificity=0.9262
2026-03-26 19:56:24,738 - NEW BEST @ epoch 10: train_auc=0.9849, val_auc=0.9725, val_aupr=0.9044, val_precision=0.7556, val_sensitivity=0.8571; val_specificity=0.9446
2026-03-26 19:59:11,539 - NEW BEST @ epoch 11: train_auc=0.9866, val_auc=0.9754, val_aupr=0.9153, val_precision=0.8028, val_sensitivity=0.8422; val_specificity=0.9586
2026-03-26 20:04:45,963 - NEW BEST @ epoch 13: train_auc=0.9904, val_auc=0.9788, val_aupr=0.9275, val_precision=0.8581, val_sensitivity=0.8124; val_specificity=0.9731
2026-03-26 20:10:22,013 - NEW BEST @ epoch 15: train_auc=0.9928, val_auc=0.9819, val_aupr=0.9429, val_precision=0.8438, val_sensitivity=0.8870; val_specificity=0.9672
2026-03-26 20:16:07,697 - NEW BEST @ epoch 17: train_auc=0.9946, val_auc=0.9849, val_aupr=0.9559, val_precision=0.8940, val_sensitivity=0.8635; val_specificity=0.9795
2026-03-26 20:33:28,293 - NEW BEST @ epoch 23: train_auc=0.9976, val_auc=0.9893, val_aupr=0.9704, val_precision=0.9234, val_sensitivity=0.8998; val_specificity=0.9851
2026-03-26 21:16:58,757 - MolecularDataset hyperparamets -> dataset=dataset1, trategy=conditional, aug train=False, aug eval=False
2026-03-26 21:17:19,522 - Test Loss: 0.7100
2026-03-26 21:17:19,522 - Test AUC: 0.8519
2026-03-26 21:17:19,523 - Test AUPR: 0.8327
2026-03-26 21:17:19,523 - Test Precision: 0.8882
2026-03-26 21:17:19,523 - Test Sensitivity (Recall): 0.1966
2026-03-26 21:17:19,523 - Test Specificity: 0.9733
2026-03-26 21:17:19,541 - Saved/updated summary to: results/result_tables/final_results/hyperparam_search_2503.csv
2026-03-26 21:17:19,541 - [2503@j5] Running hyperparameter set 2/12 | lr=1e-05 | weight_decay=0.001 | mlp_dropout=0.3 | head_dropout=0.3 | self_attn_dropout=0.3 | compound_proj_dim=128 | ppi_fuse_setting=self_attn | head_fuse=cat | proj_feat=True
2026-03-26 21:17:19,541 - ---- Start Training & Testing Fold 1 ----
2026-03-26 21:17:19,541 - experiment 1 ...
2026-03-26 21:17:19,542 - --- Executing CV with scaffold split with hyperparameters: use_struct=True, save_probs=False, seed=42 ...
2026-03-26 21:17:19,542 - Dataset path -> datasets/multi_ppimi_s4_tests_splits_with_my_train
2026-03-26 21:17:19,585 - Initialized model | excluded=None | mlp_dropout=0.3 | head_dropout=0.3 | self_attn_dropout=0.3 | join_attn_feat=ppiformer | compound_dim=128 | compound_proj_dim=128 | ppi_fuse_setting=self_attn | head_fuse=cat | proj_feat=True
2026-03-26 21:17:19,587 - Excluded modalities: []
2026-03-26 21:17:19,601 - Active modalities: ['esm', 'fegs', 'gae']
2026-03-26 21:17:44,814 - MolecularDataset hyperparamets -> dataset=dataset1, trategy=conditional, aug train=False, aug eval=False
2026-03-26 21:17:53,353 - MolecularDataset hyperparamets -> dataset=dataset1, trategy=conditional, aug train=False, aug eval=False
2026-03-26 21:17:58,647 - MolecularDataset hyperparamets -> dataset=dataset1, trategy=conditional, aug train=False, aug eval=False
2026-03-26 21:18:04,131 - ---- train loader size -> 62190, val loader size 3276 ----
2026-03-26 21:21:23,160 - NEW BEST @ epoch 1: train_auc=0.7487, val_auc=0.8093, val_aupr=0.5735, val_precision=0.3171, val_sensitivity=0.7271; val_specificity=0.6868
2026-03-26 21:24:41,796 - NEW BEST @ epoch 2: train_auc=0.8875, val_auc=0.8942, val_aupr=0.7092, val_precision=0.4448, val_sensitivity=0.8114; val_specificity=0.7974
2026-03-26 21:27:59,898 - NEW BEST @ epoch 3: train_auc=0.9269, val_auc=0.9268, val_aupr=0.7738, val_precision=0.5411, val_sensitivity=0.7949; val_specificity=0.8652
2026-03-26 21:31:17,707 - NEW BEST @ epoch 4: train_auc=0.9455, val_auc=0.9357, val_aupr=0.7885, val_precision=0.5886, val_sensitivity=0.7912; val_specificity=0.8894
2026-03-26 21:34:36,898 - NEW BEST @ epoch 5: train_auc=0.9577, val_auc=0.9490, val_aupr=0.8198, val_precision=0.6538, val_sensitivity=0.7784; val_specificity=0.9176
2026-03-26 21:37:54,167 - NEW BEST @ epoch 6: train_auc=0.9653, val_auc=0.9576, val_aupr=0.8407, val_precision=0.6652, val_sensitivity=0.8150; val_specificity=0.9179
2026-03-26 21:41:11,122 - NEW BEST @ epoch 7: train_auc=0.9726, val_auc=0.9615, val_aupr=0.8555, val_precision=0.6875, val_sensitivity=0.8059; val_specificity=0.9267
2026-03-26 21:44:27,108 - NEW BEST @ epoch 8: train_auc=0.9769, val_auc=0.9653, val_aupr=0.8643, val_precision=0.7169, val_sensitivity=0.7930; val_specificity=0.9374
2026-03-26 21:47:38,618 - NEW BEST @ epoch 9: train_auc=0.9804, val_auc=0.9700, val_aupr=0.8796, val_precision=0.7609, val_sensitivity=0.7985; val_specificity=0.9498
2026-03-26 21:50:50,691 - NEW BEST @ epoch 10: train_auc=0.9837, val_auc=0.9739, val_aupr=0.8913, val_precision=0.7964, val_sensitivity=0.8095; val_specificity=0.9586
2026-03-26 21:57:15,131 - NEW BEST @ epoch 12: train_auc=0.9886, val_auc=0.9766, val_aupr=0.9024, val_precision=0.7812, val_sensitivity=0.8370; val_specificity=0.9531
2026-03-26 22:00:26,533 - NEW BEST @ epoch 13: train_auc=0.9897, val_auc=0.9795, val_aupr=0.9132, val_precision=0.8087, val_sensitivity=0.8132; val_specificity=0.9615
2026-03-26 22:06:50,255 - NEW BEST @ epoch 15: train_auc=0.9924, val_auc=0.9830, val_aupr=0.9286, val_precision=0.8254, val_sensitivity=0.8571; val_specificity=0.9637
2026-03-26 22:13:15,404 - NEW BEST @ epoch 17: train_auc=0.9943, val_auc=0.9851, val_aupr=0.9367, val_precision=0.8342, val_sensitivity=0.8755; val_specificity=0.9652
2026-03-26 22:19:38,864 - NEW BEST @ epoch 19: train_auc=0.9955, val_auc=0.9878, val_aupr=0.9472, val_precision=0.8928, val_sensitivity=0.8388; val_specificity=0.9799
2026-03-26 22:35:51,294 - NEW BEST @ epoch 24: train_auc=0.9974, val_auc=0.9899, val_aupr=0.9565, val_precision=0.8916, val_sensitivity=0.8736; val_specificity=0.9788
2026-03-26 23:26:08,995 - MolecularDataset hyperparamets -> dataset=dataset1, trategy=conditional, aug train=False, aug eval=False
2026-03-26 23:26:20,690 - Test Loss: 0.9722
2026-03-26 23:26:20,690 - Test AUC: 0.8736
2026-03-26 23:26:20,690 - Test AUPR: 0.7218
2026-03-26 23:26:20,690 - Test Precision: 0.1944
2026-03-26 23:26:20,690 - Test Sensitivity (Recall): 0.0236
2026-03-26 23:26:20,690 - Test Specificity: 0.9088
2026-03-26 23:26:20,703 - ---- Start Training & Testing Fold 2 ----
2026-03-26 23:26:20,703 - experiment 1 ...
2026-03-26 23:26:20,706 - --- Executing CV with scaffold split with hyperparameters: use_struct=True, save_probs=False, seed=42 ...
2026-03-26 23:26:20,706 - Dataset path -> datasets/multi_ppimi_s4_tests_splits_with_my_train
2026-03-26 23:26:20,755 - Initialized model | excluded=None | mlp_dropout=0.3 | head_dropout=0.3 | self_attn_dropout=0.3 | join_attn_feat=ppiformer | compound_dim=128 | compound_proj_dim=128 | ppi_fuse_setting=self_attn | head_fuse=cat | proj_feat=True
2026-03-26 23:26:20,757 - Excluded modalities: []
2026-03-26 23:26:20,770 - Active modalities: ['esm', 'fegs', 'gae']
2026-03-26 23:26:49,623 - MolecularDataset hyperparamets -> dataset=dataset1, trategy=conditional, aug train=False, aug eval=False
2026-03-26 23:26:58,469 - MolecularDataset hyperparamets -> dataset=dataset1, trategy=conditional, aug train=False, aug eval=False
2026-03-26 23:27:03,763 - MolecularDataset hyperparamets -> dataset=dataset1, trategy=conditional, aug train=False, aug eval=False
2026-03-26 23:27:09,047 - ---- train loader size -> 68988, val loader size 3636 ----
2026-03-26 23:30:45,792 - NEW BEST @ epoch 1: train_auc=0.7486, val_auc=0.8372, val_aupr=0.6293, val_precision=0.3610, val_sensitivity=0.7673; val_specificity=0.7284
2026-03-26 23:34:20,536 - NEW BEST @ epoch 2: train_auc=0.8941, val_auc=0.8908, val_aupr=0.7068, val_precision=0.4555, val_sensitivity=0.7937; val_specificity=0.8102
2026-03-26 23:37:55,678 - NEW BEST @ epoch 3: train_auc=0.9329, val_auc=0.9200, val_aupr=0.7635, val_precision=0.5737, val_sensitivity=0.7574; val_specificity=0.8875
2026-03-26 23:41:30,147 - NEW BEST @ epoch 4: train_auc=0.9555, val_auc=0.9384, val_aupr=0.8037, val_precision=0.6020, val_sensitivity=0.8036; val_specificity=0.8937
2026-03-26 23:45:03,391 - NEW BEST @ epoch 5: train_auc=0.9669, val_auc=0.9521, val_aupr=0.8365, val_precision=0.6505, val_sensitivity=0.8416; val_specificity=0.9096
2026-03-26 23:48:36,741 - NEW BEST @ epoch 6: train_auc=0.9734, val_auc=0.9568, val_aupr=0.8492, val_precision=0.6816, val_sensitivity=0.8300; val_specificity=0.9224
2026-03-26 23:52:10,890 - NEW BEST @ epoch 7: train_auc=0.9797, val_auc=0.9622, val_aupr=0.8624, val_precision=0.7076, val_sensitivity=0.8465; val_specificity=0.9300
2026-03-26 23:55:45,166 - NEW BEST @ epoch 8: train_auc=0.9836, val_auc=0.9662, val_aupr=0.8740, val_precision=0.7417, val_sensitivity=0.8152; val_specificity=0.9432
2026-03-27 00:02:52,506 - NEW BEST @ epoch 10: train_auc=0.9893, val_auc=0.9733, val_aupr=0.8962, val_precision=0.7823, val_sensitivity=0.8185; val_specificity=0.9545
2026-03-27 00:06:27,471 - NEW BEST @ epoch 11: train_auc=0.9906, val_auc=0.9763, val_aupr=0.9055, val_precision=0.7945, val_sensitivity=0.8168; val_specificity=0.9578
2026-03-27 00:10:00,655 - NEW BEST @ epoch 12: train_auc=0.9922, val_auc=0.9789, val_aupr=0.9171, val_precision=0.8441, val_sensitivity=0.8218; val_specificity=0.9696
2026-03-27 00:13:35,350 - NEW BEST @ epoch 13: train_auc=0.9935, val_auc=0.9811, val_aupr=0.9240, val_precision=0.8099, val_sensitivity=0.8647; val_specificity=0.9594
2026-03-27 00:20:44,106 - NEW BEST @ epoch 15: train_auc=0.9954, val_auc=0.9833, val_aupr=0.9334, val_precision=0.8470, val_sensitivity=0.8498; val_specificity=0.9693
2026-03-27 00:27:54,341 - NEW BEST @ epoch 17: train_auc=0.9966, val_auc=0.9866, val_aupr=0.9455, val_precision=0.8866, val_sensitivity=0.8383; val_specificity=0.9785
2026-03-27 00:35:05,246 - NEW BEST @ epoch 19: train_auc=0.9975, val_auc=0.9887, val_aupr=0.9527, val_precision=0.8763, val_sensitivity=0.8647; val_specificity=0.9756
2026-03-27 00:56:29,988 - NEW BEST @ epoch 25: train_auc=0.9988, val_auc=0.9915, val_aupr=0.9664, val_precision=0.8896, val_sensitivity=0.9043; val_specificity=0.9776
2026-03-27 01:50:41,139 - MolecularDataset hyperparamets -> dataset=dataset1, trategy=conditional, aug train=False, aug eval=False
2026-03-27 01:50:51,963 - Test Loss: 1.0694
2026-03-27 01:50:51,964 - Test AUC: 0.8921
2026-03-27 01:50:51,964 - Test AUPR: 0.8635
2026-03-27 01:50:51,964 - Test Precision: 0.9072
2026-03-27 01:50:51,964 - Test Sensitivity (Recall): 0.2708
2026-03-27 01:50:51,964 - Test Specificity: 0.9585
2026-03-27 01:50:51,974 - ---- Start Training & Testing Fold 3 ----
2026-03-27 01:50:51,974 - experiment 1 ...
2026-03-27 01:50:51,975 - --- Executing CV with scaffold split with hyperparameters: use_struct=True, save_probs=False, seed=42 ...
2026-03-27 01:50:51,975 - Dataset path -> datasets/multi_ppimi_s4_tests_splits_with_my_train
2026-03-27 01:50:52,016 - Initialized model | excluded=None | mlp_dropout=0.3 | head_dropout=0.3 | self_attn_dropout=0.3 | join_attn_feat=ppiformer | compound_dim=128 | compound_proj_dim=128 | ppi_fuse_setting=self_attn | head_fuse=cat | proj_feat=True
2026-03-27 01:50:52,018 - Excluded modalities: []
2026-03-27 01:50:52,030 - Active modalities: ['esm', 'fegs', 'gae']
2026-03-27 01:51:19,026 - MolecularDataset hyperparamets -> dataset=dataset1, trategy=conditional, aug train=False, aug eval=False
2026-03-27 01:51:27,639 - MolecularDataset hyperparamets -> dataset=dataset1, trategy=conditional, aug train=False, aug eval=False
2026-03-27 01:51:32,907 - MolecularDataset hyperparamets -> dataset=dataset1, trategy=conditional, aug train=False, aug eval=False
2026-03-27 01:51:38,172 - ---- train loader size -> 65748, val loader size 3462 ----
2026-03-27 01:55:03,098 - NEW BEST @ epoch 1: train_auc=0.7377, val_auc=0.8573, val_aupr=0.6675, val_precision=0.3684, val_sensitivity=0.8250; val_specificity=0.7172
2026-03-27 01:58:28,497 - NEW BEST @ epoch 2: train_auc=0.8940, val_auc=0.9187, val_aupr=0.7642, val_precision=0.5099, val_sensitivity=0.8458; val_specificity=0.8374
2026-03-27 03:01:54,495 - NEW BEST @ epoch 3: train_auc=0.9330, val_auc=0.9355, val_aupr=0.7967, val_precision=0.5275, val_sensitivity=0.8475; val_specificity=0.8482
2026-03-27 03:05:19,330 - NEW BEST @ epoch 4: train_auc=0.9506, val_auc=0.9545, val_aupr=0.8351, val_precision=0.6052, val_sensitivity=0.8873; val_specificity=0.8842
2026-03-27 03:08:44,009 - NEW BEST @ epoch 5: train_auc=0.9631, val_auc=0.9616, val_aupr=0.8579, val_precision=0.6551, val_sensitivity=0.8527; val_specificity=0.9102
2026-03-27 03:12:09,179 - NEW BEST @ epoch 6: train_auc=0.9706, val_auc=0.9650, val_aupr=0.8685, val_precision=0.7085, val_sensitivity=0.8215; val_specificity=0.9324
2026-03-27 03:15:34,391 - NEW BEST @ epoch 7: train_auc=0.9756, val_auc=0.9691, val_aupr=0.8813, val_precision=0.7096, val_sensitivity=0.8302; val_specificity=0.9321
2026-03-27 03:18:58,262 - NEW BEST @ epoch 8: train_auc=0.9797, val_auc=0.9736, val_aupr=0.8973, val_precision=0.7153, val_sensitivity=0.8579; val_specificity=0.9317
2026-03-27 03:22:21,443 - NEW BEST @ epoch 9: train_auc=0.9831, val_auc=0.9778, val_aupr=0.9103, val_precision=0.7707, val_sensitivity=0.8388; val_specificity=0.9501
2026-03-27 03:29:07,691 - NEW BEST @ epoch 11: train_auc=0.9883, val_auc=0.9806, val_aupr=0.9236, val_precision=0.7920, val_sensitivity=0.8579; val_specificity=0.9549
2026-03-27 03:35:53,580 - NEW BEST @ epoch 13: train_auc=0.9917, val_auc=0.9846, val_aupr=0.9359, val_precision=0.8291, val_sensitivity=0.8406; val_specificity=0.9653
2026-03-27 03:46:04,063 - NEW BEST @ epoch 16: train_auc=0.9946, val_auc=0.9872, val_aupr=0.9484, val_precision=0.8625, val_sensitivity=0.8371; val_specificity=0.9733
2026-03-27 03:56:13,248 - NEW BEST @ epoch 19: train_auc=0.9964, val_auc=0.9900, val_aupr=0.9569, val_precision=0.8733, val_sensitivity=0.8718; val_specificity=0.9747
2026-03-27 04:33:30,513 - NEW BEST @ epoch 30: train_auc=0.9989, val_auc=0.9920, val_aupr=0.9663, val_precision=0.8922, val_sensitivity=0.8891; val_specificity=0.9785
2026-03-27 05:24:56,939 - MolecularDataset hyperparamets -> dataset=dataset1, trategy=conditional, aug train=False, aug eval=False
2026-03-27 05:25:07,035 - Test Loss: 0.7315
2026-03-27 05:25:07,036 - Test AUC: 0.9301
2026-03-27 05:25:07,036 - Test AUPR: 0.8942
2026-03-27 05:25:07,036 - Test Precision: 0.9552
2026-03-27 05:25:07,036 - Test Sensitivity (Recall): 0.2991
2026-03-27 05:25:07,036 - Test Specificity: 0.9883
2026-03-27 05:25:07,045 - ---- Start Training & Testing Fold 4 ----
2026-03-27 05:25:07,045 - experiment 1 ...
2026-03-27 05:25:07,046 - --- Executing CV with scaffold split with hyperparameters: use_struct=True, save_probs=False, seed=42 ...
2026-03-27 05:25:07,046 - Dataset path -> datasets/multi_ppimi_s4_tests_splits_with_my_train
2026-03-27 05:25:07,077 - Initialized model | excluded=None | mlp_dropout=0.3 | head_dropout=0.3 | self_attn_dropout=0.3 | join_attn_feat=ppiformer | compound_dim=128 | compound_proj_dim=128 | ppi_fuse_setting=self_attn | head_fuse=cat | proj_feat=True
2026-03-27 05:25:07,078 - Excluded modalities: []
2026-03-27 05:25:07,091 - Active modalities: ['esm', 'fegs', 'gae']
2026-03-27 05:25:25,425 - MolecularDataset hyperparamets -> dataset=dataset1, trategy=conditional, aug train=False, aug eval=False
2026-03-27 05:25:32,962 - MolecularDataset hyperparamets -> dataset=dataset1, trategy=conditional, aug train=False, aug eval=False
2026-03-27 05:25:38,081 - MolecularDataset hyperparamets -> dataset=dataset1, trategy=conditional, aug train=False, aug eval=False
2026-03-27 05:25:43,161 - ---- train loader size -> 45126, val loader size 2376 ----
2026-03-27 05:28:03,893 - NEW BEST @ epoch 1: train_auc=0.6479, val_auc=0.7466, val_aupr=0.4681, val_precision=0.2771, val_sensitivity=0.7172; val_specificity=0.6258
2026-03-27 05:30:25,011 - NEW BEST @ epoch 2: train_auc=0.8123, val_auc=0.8386, val_aupr=0.6135, val_precision=0.3814, val_sensitivity=0.7677; val_specificity=0.7510
2026-03-27 05:32:45,591 - NEW BEST @ epoch 3: train_auc=0.8690, val_auc=0.8715, val_aupr=0.6568, val_precision=0.4264, val_sensitivity=0.7828; val_specificity=0.7894
2026-03-27 05:35:05,793 - NEW BEST @ epoch 4: train_auc=0.8984, val_auc=0.8969, val_aupr=0.7057, val_precision=0.4672, val_sensitivity=0.8106; val_specificity=0.8152
2026-03-27 05:37:25,443 - NEW BEST @ epoch 5: train_auc=0.9148, val_auc=0.9062, val_aupr=0.7263, val_precision=0.5040, val_sensitivity=0.7904; val_specificity=0.8444
2026-03-27 05:39:44,690 - NEW BEST @ epoch 6: train_auc=0.9302, val_auc=0.9217, val_aupr=0.7519, val_precision=0.5381, val_sensitivity=0.8030; val_specificity=0.8621
2026-03-27 05:42:03,749 - NEW BEST @ epoch 7: train_auc=0.9423, val_auc=0.9289, val_aupr=0.7704, val_precision=0.5753, val_sensitivity=0.8005; val_specificity=0.8818
2026-03-27 05:44:23,409 - NEW BEST @ epoch 8: train_auc=0.9474, val_auc=0.9346, val_aupr=0.7877, val_precision=0.6015, val_sensitivity=0.8081; val_specificity=0.8929
2026-03-27 05:46:43,385 - NEW BEST @ epoch 9: train_auc=0.9537, val_auc=0.9475, val_aupr=0.8168, val_precision=0.6602, val_sensitivity=0.7753; val_specificity=0.9202
2026-03-27 05:51:23,631 - NEW BEST @ epoch 11: train_auc=0.9650, val_auc=0.9532, val_aupr=0.8344, val_precision=0.7028, val_sensitivity=0.7702; val_specificity=0.9348
2026-03-27 05:56:02,834 - NEW BEST @ epoch 13: train_auc=0.9727, val_auc=0.9574, val_aupr=0.8482, val_precision=0.7487, val_sensitivity=0.7222; val_specificity=0.9515
2026-03-27 05:58:23,524 - NEW BEST @ epoch 14: train_auc=0.9750, val_auc=0.9602, val_aupr=0.8561, val_precision=0.7487, val_sensitivity=0.7449; val_specificity=0.9500
2026-03-27 06:03:03,187 - NEW BEST @ epoch 16: train_auc=0.9810, val_auc=0.9644, val_aupr=0.8704, val_precision=0.7822, val_sensitivity=0.7525; val_specificity=0.9581
2026-03-27 06:10:03,273 - NEW BEST @ epoch 19: train_auc=0.9865, val_auc=0.9690, val_aupr=0.8854, val_precision=0.7804, val_sensitivity=0.7626; val_specificity=0.9571
2026-03-27 06:28:42,920 - NEW BEST @ epoch 27: train_auc=0.9948, val_auc=0.9726, val_aupr=0.9022, val_precision=0.8306, val_sensitivity=0.7551; val_specificity=0.9692
2026-03-27 07:04:17,092 - MolecularDataset hyperparamets -> dataset=dataset1, trategy=conditional, aug train=False, aug eval=False
2026-03-27 07:04:39,220 - Test Loss: 0.4459
2026-03-27 07:04:39,220 - Test AUC: 0.9248
2026-03-27 07:04:39,220 - Test AUPR: 0.8772
2026-03-27 07:04:39,220 - Test Precision: 0.9113
2026-03-27 07:04:39,220 - Test Sensitivity (Recall): 0.6447
2026-03-27 07:04:39,220 - Test Specificity: 0.9542
2026-03-27 07:04:39,229 - ---- Start Training & Testing Fold 5 ----
2026-03-27 07:04:39,229 - experiment 1 ...
2026-03-27 07:04:39,230 - --- Executing CV with scaffold split with hyperparameters: use_struct=True, save_probs=False, seed=42 ...
2026-03-27 07:04:39,230 - Dataset path -> datasets/multi_ppimi_s4_tests_splits_with_my_train
2026-03-27 07:04:39,265 - Initialized model | excluded=None | mlp_dropout=0.3 | head_dropout=0.3 | self_attn_dropout=0.3 | join_attn_feat=ppiformer | compound_dim=128 | compound_proj_dim=128 | ppi_fuse_setting=self_attn | head_fuse=cat | proj_feat=True
2026-03-27 07:04:39,267 - Excluded modalities: []
2026-03-27 07:04:39,280 - Active modalities: ['esm', 'fegs', 'gae']
2026-03-27 07:05:02,212 - MolecularDataset hyperparamets -> dataset=dataset1, trategy=conditional, aug train=False, aug eval=False
2026-03-27 07:05:09,460 - MolecularDataset hyperparamets -> dataset=dataset1, trategy=conditional, aug train=False, aug eval=False
2026-03-27 07:05:14,599 - MolecularDataset hyperparamets -> dataset=dataset1, trategy=conditional, aug train=False, aug eval=False
2026-03-27 07:05:19,739 - ---- train loader size -> 53418, val loader size 2814 ----
2026-03-27 07:08:07,665 - NEW BEST @ epoch 1: train_auc=0.7226, val_auc=0.8342, val_aupr=0.6551, val_precision=0.3418, val_sensitivity=0.7719; val_specificity=0.7028
2026-03-27 07:10:56,211 - NEW BEST @ epoch 2: train_auc=0.8828, val_auc=0.9072, val_aupr=0.7633, val_precision=0.4272, val_sensitivity=0.8443; val_specificity=0.7736
2026-03-27 07:13:45,145 - NEW BEST @ epoch 3: train_auc=0.9270, val_auc=0.9265, val_aupr=0.7903, val_precision=0.5098, val_sensitivity=0.8337; val_specificity=0.8397
2026-03-27 07:16:33,024 - NEW BEST @ epoch 4: train_auc=0.9485, val_auc=0.9466, val_aupr=0.8332, val_precision=0.5871, val_sensitivity=0.8699; val_specificity=0.8776
2026-03-27 07:19:21,389 - NEW BEST @ epoch 5: train_auc=0.9584, val_auc=0.9557, val_aupr=0.8568, val_precision=0.6345, val_sensitivity=0.8550; val_specificity=0.9015
2026-03-27 07:22:10,359 - NEW BEST @ epoch 6: train_auc=0.9671, val_auc=0.9613, val_aupr=0.8696, val_precision=0.6757, val_sensitivity=0.8486; val_specificity=0.9186
2026-03-27 07:24:59,290 - NEW BEST @ epoch 7: train_auc=0.9740, val_auc=0.9639, val_aupr=0.8751, val_precision=0.6961, val_sensitivity=0.8401; val_specificity=0.9267
2026-03-27 07:27:47,070 - NEW BEST @ epoch 8: train_auc=0.9771, val_auc=0.9686, val_aupr=0.8891, val_precision=0.7002, val_sensitivity=0.8763; val_specificity=0.9249
2026-03-27 07:33:24,109 - NEW BEST @ epoch 10: train_auc=0.9848, val_auc=0.9727, val_aupr=0.9049, val_precision=0.7519, val_sensitivity=0.8593; val_specificity=0.9433
2026-03-27 07:36:13,018 - NEW BEST @ epoch 11: train_auc=0.9865, val_auc=0.9755, val_aupr=0.9158, val_precision=0.7980, val_sensitivity=0.8422; val_specificity=0.9574
2026-03-27 07:41:50,830 - NEW BEST @ epoch 13: train_auc=0.9903, val_auc=0.9791, val_aupr=0.9290, val_precision=0.8514, val_sensitivity=0.8188; val_specificity=0.9714
2026-03-27 07:47:26,701 - NEW BEST @ epoch 15: train_auc=0.9930, val_auc=0.9812, val_aupr=0.9410, val_precision=0.8388, val_sensitivity=0.8763; val_specificity=0.9663
2026-03-27 07:53:02,820 - NEW BEST @ epoch 17: train_auc=0.9946, val_auc=0.9849, val_aupr=0.9574, val_precision=0.8841, val_sensitivity=0.8785; val_specificity=0.9770
2026-03-27 08:09:51,139 - NEW BEST @ epoch 23: train_auc=0.9976, val_auc=0.9893, val_aupr=0.9711, val_precision=0.9199, val_sensitivity=0.9062; val_specificity=0.9842
2026-03-27 08:52:06,685 - MolecularDataset hyperparamets -> dataset=dataset1, trategy=conditional, aug train=False, aug eval=False
2026-03-27 08:52:27,523 - Test Loss: 0.8021
2026-03-27 08:52:27,523 - Test AUC: 0.8347
2026-03-27 08:52:27,523 - Test AUPR: 0.8168
2026-03-27 08:52:27,523 - Test Precision: 0.8913
2026-03-27 08:52:27,523 - Test Sensitivity (Recall): 0.1602
2026-03-27 08:52:27,523 - Test Specificity: 0.9789
2026-03-27 08:52:27,539 - Saved/updated summary to: results/result_tables/final_results/hyperparam_search_2503.csv
2026-03-27 08:52:27,539 - [2503@j5] Running hyperparameter set 3/12 | lr=1e-05 | weight_decay=0.0001 | mlp_dropout=0.3 | head_dropout=0.3 | self_attn_dropout=0.1 | compound_proj_dim=128 | ppi_fuse_setting=self_attn | head_fuse=cat | proj_feat=True
2026-03-27 08:52:27,539 - ---- Start Training & Testing Fold 1 ----
2026-03-27 08:52:27,539 - experiment 1 ...
2026-03-27 08:52:27,540 - --- Executing CV with scaffold split with hyperparameters: use_struct=True, save_probs=False, seed=42 ...
2026-03-27 08:52:27,540 - Dataset path -> datasets/multi_ppimi_s4_tests_splits_with_my_train
2026-03-27 08:52:27,581 - Initialized model | excluded=None | mlp_dropout=0.3 | head_dropout=0.3 | self_attn_dropout=0.1 | join_attn_feat=ppiformer | compound_dim=128 | compound_proj_dim=128 | ppi_fuse_setting=self_attn | head_fuse=cat | proj_feat=True
2026-03-27 08:52:27,583 - Excluded modalities: []
2026-03-27 08:52:27,596 - Active modalities: ['esm', 'fegs', 'gae']
2026-03-27 08:52:53,384 - MolecularDataset hyperparamets -> dataset=dataset1, trategy=conditional, aug train=False, aug eval=False
2026-03-27 08:53:01,891 - MolecularDataset hyperparamets -> dataset=dataset1, trategy=conditional, aug train=False, aug eval=False
2026-03-27 08:53:07,125 - MolecularDataset hyperparamets -> dataset=dataset1, trategy=conditional, aug train=False, aug eval=False
2026-03-27 08:53:12,359 - ---- train loader size -> 62190, val loader size 3276 ----
2026-03-27 08:56:25,280 - NEW BEST @ epoch 1: train_auc=0.7486, val_auc=0.8093, val_aupr=0.5732, val_precision=0.3194, val_sensitivity=0.7253; val_specificity=0.6908
2026-03-27 08:59:38,803 - NEW BEST @ epoch 2: train_auc=0.8884, val_auc=0.8931, val_aupr=0.7068, val_precision=0.4438, val_sensitivity=0.8022; val_specificity=0.7989
2026-03-27 09:02:52,875 - NEW BEST @ epoch 3: train_auc=0.9274, val_auc=0.9249, val_aupr=0.7700, val_precision=0.5429, val_sensitivity=0.7875; val_specificity=0.8674
2026-03-27 09:06:06,477 - NEW BEST @ epoch 4: train_auc=0.9459, val_auc=0.9357, val_aupr=0.7885, val_precision=0.5841, val_sensitivity=0.7821; val_specificity=0.8886
2026-03-27 09:09:18,831 - NEW BEST @ epoch 5: train_auc=0.9580, val_auc=0.9489, val_aupr=0.8192, val_precision=0.6508, val_sensitivity=0.7784; val_specificity=0.9165
2026-03-27 09:12:32,427 - NEW BEST @ epoch 6: train_auc=0.9660, val_auc=0.9576, val_aupr=0.8399, val_precision=0.6647, val_sensitivity=0.8132; val_specificity=0.9179
2026-03-27 09:15:46,148 - NEW BEST @ epoch 7: train_auc=0.9733, val_auc=0.9604, val_aupr=0.8539, val_precision=0.6875, val_sensitivity=0.8059; val_specificity=0.9267
2026-03-27 09:18:59,391 - NEW BEST @ epoch 8: train_auc=0.9774, val_auc=0.9644, val_aupr=0.8635, val_precision=0.7150, val_sensitivity=0.8040; val_specificity=0.9359
2026-03-27 09:22:12,575 - NEW BEST @ epoch 9: train_auc=0.9806, val_auc=0.9690, val_aupr=0.8778, val_precision=0.7597, val_sensitivity=0.7875; val_specificity=0.9502
2026-03-27 09:25:27,011 - NEW BEST @ epoch 10: train_auc=0.9839, val_auc=0.9728, val_aupr=0.8889, val_precision=0.7867, val_sensitivity=0.8040; val_specificity=0.9564
2026-03-27 09:31:52,884 - NEW BEST @ epoch 12: train_auc=0.9886, val_auc=0.9762, val_aupr=0.9019, val_precision=0.7812, val_sensitivity=0.8370; val_specificity=0.9531
2026-03-27 09:35:06,526 - NEW BEST @ epoch 13: train_auc=0.9899, val_auc=0.9800, val_aupr=0.9157, val_precision=0.8151, val_sensitivity=0.8315; val_specificity=0.9623
2026-03-27 09:41:33,556 - NEW BEST @ epoch 15: train_auc=0.9924, val_auc=0.9830, val_aupr=0.9297, val_precision=0.8393, val_sensitivity=0.8608; val_specificity=0.9670
2026-03-27 09:51:15,284 - NEW BEST @ epoch 18: train_auc=0.9952, val_auc=0.9853, val_aupr=0.9388, val_precision=0.8689, val_sensitivity=0.8498; val_specificity=0.9744
2026-03-27 09:54:29,187 - NEW BEST @ epoch 19: train_auc=0.9956, val_auc=0.9875, val_aupr=0.9464, val_precision=0.8904, val_sensitivity=0.8480; val_specificity=0.9791
2026-03-27 10:10:26,226 - NEW BEST @ epoch 24: train_auc=0.9975, val_auc=0.9900, val_aupr=0.9568, val_precision=0.8844, val_sensitivity=0.8828; val_specificity=0.9769
2026-03-27 10:58:50,091 - MolecularDataset hyperparamets -> dataset=dataset1, trategy=conditional, aug train=False, aug eval=False
2026-03-27 10:59:02,118 - Test Loss: 0.9215
2026-03-27 10:59:02,118 - Test AUC: 0.8713
2026-03-27 10:59:02,118 - Test AUPR: 0.7172
2026-03-27 10:59:02,118 - Test Precision: 0.2500
2026-03-27 10:59:02,118 - Test Sensitivity (Recall): 0.0337
2026-03-27 10:59:02,118 - Test Specificity: 0.9057
2026-03-27 10:59:02,128 - ---- Start Training & Testing Fold 2 ----
2026-03-27 10:59:02,128 - experiment 1 ...
2026-03-27 10:59:02,129 - --- Executing CV with scaffold split with hyperparameters: use_struct=True, save_probs=False, seed=42 ...
2026-03-27 10:59:02,129 - Dataset path -> datasets/multi_ppimi_s4_tests_splits_with_my_train
2026-03-27 10:59:02,176 - Initialized model | excluded=None | mlp_dropout=0.3 | head_dropout=0.3 | self_attn_dropout=0.1 | join_attn_feat=ppiformer | compound_dim=128 | compound_proj_dim=128 | ppi_fuse_setting=self_attn | head_fuse=cat | proj_feat=True
2026-03-27 10:59:02,178 - Excluded modalities: []
2026-03-27 10:59:02,191 - Active modalities: ['esm', 'fegs', 'gae']
2026-03-27 10:59:30,698 - MolecularDataset hyperparamets -> dataset=dataset1, trategy=conditional, aug train=False, aug eval=False
2026-03-27 10:59:39,443 - MolecularDataset hyperparamets -> dataset=dataset1, trategy=conditional, aug train=False, aug eval=False
2026-03-27 10:59:44,745 - MolecularDataset hyperparamets -> dataset=dataset1, trategy=conditional, aug train=False, aug eval=False
2026-03-27 10:59:49,986 - ---- train loader size -> 68988, val loader size 3636 ----
2026-03-27 11:03:23,378 - NEW BEST @ epoch 1: train_auc=0.7515, val_auc=0.8400, val_aupr=0.6338, val_precision=0.3680, val_sensitivity=0.7772; val_specificity=0.7330
2026-03-27 11:06:57,696 - NEW BEST @ epoch 2: train_auc=0.8961, val_auc=0.8931, val_aupr=0.7101, val_precision=0.4510, val_sensitivity=0.7970; val_specificity=0.8059
2026-03-27 11:10:32,604 - NEW BEST @ epoch 3: train_auc=0.9351, val_auc=0.9198, val_aupr=0.7616, val_precision=0.5697, val_sensitivity=0.7558; val_specificity=0.8858
2026-03-27 11:14:08,431 - NEW BEST @ epoch 4: train_auc=0.9568, val_auc=0.9378, val_aupr=0.8005, val_precision=0.6125, val_sensitivity=0.8086; val_specificity=0.8977
2026-03-27 11:17:43,990 - NEW BEST @ epoch 5: train_auc=0.9675, val_auc=0.9519, val_aupr=0.8351, val_precision=0.6408, val_sensitivity=0.8449; val_specificity=0.9053
2026-03-27 11:21:19,343 - NEW BEST @ epoch 6: train_auc=0.9739, val_auc=0.9557, val_aupr=0.8456, val_precision=0.6788, val_sensitivity=0.8300; val_specificity=0.9215
2026-03-27 11:24:53,937 - NEW BEST @ epoch 7: train_auc=0.9801, val_auc=0.9610, val_aupr=0.8593, val_precision=0.7028, val_sensitivity=0.8350; val_specificity=0.9294
2026-03-27 11:28:28,262 - NEW BEST @ epoch 8: train_auc=0.9838, val_auc=0.9655, val_aupr=0.8717, val_precision=0.7340, val_sensitivity=0.8152; val_specificity=0.9409
2026-03-27 11:32:02,619 - NEW BEST @ epoch 9: train_auc=0.9867, val_auc=0.9682, val_aupr=0.8818, val_precision=0.7460, val_sensitivity=0.8383; val_specificity=0.9429
2026-03-27 11:35:37,060 - NEW BEST @ epoch 10: train_auc=0.9893, val_auc=0.9733, val_aupr=0.8956, val_precision=0.7802, val_sensitivity=0.8201; val_specificity=0.9538
2026-03-27 11:39:11,716 - NEW BEST @ epoch 11: train_auc=0.9907, val_auc=0.9759, val_aupr=0.9045, val_precision=0.8072, val_sensitivity=0.8152; val_specificity=0.9611
2026-03-27 11:42:46,358 - NEW BEST @ epoch 12: train_auc=0.9923, val_auc=0.9788, val_aupr=0.9164, val_precision=0.8510, val_sensitivity=0.8102; val_specificity=0.9716
2026-03-27 11:46:20,772 - NEW BEST @ epoch 13: train_auc=0.9935, val_auc=0.9811, val_aupr=0.9230, val_precision=0.8172, val_sensitivity=0.8630; val_specificity=0.9614
2026-03-27 11:57:05,754 - NEW BEST @ epoch 16: train_auc=0.9959, val_auc=0.9839, val_aupr=0.9348, val_precision=0.8192, val_sensitivity=0.8746; val_specificity=0.9614
2026-03-27 12:00:40,340 - NEW BEST @ epoch 17: train_auc=0.9966, val_auc=0.9860, val_aupr=0.9433, val_precision=0.8833, val_sensitivity=0.8366; val_specificity=0.9779
2026-03-27 12:07:46,290 - NEW BEST @ epoch 19: train_auc=0.9975, val_auc=0.9881, val_aupr=0.9515, val_precision=0.8742, val_sensitivity=0.8713; val_specificity=0.9749
2026-03-27 12:29:03,791 - NEW BEST @ epoch 25: train_auc=0.9988, val_auc=0.9910, val_aupr=0.9647, val_precision=0.8833, val_sensitivity=0.8993; val_specificity=0.9762
2026-03-27 13:23:10,159 - MolecularDataset hyperparamets -> dataset=dataset1, trategy=conditional, aug train=False, aug eval=False
2026-03-27 13:23:21,052 - Test Loss: 1.2010
2026-03-27 13:23:21,052 - Test AUC: 0.8855
2026-03-27 13:23:21,052 - Test AUPR: 0.8496
2026-03-27 13:23:21,052 - Test Precision: 0.8358
2026-03-27 13:23:21,052 - Test Sensitivity (Recall): 0.1723
2026-03-27 13:23:21,052 - Test Specificity: 0.9493
2026-03-27 13:23:21,061 - ---- Start Training & Testing Fold 3 ----
2026-03-27 13:23:21,062 - experiment 1 ...
2026-03-27 13:23:21,064 - --- Executing CV with scaffold split with hyperparameters: use_struct=True, save_probs=False, seed=42 ...
2026-03-27 13:23:21,064 - Dataset path -> datasets/multi_ppimi_s4_tests_splits_with_my_train
2026-03-27 13:23:21,107 - Initialized model | excluded=None | mlp_dropout=0.3 | head_dropout=0.3 | self_attn_dropout=0.1 | join_attn_feat=ppiformer | compound_dim=128 | compound_proj_dim=128 | ppi_fuse_setting=self_attn | head_fuse=cat | proj_feat=True
2026-03-27 13:23:21,109 - Excluded modalities: []
2026-03-27 13:23:21,122 - Active modalities: ['esm', 'fegs', 'gae']
2026-03-27 13:23:48,018 - MolecularDataset hyperparamets -> dataset=dataset1, trategy=conditional, aug train=False, aug eval=False
2026-03-27 13:23:56,895 - MolecularDataset hyperparamets -> dataset=dataset1, trategy=conditional, aug train=False, aug eval=False
2026-03-27 13:24:02,167 - MolecularDataset hyperparamets -> dataset=dataset1, trategy=conditional, aug train=False, aug eval=False
2026-03-27 13:24:07,430 - ---- train loader size -> 65748, val loader size 3462 ----
2026-03-27 13:27:31,419 - NEW BEST @ epoch 1: train_auc=0.7383, val_auc=0.8549, val_aupr=0.6648, val_precision=0.3623, val_sensitivity=0.8163; val_specificity=0.7127
2026-03-27 13:30:56,120 - NEW BEST @ epoch 2: train_auc=0.8948, val_auc=0.9179, val_aupr=0.7627, val_precision=0.5139, val_sensitivity=0.8354; val_specificity=0.8419
2026-03-27 13:34:20,323 - NEW BEST @ epoch 3: train_auc=0.9345, val_auc=0.9327, val_aupr=0.7905, val_precision=0.5243, val_sensitivity=0.8406; val_specificity=0.8475
2026-03-27 13:37:44,093 - NEW BEST @ epoch 4: train_auc=0.9511, val_auc=0.9528, val_aupr=0.8302, val_precision=0.6009, val_sensitivity=0.8821; val_specificity=0.8828
2026-03-27 13:41:08,460 - NEW BEST @ epoch 5: train_auc=0.9633, val_auc=0.9602, val_aupr=0.8531, val_precision=0.6565, val_sensitivity=0.8614; val_specificity=0.9099
2026-03-27 13:44:33,205 - NEW BEST @ epoch 6: train_auc=0.9708, val_auc=0.9633, val_aupr=0.8629, val_precision=0.7134, val_sensitivity=0.8198; val_specificity=0.9341
2026-03-27 13:47:58,730 - NEW BEST @ epoch 7: train_auc=0.9758, val_auc=0.9675, val_aupr=0.8762, val_precision=0.7141, val_sensitivity=0.8180; val_specificity=0.9345
2026-03-27 13:51:23,949 - NEW BEST @ epoch 8: train_auc=0.9796, val_auc=0.9725, val_aupr=0.8942, val_precision=0.7189, val_sensitivity=0.8510; val_specificity=0.9334
2026-03-27 13:54:48,585 - NEW BEST @ epoch 9: train_auc=0.9832, val_auc=0.9768, val_aupr=0.9073, val_precision=0.7716, val_sensitivity=0.8198; val_specificity=0.9515
2026-03-27 14:01:39,145 - NEW BEST @ epoch 11: train_auc=0.9881, val_auc=0.9801, val_aupr=0.9227, val_precision=0.7908, val_sensitivity=0.8388; val_specificity=0.9556
2026-03-27 14:08:29,640 - NEW BEST @ epoch 13: train_auc=0.9918, val_auc=0.9837, val_aupr=0.9337, val_precision=0.8336, val_sensitivity=0.8250; val_specificity=0.9671
2026-03-27 14:18:41,729 - NEW BEST @ epoch 16: train_auc=0.9945, val_auc=0.9867, val_aupr=0.9465, val_precision=0.8661, val_sensitivity=0.8406; val_specificity=0.9740
2026-03-27 14:28:53,150 - NEW BEST @ epoch 19: train_auc=0.9963, val_auc=0.9890, val_aupr=0.9543, val_precision=0.8765, val_sensitivity=0.8614; val_specificity=0.9757
2026-03-27 14:56:07,127 - NEW BEST @ epoch 27: train_auc=0.9986, val_auc=0.9911, val_aupr=0.9641, val_precision=0.8773, val_sensitivity=0.8925; val_specificity=0.9750
2026-03-27 15:47:46,828 - MolecularDataset hyperparamets -> dataset=dataset1, trategy=conditional, aug train=False, aug eval=False
2026-03-27 15:47:57,055 - Test Loss: 0.7625
2026-03-27 15:47:57,055 - Test AUC: 0.9041
2026-03-27 15:47:57,055 - Test AUPR: 0.8756
2026-03-27 15:47:57,055 - Test Precision: 0.9412
2026-03-27 15:47:57,055 - Test Sensitivity (Recall): 0.2991
2026-03-27 15:47:57,055 - Test Specificity: 0.9844
2026-03-27 15:47:57,065 - ---- Start Training & Testing Fold 4 ----
2026-03-27 15:47:57,065 - experiment 1 ...
2026-03-27 15:47:57,068 - --- Executing CV with scaffold split with hyperparameters: use_struct=True, save_probs=False, seed=42 ...
2026-03-27 15:47:57,068 - Dataset path -> datasets/multi_ppimi_s4_tests_splits_with_my_train
2026-03-27 15:47:57,099 - Initialized model | excluded=None | mlp_dropout=0.3 | head_dropout=0.3 | self_attn_dropout=0.1 | join_attn_feat=ppiformer | compound_dim=128 | compound_proj_dim=128 | ppi_fuse_setting=self_attn | head_fuse=cat | proj_feat=True
2026-03-27 15:47:57,101 - Excluded modalities: []
2026-03-27 15:47:57,114 - Active modalities: ['esm', 'fegs', 'gae']
2026-03-27 15:48:15,839 - MolecularDataset hyperparamets -> dataset=dataset1, trategy=conditional, aug train=False, aug eval=False
2026-03-27 15:48:23,391 - MolecularDataset hyperparamets -> dataset=dataset1, trategy=conditional, aug train=False, aug eval=False
2026-03-27 15:48:28,565 - MolecularDataset hyperparamets -> dataset=dataset1, trategy=conditional, aug train=False, aug eval=False
2026-03-27 15:48:33,649 - ---- train loader size -> 45126, val loader size 2376 ----
2026-03-27 15:50:54,190 - NEW BEST @ epoch 1: train_auc=0.6479, val_auc=0.7465, val_aupr=0.4667, val_precision=0.2802, val_sensitivity=0.7197; val_specificity=0.6303
2026-03-27 15:53:14,741 - NEW BEST @ epoch 2: train_auc=0.8129, val_auc=0.8383, val_aupr=0.6106, val_precision=0.3762, val_sensitivity=0.7601; val_specificity=0.7480
2026-03-27 15:55:35,275 - NEW BEST @ epoch 3: train_auc=0.8690, val_auc=0.8706, val_aupr=0.6506, val_precision=0.4286, val_sensitivity=0.7803; val_specificity=0.7919
2026-03-27 15:57:55,780 - NEW BEST @ epoch 4: train_auc=0.8983, val_auc=0.8947, val_aupr=0.7019, val_precision=0.4753, val_sensitivity=0.8030; val_specificity=0.8227
2026-03-27 16:00:16,557 - NEW BEST @ epoch 5: train_auc=0.9147, val_auc=0.9037, val_aupr=0.7226, val_precision=0.5114, val_sensitivity=0.7929; val_specificity=0.8485
2026-03-27 16:02:37,194 - NEW BEST @ epoch 6: train_auc=0.9301, val_auc=0.9187, val_aupr=0.7449, val_precision=0.5428, val_sensitivity=0.8005; val_specificity=0.8652
2026-03-27 16:04:57,236 - NEW BEST @ epoch 7: train_auc=0.9424, val_auc=0.9277, val_aupr=0.7684, val_precision=0.5874, val_sensitivity=0.7980; val_specificity=0.8879
2026-03-27 16:07:18,176 - NEW BEST @ epoch 8: train_auc=0.9470, val_auc=0.9336, val_aupr=0.7852, val_precision=0.5939, val_sensitivity=0.7904; val_specificity=0.8919
2026-03-27 16:09:38,531 - NEW BEST @ epoch 9: train_auc=0.9535, val_auc=0.9470, val_aupr=0.8156, val_precision=0.6616, val_sensitivity=0.7753; val_specificity=0.9207
2026-03-27 16:14:17,901 - NEW BEST @ epoch 11: train_auc=0.9650, val_auc=0.9525, val_aupr=0.8332, val_precision=0.7035, val_sensitivity=0.7551; val_specificity=0.9364
2026-03-27 16:18:57,017 - NEW BEST @ epoch 13: train_auc=0.9727, val_auc=0.9573, val_aupr=0.8479, val_precision=0.7513, val_sensitivity=0.7247; val_specificity=0.9520
2026-03-27 16:21:16,815 - NEW BEST @ epoch 14: train_auc=0.9749, val_auc=0.9601, val_aupr=0.8556, val_precision=0.7481, val_sensitivity=0.7500; val_specificity=0.9495
2026-03-27 16:23:36,432 - NEW BEST @ epoch 15: train_auc=0.9788, val_auc=0.9623, val_aupr=0.8624, val_precision=0.7711, val_sensitivity=0.7399; val_specificity=0.9561
2026-03-27 16:25:56,700 - NEW BEST @ epoch 16: train_auc=0.9808, val_auc=0.9647, val_aupr=0.8705, val_precision=0.7726, val_sensitivity=0.7551; val_specificity=0.9556
2026-03-27 16:32:54,524 - NEW BEST @ epoch 19: train_auc=0.9863, val_auc=0.9695, val_aupr=0.8852, val_precision=0.7835, val_sensitivity=0.7677; val_specificity=0.9576
2026-03-27 16:51:27,940 - NEW BEST @ epoch 27: train_auc=0.9946, val_auc=0.9722, val_aupr=0.9006, val_precision=0.8357, val_sensitivity=0.7449; val_specificity=0.9707
2026-03-27 17:14:42,803 - NEW BEST @ epoch 37: train_auc=0.9977, val_auc=0.9749, val_aupr=0.9151, val_precision=0.8373, val_sensitivity=0.8056; val_specificity=0.9687
2026-03-27 17:50:07,468 - MolecularDataset hyperparamets -> dataset=dataset1, trategy=conditional, aug train=False, aug eval=False
2026-03-27 17:50:29,269 - Test Loss: 0.5351
2026-03-27 17:50:29,269 - Test AUC: 0.9164
2026-03-27 17:50:29,269 - Test AUPR: 0.8629
2026-03-27 17:50:29,269 - Test Precision: 0.8877
2026-03-27 17:50:29,269 - Test Sensitivity (Recall): 0.6172
2026-03-27 17:50:29,269 - Test Specificity: 0.9430
2026-03-27 17:50:29,277 - ---- Start Training & Testing Fold 5 ----
2026-03-27 17:50:29,277 - experiment 1 ...
2026-03-27 17:50:29,280 - --- Executing CV with scaffold split with hyperparameters: use_struct=True, save_probs=False, seed=42 ...
2026-03-27 17:50:29,280 - Dataset path -> datasets/multi_ppimi_s4_tests_splits_with_my_train
2026-03-27 17:50:29,317 - Initialized model | excluded=None | mlp_dropout=0.3 | head_dropout=0.3 | self_attn_dropout=0.1 | join_attn_feat=ppiformer | compound_dim=128 | compound_proj_dim=128 | ppi_fuse_setting=self_attn | head_fuse=cat | proj_feat=True
2026-03-27 17:50:29,319 - Excluded modalities: []
2026-03-27 17:50:29,332 - Active modalities: ['esm', 'fegs', 'gae']
2026-03-27 17:50:52,299 - MolecularDataset hyperparamets -> dataset=dataset1, trategy=conditional, aug train=False, aug eval=False
2026-03-27 17:50:59,560 - MolecularDataset hyperparamets -> dataset=dataset1, trategy=conditional, aug train=False, aug eval=False
2026-03-27 17:51:04,723 - MolecularDataset hyperparamets -> dataset=dataset1, trategy=conditional, aug train=False, aug eval=False
2026-03-27 17:51:09,899 - ---- train loader size -> 53418, val loader size 2814 ----
2026-03-27 17:53:58,147 - NEW BEST @ epoch 1: train_auc=0.7229, val_auc=0.8380, val_aupr=0.6600, val_precision=0.3422, val_sensitivity=0.7676; val_specificity=0.7049
2026-03-27 17:56:47,574 - NEW BEST @ epoch 2: train_auc=0.8832, val_auc=0.9090, val_aupr=0.7655, val_precision=0.4326, val_sensitivity=0.8550; val_specificity=0.7757
2026-03-27 17:59:38,834 - NEW BEST @ epoch 3: train_auc=0.9277, val_auc=0.9271, val_aupr=0.7912, val_precision=0.5246, val_sensitivity=0.8401; val_specificity=0.8478
2026-03-27 18:02:25,669 - NEW BEST @ epoch 4: train_auc=0.9488, val_auc=0.9456, val_aupr=0.8319, val_precision=0.5859, val_sensitivity=0.8657; val_specificity=0.8776
2026-03-27 18:05:14,385 - NEW BEST @ epoch 5: train_auc=0.9586, val_auc=0.9557, val_aupr=0.8564, val_precision=0.6425, val_sensitivity=0.8507; val_specificity=0.9053
2026-03-27 18:08:02,507 - NEW BEST @ epoch 6: train_auc=0.9671, val_auc=0.9615, val_aupr=0.8693, val_precision=0.6833, val_sensitivity=0.8465; val_specificity=0.9215
2026-03-27 18:13:38,501 - NEW BEST @ epoch 8: train_auc=0.9770, val_auc=0.9688, val_aupr=0.8889, val_precision=0.6997, val_sensitivity=0.8593; val_specificity=0.9262
2026-03-27 18:19:13,859 - NEW BEST @ epoch 10: train_auc=0.9849, val_auc=0.9725, val_aupr=0.9044, val_precision=0.7556, val_sensitivity=0.8571; val_specificity=0.9446
2026-03-27 18:22:02,332 - NEW BEST @ epoch 11: train_auc=0.9866, val_auc=0.9754, val_aupr=0.9153, val_precision=0.8028, val_sensitivity=0.8422; val_specificity=0.9586
2026-03-27 18:27:38,863 - NEW BEST @ epoch 13: train_auc=0.9904, val_auc=0.9788, val_aupr=0.9275, val_precision=0.8581, val_sensitivity=0.8124; val_specificity=0.9731
2026-03-27 18:33:17,489 - NEW BEST @ epoch 15: train_auc=0.9928, val_auc=0.9819, val_aupr=0.9429, val_precision=0.8438, val_sensitivity=0.8870; val_specificity=0.9672
2026-03-27 18:38:53,203 - NEW BEST @ epoch 17: train_auc=0.9946, val_auc=0.9849, val_aupr=0.9559, val_precision=0.8940, val_sensitivity=0.8635; val_specificity=0.9795
2026-03-27 18:55:48,582 - NEW BEST @ epoch 23: train_auc=0.9976, val_auc=0.9893, val_aupr=0.9704, val_precision=0.9234, val_sensitivity=0.8998; val_specificity=0.9851
2026-03-27 19:38:25,804 - MolecularDataset hyperparamets -> dataset=dataset1, trategy=conditional, aug train=False, aug eval=False
2026-03-27 19:38:46,700 - Test Loss: 0.7100
2026-03-27 19:38:46,700 - Test AUC: 0.8519
2026-03-27 19:38:46,700 - Test AUPR: 0.8327
2026-03-27 19:38:46,700 - Test Precision: 0.8882
2026-03-27 19:38:46,700 - Test Sensitivity (Recall): 0.1966
2026-03-27 19:38:46,700 - Test Specificity: 0.9733
2026-03-27 19:38:46,717 - Saved/updated summary to: results/result_tables/final_results/hyperparam_search_2503.csv
2026-03-27 19:38:46,717 - [2503@j5] Running hyperparameter set 4/12 | lr=1e-05 | weight_decay=0.0001 | mlp_dropout=0.3 | head_dropout=0.3 | self_attn_dropout=0.3 | compound_proj_dim=128 | ppi_fuse_setting=self_attn | head_fuse=cat | proj_feat=True
2026-03-27 19:38:46,717 - ---- Start Training & Testing Fold 1 ----
2026-03-27 19:38:46,717 - experiment 1 ...
2026-03-27 19:38:46,720 - --- Executing CV with scaffold split with hyperparameters: use_struct=True, save_probs=False, seed=42 ...
2026-03-27 19:38:46,720 - Dataset path -> datasets/multi_ppimi_s4_tests_splits_with_my_train
2026-03-27 19:38:46,761 - Initialized model | excluded=None | mlp_dropout=0.3 | head_dropout=0.3 | self_attn_dropout=0.3 | join_attn_feat=ppiformer | compound_dim=128 | compound_proj_dim=128 | ppi_fuse_setting=self_attn | head_fuse=cat | proj_feat=True
2026-03-27 19:38:46,763 - Excluded modalities: []
2026-03-27 19:38:46,776 - Active modalities: ['esm', 'fegs', 'gae']
2026-03-27 19:39:12,106 - MolecularDataset hyperparamets -> dataset=dataset1, trategy=conditional, aug train=False, aug eval=False
2026-03-27 19:39:20,660 - MolecularDataset hyperparamets -> dataset=dataset1, trategy=conditional, aug train=False, aug eval=False
2026-03-27 19:39:25,915 - MolecularDataset hyperparamets -> dataset=dataset1, trategy=conditional, aug train=False, aug eval=False
2026-03-27 19:39:31,153 - ---- train loader size -> 62190, val loader size 3276 ----
2026-03-27 19:42:43,568 - NEW BEST @ epoch 1: train_auc=0.7487, val_auc=0.8093, val_aupr=0.5735, val_precision=0.3171, val_sensitivity=0.7271; val_specificity=0.6868
2026-03-27 19:45:55,681 - NEW BEST @ epoch 2: train_auc=0.8875, val_auc=0.8942, val_aupr=0.7092, val_precision=0.4448, val_sensitivity=0.8114; val_specificity=0.7974
2026-03-27 19:49:07,361 - NEW BEST @ epoch 3: train_auc=0.9269, val_auc=0.9268, val_aupr=0.7738, val_precision=0.5411, val_sensitivity=0.7949; val_specificity=0.8652
2026-03-27 19:52:17,498 - NEW BEST @ epoch 4: train_auc=0.9455, val_auc=0.9357, val_aupr=0.7885, val_precision=0.5886, val_sensitivity=0.7912; val_specificity=0.8894
2026-03-27 19:55:28,372 - NEW BEST @ epoch 5: train_auc=0.9577, val_auc=0.9490, val_aupr=0.8198, val_precision=0.6538, val_sensitivity=0.7784; val_specificity=0.9176
2026-03-27 19:58:39,526 - NEW BEST @ epoch 6: train_auc=0.9653, val_auc=0.9576, val_aupr=0.8407, val_precision=0.6652, val_sensitivity=0.8150; val_specificity=0.9179
2026-03-27 20:01:51,659 - NEW BEST @ epoch 7: train_auc=0.9726, val_auc=0.9615, val_aupr=0.8555, val_precision=0.6875, val_sensitivity=0.8059; val_specificity=0.9267
2026-03-27 20:05:03,654 - NEW BEST @ epoch 8: train_auc=0.9769, val_auc=0.9653, val_aupr=0.8643, val_precision=0.7169, val_sensitivity=0.7930; val_specificity=0.9374
2026-03-27 20:08:17,451 - NEW BEST @ epoch 9: train_auc=0.9804, val_auc=0.9700, val_aupr=0.8796, val_precision=0.7609, val_sensitivity=0.7985; val_specificity=0.9498
2026-03-27 20:11:33,142 - NEW BEST @ epoch 10: train_auc=0.9837, val_auc=0.9739, val_aupr=0.8913, val_precision=0.7964, val_sensitivity=0.8095; val_specificity=0.9586
2026-03-27 20:17:55,143 - NEW BEST @ epoch 12: train_auc=0.9886, val_auc=0.9766, val_aupr=0.9024, val_precision=0.7812, val_sensitivity=0.8370; val_specificity=0.9531
2026-03-27 20:21:06,614 - NEW BEST @ epoch 13: train_auc=0.9897, val_auc=0.9795, val_aupr=0.9132, val_precision=0.8087, val_sensitivity=0.8132; val_specificity=0.9615
2026-03-27 20:27:35,507 - NEW BEST @ epoch 15: train_auc=0.9924, val_auc=0.9830, val_aupr=0.9286, val_precision=0.8254, val_sensitivity=0.8571; val_specificity=0.9637
2026-03-27 20:34:00,979 - NEW BEST @ epoch 17: train_auc=0.9943, val_auc=0.9851, val_aupr=0.9367, val_precision=0.8342, val_sensitivity=0.8755; val_specificity=0.9652
2026-03-27 20:40:28,388 - NEW BEST @ epoch 19: train_auc=0.9955, val_auc=0.9878, val_aupr=0.9472, val_precision=0.8928, val_sensitivity=0.8388; val_specificity=0.9799
2026-03-27 20:56:23,041 - NEW BEST @ epoch 24: train_auc=0.9974, val_auc=0.9899, val_aupr=0.9565, val_precision=0.8916, val_sensitivity=0.8736; val_specificity=0.9788
2026-03-27 21:44:45,545 - MolecularDataset hyperparamets -> dataset=dataset1, trategy=conditional, aug train=False, aug eval=False
2026-03-27 21:44:57,203 - Test Loss: 0.9722
2026-03-27 21:44:57,203 - Test AUC: 0.8736
2026-03-27 21:44:57,203 - Test AUPR: 0.7218
2026-03-27 21:44:57,203 - Test Precision: 0.1944
2026-03-27 21:44:57,203 - Test Sensitivity (Recall): 0.0236
2026-03-27 21:44:57,203 - Test Specificity: 0.9088
2026-03-27 21:44:57,212 - ---- Start Training & Testing Fold 2 ----
2026-03-27 21:44:57,213 - experiment 1 ...
2026-03-27 21:44:57,215 - --- Executing CV with scaffold split with hyperparameters: use_struct=True, save_probs=False, seed=42 ...
2026-03-27 21:44:57,215 - Dataset path -> datasets/multi_ppimi_s4_tests_splits_with_my_train
2026-03-27 21:44:57,261 - Initialized model | excluded=None | mlp_dropout=0.3 | head_dropout=0.3 | self_attn_dropout=0.3 | join_attn_feat=ppiformer | compound_dim=128 | compound_proj_dim=128 | ppi_fuse_setting=self_attn | head_fuse=cat | proj_feat=True
2026-03-27 21:44:57,263 - Excluded modalities: []
2026-03-27 21:44:57,275 - Active modalities: ['esm', 'fegs', 'gae']
2026-03-27 21:45:26,470 - MolecularDataset hyperparamets -> dataset=dataset1, trategy=conditional, aug train=False, aug eval=False
2026-03-27 21:45:35,225 - MolecularDataset hyperparamets -> dataset=dataset1, trategy=conditional, aug train=False, aug eval=False
2026-03-27 21:45:40,499 - MolecularDataset hyperparamets -> dataset=dataset1, trategy=conditional, aug train=False, aug eval=False
2026-03-27 21:45:48,065 - ---- train loader size -> 68988, val loader size 3636 ----
2026-03-27 21:49:23,970 - NEW BEST @ epoch 1: train_auc=0.7486, val_auc=0.8372, val_aupr=0.6293, val_precision=0.3610, val_sensitivity=0.7673; val_specificity=0.7284
2026-03-27 21:53:00,471 - NEW BEST @ epoch 2: train_auc=0.8941, val_auc=0.8908, val_aupr=0.7068, val_precision=0.4555, val_sensitivity=0.7937; val_specificity=0.8102
2026-03-27 21:56:36,188 - NEW BEST @ epoch 3: train_auc=0.9329, val_auc=0.9200, val_aupr=0.7635, val_precision=0.5737, val_sensitivity=0.7574; val_specificity=0.8875
2026-03-27 22:00:10,907 - NEW BEST @ epoch 4: train_auc=0.9555, val_auc=0.9384, val_aupr=0.8037, val_precision=0.6020, val_sensitivity=0.8036; val_specificity=0.8937
2026-03-27 22:03:45,329 - NEW BEST @ epoch 5: train_auc=0.9669, val_auc=0.9521, val_aupr=0.8365, val_precision=0.6505, val_sensitivity=0.8416; val_specificity=0.9096
2026-03-27 22:07:20,302 - NEW BEST @ epoch 6: train_auc=0.9734, val_auc=0.9568, val_aupr=0.8492, val_precision=0.6816, val_sensitivity=0.8300; val_specificity=0.9224
2026-03-27 22:10:55,869 - NEW BEST @ epoch 7: train_auc=0.9797, val_auc=0.9622, val_aupr=0.8624, val_precision=0.7076, val_sensitivity=0.8465; val_specificity=0.9300
2026-03-27 22:14:31,044 - NEW BEST @ epoch 8: train_auc=0.9836, val_auc=0.9662, val_aupr=0.8740, val_precision=0.7417, val_sensitivity=0.8152; val_specificity=0.9432
2026-03-27 22:21:39,800 - NEW BEST @ epoch 10: train_auc=0.9893, val_auc=0.9733, val_aupr=0.8962, val_precision=0.7823, val_sensitivity=0.8185; val_specificity=0.9545
2026-03-27 22:25:13,872 - NEW BEST @ epoch 11: train_auc=0.9906, val_auc=0.9763, val_aupr=0.9055, val_precision=0.7945, val_sensitivity=0.8168; val_specificity=0.9578
2026-03-27 22:28:48,485 - NEW BEST @ epoch 12: train_auc=0.9922, val_auc=0.9789, val_aupr=0.9171, val_precision=0.8441, val_sensitivity=0.8218; val_specificity=0.9696
2026-03-27 22:32:23,238 - NEW BEST @ epoch 13: train_auc=0.9935, val_auc=0.9811, val_aupr=0.9240, val_precision=0.8099, val_sensitivity=0.8647; val_specificity=0.9594
2026-03-27 22:39:35,059 - NEW BEST @ epoch 15: train_auc=0.9954, val_auc=0.9833, val_aupr=0.9334, val_precision=0.8470, val_sensitivity=0.8498; val_specificity=0.9693
2026-03-27 22:46:47,683 - NEW BEST @ epoch 17: train_auc=0.9966, val_auc=0.9866, val_aupr=0.9455, val_precision=0.8866, val_sensitivity=0.8383; val_specificity=0.9785
2026-03-27 22:53:59,814 - NEW BEST @ epoch 19: train_auc=0.9975, val_auc=0.9887, val_aupr=0.9527, val_precision=0.8763, val_sensitivity=0.8647; val_specificity=0.9756
2026-03-27 23:15:30,885 - NEW BEST @ epoch 25: train_auc=0.9988, val_auc=0.9915, val_aupr=0.9664, val_precision=0.8896, val_sensitivity=0.9043; val_specificity=0.9776
2026-03-28 00:09:49,715 - MolecularDataset hyperparamets -> dataset=dataset1, trategy=conditional, aug train=False, aug eval=False
2026-03-28 00:10:00,556 - Test Loss: 1.0694
2026-03-28 00:10:00,556 - Test AUC: 0.8921
2026-03-28 00:10:00,556 - Test AUPR: 0.8635
2026-03-28 00:10:00,556 - Test Precision: 0.9072
2026-03-28 00:10:00,556 - Test Sensitivity (Recall): 0.2708
2026-03-28 00:10:00,556 - Test Specificity: 0.9585
2026-03-28 00:10:00,567 - ---- Start Training & Testing Fold 3 ----
2026-03-28 00:10:00,567 - experiment 1 ...
2026-03-28 00:10:00,568 - --- Executing CV with scaffold split with hyperparameters: use_struct=True, save_probs=False, seed=42 ...
2026-03-28 00:10:00,568 - Dataset path -> datasets/multi_ppimi_s4_tests_splits_with_my_train
2026-03-28 00:10:00,613 - Initialized model | excluded=None | mlp_dropout=0.3 | head_dropout=0.3 | self_attn_dropout=0.3 | join_attn_feat=ppiformer | compound_dim=128 | compound_proj_dim=128 | ppi_fuse_setting=self_attn | head_fuse=cat | proj_feat=True
2026-03-28 00:10:00,615 - Excluded modalities: []
2026-03-28 00:10:00,628 - Active modalities: ['esm', 'fegs', 'gae']
2026-03-28 00:10:27,569 - MolecularDataset hyperparamets -> dataset=dataset1, trategy=conditional, aug train=False, aug eval=False
2026-03-28 00:10:36,271 - MolecularDataset hyperparamets -> dataset=dataset1, trategy=conditional, aug train=False, aug eval=False
2026-03-28 00:10:41,539 - MolecularDataset hyperparamets -> dataset=dataset1, trategy=conditional, aug train=False, aug eval=False
2026-03-28 00:10:46,816 - ---- train loader size -> 65748, val loader size 3462 ----
2026-03-28 00:14:11,071 - NEW BEST @ epoch 1: train_auc=0.7377, val_auc=0.8573, val_aupr=0.6675, val_precision=0.3684, val_sensitivity=0.8250; val_specificity=0.7172
2026-03-28 00:17:35,906 - NEW BEST @ epoch 2: train_auc=0.8940, val_auc=0.9187, val_aupr=0.7642, val_precision=0.5099, val_sensitivity=0.8458; val_specificity=0.8374
2026-03-28 00:20:59,814 - NEW BEST @ epoch 3: train_auc=0.9330, val_auc=0.9355, val_aupr=0.7967, val_precision=0.5275, val_sensitivity=0.8475; val_specificity=0.8482
2026-03-28 00:24:23,188 - NEW BEST @ epoch 4: train_auc=0.9506, val_auc=0.9545, val_aupr=0.8351, val_precision=0.6052, val_sensitivity=0.8873; val_specificity=0.8842
2026-03-28 00:27:47,279 - NEW BEST @ epoch 5: train_auc=0.9631, val_auc=0.9616, val_aupr=0.8579, val_precision=0.6551, val_sensitivity=0.8527; val_specificity=0.9102
2026-03-28 00:31:10,988 - NEW BEST @ epoch 6: train_auc=0.9706, val_auc=0.9650, val_aupr=0.8685, val_precision=0.7085, val_sensitivity=0.8215; val_specificity=0.9324
2026-03-28 00:34:35,251 - NEW BEST @ epoch 7: train_auc=0.9756, val_auc=0.9691, val_aupr=0.8813, val_precision=0.7096, val_sensitivity=0.8302; val_specificity=0.9321
2026-03-28 00:37:59,375 - NEW BEST @ epoch 8: train_auc=0.9797, val_auc=0.9736, val_aupr=0.8973, val_precision=0.7153, val_sensitivity=0.8579; val_specificity=0.9317
2026-03-28 00:41:22,620 - NEW BEST @ epoch 9: train_auc=0.9831, val_auc=0.9778, val_aupr=0.9103, val_precision=0.7707, val_sensitivity=0.8388; val_specificity=0.9501
2026-03-28 00:48:09,443 - NEW BEST @ epoch 11: train_auc=0.9883, val_auc=0.9806, val_aupr=0.9236, val_precision=0.7920, val_sensitivity=0.8579; val_specificity=0.9549
2026-03-28 00:54:56,377 - NEW BEST @ epoch 13: train_auc=0.9917, val_auc=0.9846, val_aupr=0.9359, val_precision=0.8291, val_sensitivity=0.8406; val_specificity=0.9653
2026-03-28 01:05:06,627 - NEW BEST @ epoch 16: train_auc=0.9946, val_auc=0.9872, val_aupr=0.9484, val_precision=0.8625, val_sensitivity=0.8371; val_specificity=0.9733
2026-03-28 01:15:16,047 - NEW BEST @ epoch 19: train_auc=0.9964, val_auc=0.9900, val_aupr=0.9569, val_precision=0.8733, val_sensitivity=0.8718; val_specificity=0.9747
2026-03-28 01:52:37,576 - NEW BEST @ epoch 30: train_auc=0.9989, val_auc=0.9920, val_aupr=0.9663, val_precision=0.8922, val_sensitivity=0.8891; val_specificity=0.9785
2026-03-28 02:44:30,675 - MolecularDataset hyperparamets -> dataset=dataset1, trategy=conditional, aug train=False, aug eval=False
2026-03-28 02:44:40,941 - Test Loss: 0.7315
2026-03-28 02:44:40,941 - Test AUC: 0.9301
2026-03-28 02:44:40,942 - Test AUPR: 0.8942
2026-03-28 02:44:40,942 - Test Precision: 0.9552
2026-03-28 02:44:40,942 - Test Sensitivity (Recall): 0.2991
2026-03-28 02:44:40,942 - Test Specificity: 0.9883
2026-03-28 02:44:40,955 - ---- Start Training & Testing Fold 4 ----
2026-03-28 02:44:40,955 - experiment 1 ...
2026-03-28 02:44:40,956 - --- Executing CV with scaffold split with hyperparameters: use_struct=True, save_probs=False, seed=42 ...
2026-03-28 02:44:40,956 - Dataset path -> datasets/multi_ppimi_s4_tests_splits_with_my_train
2026-03-28 02:44:40,988 - Initialized model | excluded=None | mlp_dropout=0.3 | head_dropout=0.3 | self_attn_dropout=0.3 | join_attn_feat=ppiformer | compound_dim=128 | compound_proj_dim=128 | ppi_fuse_setting=self_attn | head_fuse=cat | proj_feat=True
2026-03-28 02:44:40,990 - Excluded modalities: []
2026-03-28 02:44:41,003 - Active modalities: ['esm', 'fegs', 'gae']
2026-03-28 02:44:59,385 - MolecularDataset hyperparamets -> dataset=dataset1, trategy=conditional, aug train=False, aug eval=False
2026-03-28 02:45:07,001 - MolecularDataset hyperparamets -> dataset=dataset1, trategy=conditional, aug train=False, aug eval=False
2026-03-28 02:45:12,210 - MolecularDataset hyperparamets -> dataset=dataset1, trategy=conditional, aug train=False, aug eval=False
2026-03-28 02:45:17,359 - ---- train loader size -> 45126, val loader size 2376 ----
2026-03-28 02:47:38,444 - NEW BEST @ epoch 1: train_auc=0.6479, val_auc=0.7466, val_aupr=0.4681, val_precision=0.2771, val_sensitivity=0.7172; val_specificity=0.6258
2026-03-28 02:49:59,405 - NEW BEST @ epoch 2: train_auc=0.8123, val_auc=0.8386, val_aupr=0.6135, val_precision=0.3814, val_sensitivity=0.7677; val_specificity=0.7510
2026-03-28 02:52:20,418 - NEW BEST @ epoch 3: train_auc=0.8690, val_auc=0.8715, val_aupr=0.6568, val_precision=0.4264, val_sensitivity=0.7828; val_specificity=0.7894
2026-03-28 02:54:41,445 - NEW BEST @ epoch 4: train_auc=0.8984, val_auc=0.8969, val_aupr=0.7057, val_precision=0.4672, val_sensitivity=0.8106; val_specificity=0.8152
2026-03-28 02:57:01,840 - NEW BEST @ epoch 5: train_auc=0.9148, val_auc=0.9062, val_aupr=0.7263, val_precision=0.5040, val_sensitivity=0.7904; val_specificity=0.8444
2026-03-28 02:59:22,562 - NEW BEST @ epoch 6: train_auc=0.9302, val_auc=0.9217, val_aupr=0.7519, val_precision=0.5381, val_sensitivity=0.8030; val_specificity=0.8621
2026-03-28 03:01:43,255 - NEW BEST @ epoch 7: train_auc=0.9423, val_auc=0.9289, val_aupr=0.7704, val_precision=0.5753, val_sensitivity=0.8005; val_specificity=0.8818
2026-03-28 03:04:04,024 - NEW BEST @ epoch 8: train_auc=0.9474, val_auc=0.9346, val_aupr=0.7877, val_precision=0.6015, val_sensitivity=0.8081; val_specificity=0.8929
2026-03-28 03:06:24,762 - NEW BEST @ epoch 9: train_auc=0.9537, val_auc=0.9475, val_aupr=0.8168, val_precision=0.6602, val_sensitivity=0.7753; val_specificity=0.9202
2026-03-28 03:11:06,774 - NEW BEST @ epoch 11: train_auc=0.9650, val_auc=0.9532, val_aupr=0.8344, val_precision=0.7028, val_sensitivity=0.7702; val_specificity=0.9348
2026-03-28 03:15:48,645 - NEW BEST @ epoch 13: train_auc=0.9727, val_auc=0.9574, val_aupr=0.8482, val_precision=0.7487, val_sensitivity=0.7222; val_specificity=0.9515
2026-03-28 03:18:09,632 - NEW BEST @ epoch 14: train_auc=0.9750, val_auc=0.9602, val_aupr=0.8561, val_precision=0.7487, val_sensitivity=0.7449; val_specificity=0.9500
2026-03-28 03:22:50,829 - NEW BEST @ epoch 16: train_auc=0.9810, val_auc=0.9644, val_aupr=0.8704, val_precision=0.7822, val_sensitivity=0.7525; val_specificity=0.9581
2026-03-28 03:29:52,910 - NEW BEST @ epoch 19: train_auc=0.9865, val_auc=0.9690, val_aupr=0.8854, val_precision=0.7804, val_sensitivity=0.7626; val_specificity=0.9571
2026-03-28 03:48:38,395 - NEW BEST @ epoch 27: train_auc=0.9948, val_auc=0.9726, val_aupr=0.9022, val_precision=0.8306, val_sensitivity=0.7551; val_specificity=0.9692
2026-03-28 04:24:11,423 - MolecularDataset hyperparamets -> dataset=dataset1, trategy=conditional, aug train=False, aug eval=False
2026-03-28 04:24:33,146 - Test Loss: 0.4459
2026-03-28 04:24:33,147 - Test AUC: 0.9248
2026-03-28 04:24:33,147 - Test AUPR: 0.8772
2026-03-28 04:24:33,147 - Test Precision: 0.9113
2026-03-28 04:24:33,147 - Test Sensitivity (Recall): 0.6447
2026-03-28 04:24:33,147 - Test Specificity: 0.9542
2026-03-28 04:24:33,157 - ---- Start Training & Testing Fold 5 ----
2026-03-28 04:24:33,157 - experiment 1 ...
2026-03-28 04:24:33,160 - --- Executing CV with scaffold split with hyperparameters: use_struct=True, save_probs=False, seed=42 ...
2026-03-28 04:24:33,160 - Dataset path -> datasets/multi_ppimi_s4_tests_splits_with_my_train
2026-03-28 04:24:33,200 - Initialized model | excluded=None | mlp_dropout=0.3 | head_dropout=0.3 | self_attn_dropout=0.3 | join_attn_feat=ppiformer | compound_dim=128 | compound_proj_dim=128 | ppi_fuse_setting=self_attn | head_fuse=cat | proj_feat=True
2026-03-28 04:24:33,202 - Excluded modalities: []
2026-03-28 04:24:33,215 - Active modalities: ['esm', 'fegs', 'gae']
2026-03-28 04:24:56,539 - MolecularDataset hyperparamets -> dataset=dataset1, trategy=conditional, aug train=False, aug eval=False
2026-03-28 04:25:03,841 - MolecularDataset hyperparamets -> dataset=dataset1, trategy=conditional, aug train=False, aug eval=False
2026-03-28 04:25:09,070 - MolecularDataset hyperparamets -> dataset=dataset1, trategy=conditional, aug train=False, aug eval=False
2026-03-28 04:25:14,264 - ---- train loader size -> 53418, val loader size 2814 ----
2026-03-28 04:28:03,156 - NEW BEST @ epoch 1: train_auc=0.7226, val_auc=0.8342, val_aupr=0.6551, val_precision=0.3418, val_sensitivity=0.7719; val_specificity=0.7028
2026-03-28 04:30:52,291 - NEW BEST @ epoch 2: train_auc=0.8828, val_auc=0.9072, val_aupr=0.7633, val_precision=0.4272, val_sensitivity=0.8443; val_specificity=0.7736
2026-03-28 04:33:40,994 - NEW BEST @ epoch 3: train_auc=0.9270, val_auc=0.9265, val_aupr=0.7903, val_precision=0.5098, val_sensitivity=0.8337; val_specificity=0.8397
2026-03-28 04:36:29,412 - NEW BEST @ epoch 4: train_auc=0.9485, val_auc=0.9466, val_aupr=0.8332, val_precision=0.5871, val_sensitivity=0.8699; val_specificity=0.8776
2026-03-28 04:39:18,431 - NEW BEST @ epoch 5: train_auc=0.9584, val_auc=0.9557, val_aupr=0.8568, val_precision=0.6345, val_sensitivity=0.8550; val_specificity=0.9015
2026-03-28 04:42:07,282 - NEW BEST @ epoch 6: train_auc=0.9671, val_auc=0.9613, val_aupr=0.8696, val_precision=0.6757, val_sensitivity=0.8486; val_specificity=0.9186
2026-03-28 04:44:56,008 - NEW BEST @ epoch 7: train_auc=0.9740, val_auc=0.9639, val_aupr=0.8751, val_precision=0.6961, val_sensitivity=0.8401; val_specificity=0.9267
2026-03-28 04:47:43,926 - NEW BEST @ epoch 8: train_auc=0.9771, val_auc=0.9686, val_aupr=0.8891, val_precision=0.7002, val_sensitivity=0.8763; val_specificity=0.9249
2026-03-28 04:53:19,574 - NEW BEST @ epoch 10: train_auc=0.9848, val_auc=0.9727, val_aupr=0.9049, val_precision=0.7519, val_sensitivity=0.8593; val_specificity=0.9433
2026-03-28 04:56:07,843 - NEW BEST @ epoch 11: train_auc=0.9865, val_auc=0.9755, val_aupr=0.9158, val_precision=0.7980, val_sensitivity=0.8422; val_specificity=0.9574
2026-03-28 05:01:44,254 - NEW BEST @ epoch 13: train_auc=0.9903, val_auc=0.9791, val_aupr=0.9290, val_precision=0.8514, val_sensitivity=0.8188; val_specificity=0.9714
2026-03-28 05:07:20,679 - NEW BEST @ epoch 15: train_auc=0.9930, val_auc=0.9812, val_aupr=0.9410, val_precision=0.8388, val_sensitivity=0.8763; val_specificity=0.9663
2026-03-28 05:12:56,717 - NEW BEST @ epoch 17: train_auc=0.9946, val_auc=0.9849, val_aupr=0.9574, val_precision=0.8841, val_sensitivity=0.8785; val_specificity=0.9770
2026-03-28 05:29:43,092 - NEW BEST @ epoch 23: train_auc=0.9976, val_auc=0.9893, val_aupr=0.9711, val_precision=0.9199, val_sensitivity=0.9062; val_specificity=0.9842
2026-03-28 06:12:11,734 - MolecularDataset hyperparamets -> dataset=dataset1, trategy=conditional, aug train=False, aug eval=False
2026-03-28 06:12:32,636 - Test Loss: 0.8021
2026-03-28 06:12:32,637 - Test AUC: 0.8347
2026-03-28 06:12:32,637 - Test AUPR: 0.8168
2026-03-28 06:12:32,637 - Test Precision: 0.8913
2026-03-28 06:12:32,637 - Test Sensitivity (Recall): 0.1602
2026-03-28 06:12:32,637 - Test Specificity: 0.9789
2026-03-28 06:12:32,655 - Saved/updated summary to: results/result_tables/final_results/hyperparam_search_2503.csv
2026-03-28 06:12:32,655 - [2503@j5] Running hyperparameter set 5/12 | lr=1e-05 | weight_decay=1e-05 | mlp_dropout=0.3 | head_dropout=0.3 | self_attn_dropout=0.1 | compound_proj_dim=128 | ppi_fuse_setting=self_attn | head_fuse=cat | proj_feat=True
2026-03-28 06:12:32,655 - ---- Start Training & Testing Fold 1 ----
2026-03-28 06:12:32,655 - experiment 1 ...
2026-03-28 06:12:32,657 - --- Executing CV with scaffold split with hyperparameters: use_struct=True, save_probs=False, seed=42 ...
2026-03-28 06:12:32,657 - Dataset path -> datasets/multi_ppimi_s4_tests_splits_with_my_train
2026-03-28 06:12:32,700 - Initialized model | excluded=None | mlp_dropout=0.3 | head_dropout=0.3 | self_attn_dropout=0.1 | join_attn_feat=ppiformer | compound_dim=128 | compound_proj_dim=128 | ppi_fuse_setting=self_attn | head_fuse=cat | proj_feat=True
2026-03-28 06:12:32,702 - Excluded modalities: []
2026-03-28 06:12:32,715 - Active modalities: ['esm', 'fegs', 'gae']
2026-03-28 06:12:57,869 - MolecularDataset hyperparamets -> dataset=dataset1, trategy=conditional, aug train=False, aug eval=False
2026-03-28 06:13:06,402 - MolecularDataset hyperparamets -> dataset=dataset1, trategy=conditional, aug train=False, aug eval=False
2026-03-28 06:13:11,554 - MolecularDataset hyperparamets -> dataset=dataset1, trategy=conditional, aug train=False, aug eval=False
2026-03-28 06:13:16,810 - ---- train loader size -> 62190, val loader size 3276 ----
2026-03-28 06:16:30,096 - NEW BEST @ epoch 1: train_auc=0.7486, val_auc=0.8093, val_aupr=0.5732, val_precision=0.3194, val_sensitivity=0.7253; val_specificity=0.6908
2026-03-28 06:19:43,846 - NEW BEST @ epoch 2: train_auc=0.8884, val_auc=0.8931, val_aupr=0.7068, val_precision=0.4438, val_sensitivity=0.8022; val_specificity=0.7989
2026-03-28 06:22:58,256 - NEW BEST @ epoch 3: train_auc=0.9274, val_auc=0.9249, val_aupr=0.7700, val_precision=0.5429, val_sensitivity=0.7875; val_specificity=0.8674
2026-03-28 06:26:12,056 - NEW BEST @ epoch 4: train_auc=0.9459, val_auc=0.9357, val_aupr=0.7885, val_precision=0.5841, val_sensitivity=0.7821; val_specificity=0.8886
2026-03-28 06:29:25,540 - NEW BEST @ epoch 5: train_auc=0.9580, val_auc=0.9489, val_aupr=0.8192, val_precision=0.6508, val_sensitivity=0.7784; val_specificity=0.9165
2026-03-28 06:32:39,769 - NEW BEST @ epoch 6: train_auc=0.9660, val_auc=0.9576, val_aupr=0.8399, val_precision=0.6647, val_sensitivity=0.8132; val_specificity=0.9179
2026-03-28 06:35:53,494 - NEW BEST @ epoch 7: train_auc=0.9733, val_auc=0.9604, val_aupr=0.8539, val_precision=0.6875, val_sensitivity=0.8059; val_specificity=0.9267
2026-03-28 06:39:07,033 - NEW BEST @ epoch 8: train_auc=0.9774, val_auc=0.9644, val_aupr=0.8635, val_precision=0.7150, val_sensitivity=0.8040; val_specificity=0.9359
2026-03-28 06:42:20,902 - NEW BEST @ epoch 9: train_auc=0.9806, val_auc=0.9690, val_aupr=0.8778, val_precision=0.7597, val_sensitivity=0.7875; val_specificity=0.9502
2026-03-28 06:45:34,373 - NEW BEST @ epoch 10: train_auc=0.9839, val_auc=0.9728, val_aupr=0.8889, val_precision=0.7867, val_sensitivity=0.8040; val_specificity=0.9564
2026-03-28 06:52:02,515 - NEW BEST @ epoch 12: train_auc=0.9886, val_auc=0.9762, val_aupr=0.9019, val_precision=0.7812, val_sensitivity=0.8370; val_specificity=0.9531
2026-03-28 06:55:16,170 - NEW BEST @ epoch 13: train_auc=0.9899, val_auc=0.9800, val_aupr=0.9157, val_precision=0.8151, val_sensitivity=0.8315; val_specificity=0.9623
2026-03-28 07:01:42,696 - NEW BEST @ epoch 15: train_auc=0.9924, val_auc=0.9830, val_aupr=0.9297, val_precision=0.8393, val_sensitivity=0.8608; val_specificity=0.9670
2026-03-28 07:11:22,558 - NEW BEST @ epoch 18: train_auc=0.9952, val_auc=0.9853, val_aupr=0.9388, val_precision=0.8689, val_sensitivity=0.8498; val_specificity=0.9744
2026-03-28 07:14:35,847 - NEW BEST @ epoch 19: train_auc=0.9956, val_auc=0.9875, val_aupr=0.9464, val_precision=0.8904, val_sensitivity=0.8480; val_specificity=0.9791
2026-03-28 07:30:42,945 - NEW BEST @ epoch 24: train_auc=0.9975, val_auc=0.9900, val_aupr=0.9568, val_precision=0.8844, val_sensitivity=0.8828; val_specificity=0.9769
2026-03-28 08:19:38,360 - MolecularDataset hyperparamets -> dataset=dataset1, trategy=conditional, aug train=False, aug eval=False
2026-03-28 08:19:50,126 - Test Loss: 0.9215
2026-03-28 08:19:50,126 - Test AUC: 0.8713
2026-03-28 08:19:50,126 - Test AUPR: 0.7172
2026-03-28 08:19:50,126 - Test Precision: 0.2500
2026-03-28 08:19:50,126 - Test Sensitivity (Recall): 0.0337
2026-03-28 08:19:50,126 - Test Specificity: 0.9057
2026-03-28 08:19:50,135 - ---- Start Training & Testing Fold 2 ----
2026-03-28 08:19:50,136 - experiment 1 ...
2026-03-28 08:19:50,138 - --- Executing CV with scaffold split with hyperparameters: use_struct=True, save_probs=False, seed=42 ...
2026-03-28 08:19:50,138 - Dataset path -> datasets/multi_ppimi_s4_tests_splits_with_my_train
2026-03-28 08:19:50,184 - Initialized model | excluded=None | mlp_dropout=0.3 | head_dropout=0.3 | self_attn_dropout=0.1 | join_attn_feat=ppiformer | compound_dim=128 | compound_proj_dim=128 | ppi_fuse_setting=self_attn | head_fuse=cat | proj_feat=True
2026-03-28 08:19:50,185 - Excluded modalities: []
2026-03-28 08:19:50,198 - Active modalities: ['esm', 'fegs', 'gae']
2026-03-28 08:20:18,632 - MolecularDataset hyperparamets -> dataset=dataset1, trategy=conditional, aug train=False, aug eval=False
2026-03-28 08:20:27,463 - MolecularDataset hyperparamets -> dataset=dataset1, trategy=conditional, aug train=False, aug eval=False
2026-03-28 08:20:32,764 - MolecularDataset hyperparamets -> dataset=dataset1, trategy=conditional, aug train=False, aug eval=False
2026-03-28 08:20:38,036 - ---- train loader size -> 68988, val loader size 3636 ----
2026-03-28 08:24:13,713 - NEW BEST @ epoch 1: train_auc=0.7515, val_auc=0.8400, val_aupr=0.6338, val_precision=0.3680, val_sensitivity=0.7772; val_specificity=0.7330
2026-03-28 08:27:49,724 - NEW BEST @ epoch 2: train_auc=0.8961, val_auc=0.8931, val_aupr=0.7101, val_precision=0.4510, val_sensitivity=0.7970; val_specificity=0.8059
2026-03-28 08:31:25,199 - NEW BEST @ epoch 3: train_auc=0.9351, val_auc=0.9198, val_aupr=0.7616, val_precision=0.5697, val_sensitivity=0.7558; val_specificity=0.8858
2026-03-28 08:34:59,650 - NEW BEST @ epoch 4: train_auc=0.9568, val_auc=0.9378, val_aupr=0.8005, val_precision=0.6125, val_sensitivity=0.8086; val_specificity=0.8977
2026-03-28 08:38:34,133 - NEW BEST @ epoch 5: train_auc=0.9675, val_auc=0.9519, val_aupr=0.8351, val_precision=0.6408, val_sensitivity=0.8449; val_specificity=0.9053
2026-03-28 08:42:08,791 - NEW BEST @ epoch 6: train_auc=0.9739, val_auc=0.9557, val_aupr=0.8456, val_precision=0.6788, val_sensitivity=0.8300; val_specificity=0.9215
2026-03-28 08:45:43,762 - NEW BEST @ epoch 7: train_auc=0.9801, val_auc=0.9610, val_aupr=0.8593, val_precision=0.7028, val_sensitivity=0.8350; val_specificity=0.9294
2026-03-28 08:49:19,319 - NEW BEST @ epoch 8: train_auc=0.9838, val_auc=0.9655, val_aupr=0.8717, val_precision=0.7340, val_sensitivity=0.8152; val_specificity=0.9409
2026-03-28 08:52:53,482 - NEW BEST @ epoch 9: train_auc=0.9867, val_auc=0.9682, val_aupr=0.8818, val_precision=0.7460, val_sensitivity=0.8383; val_specificity=0.9429
2026-03-28 08:56:28,997 - NEW BEST @ epoch 10: train_auc=0.9893, val_auc=0.9733, val_aupr=0.8956, val_precision=0.7802, val_sensitivity=0.8201; val_specificity=0.9538
2026-03-28 09:00:03,703 - NEW BEST @ epoch 11: train_auc=0.9907, val_auc=0.9759, val_aupr=0.9045, val_precision=0.8072, val_sensitivity=0.8152; val_specificity=0.9611
2026-03-28 09:03:38,674 - NEW BEST @ epoch 12: train_auc=0.9923, val_auc=0.9788, val_aupr=0.9164, val_precision=0.8510, val_sensitivity=0.8102; val_specificity=0.9716
2026-03-28 09:07:13,344 - NEW BEST @ epoch 13: train_auc=0.9935, val_auc=0.9811, val_aupr=0.9230, val_precision=0.8172, val_sensitivity=0.8630; val_specificity=0.9614
2026-03-28 09:17:58,856 - NEW BEST @ epoch 16: train_auc=0.9959, val_auc=0.9839, val_aupr=0.9348, val_precision=0.8192, val_sensitivity=0.8746; val_specificity=0.9614
2026-03-28 09:21:33,275 - NEW BEST @ epoch 17: train_auc=0.9966, val_auc=0.9860, val_aupr=0.9433, val_precision=0.8833, val_sensitivity=0.8366; val_specificity=0.9779
2026-03-28 09:28:42,780 - NEW BEST @ epoch 19: train_auc=0.9975, val_auc=0.9881, val_aupr=0.9515, val_precision=0.8742, val_sensitivity=0.8713; val_specificity=0.9749
2026-03-28 09:50:15,550 - NEW BEST @ epoch 25: train_auc=0.9988, val_auc=0.9910, val_aupr=0.9647, val_precision=0.8833, val_sensitivity=0.8993; val_specificity=0.9762
2026-03-28 10:46:21,606 - MolecularDataset hyperparamets -> dataset=dataset1, trategy=conditional, aug train=False, aug eval=False
2026-03-28 10:46:32,967 - Test Loss: 1.2010
2026-03-28 10:46:32,968 - Test AUC: 0.8855
2026-03-28 10:46:32,968 - Test AUPR: 0.8496
2026-03-28 10:46:32,968 - Test Precision: 0.8358
2026-03-28 10:46:32,968 - Test Sensitivity (Recall): 0.1723
2026-03-28 10:46:32,968 - Test Specificity: 0.9493
2026-03-28 10:46:32,982 - ---- Start Training & Testing Fold 3 ----
2026-03-28 10:46:32,983 - experiment 1 ...
2026-03-28 10:46:32,985 - --- Executing CV with scaffold split with hyperparameters: use_struct=True, save_probs=False, seed=42 ...
2026-03-28 10:46:32,985 - Dataset path -> datasets/multi_ppimi_s4_tests_splits_with_my_train
2026-03-28 10:46:33,029 - Initialized model | excluded=None | mlp_dropout=0.3 | head_dropout=0.3 | self_attn_dropout=0.1 | join_attn_feat=ppiformer | compound_dim=128 | compound_proj_dim=128 | ppi_fuse_setting=self_attn | head_fuse=cat | proj_feat=True
2026-03-28 10:46:33,031 - Excluded modalities: []
2026-03-28 10:46:33,045 - Active modalities: ['esm', 'fegs', 'gae']
2026-03-28 10:47:00,443 - MolecularDataset hyperparamets -> dataset=dataset1, trategy=conditional, aug train=False, aug eval=False
2026-03-28 10:47:09,448 - MolecularDataset hyperparamets -> dataset=dataset1, trategy=conditional, aug train=False, aug eval=False
2026-03-28 10:47:14,740 - MolecularDataset hyperparamets -> dataset=dataset1, trategy=conditional, aug train=False, aug eval=False
2026-03-28 10:47:19,962 - ---- train loader size -> 65748, val loader size 3462 ----
2026-03-28 10:50:50,337 - NEW BEST @ epoch 1: train_auc=0.7383, val_auc=0.8549, val_aupr=0.6648, val_precision=0.3623, val_sensitivity=0.8163; val_specificity=0.7127
2026-03-28 10:54:22,365 - NEW BEST @ epoch 2: train_auc=0.8948, val_auc=0.9179, val_aupr=0.7627, val_precision=0.5139, val_sensitivity=0.8354; val_specificity=0.8419
2026-03-28 10:57:54,184 - NEW BEST @ epoch 3: train_auc=0.9345, val_auc=0.9327, val_aupr=0.7905, val_precision=0.5243, val_sensitivity=0.8406; val_specificity=0.8475
2026-03-28 11:01:25,217 - NEW BEST @ epoch 4: train_auc=0.9511, val_auc=0.9528, val_aupr=0.8302, val_precision=0.6009, val_sensitivity=0.8821; val_specificity=0.8828
2026-03-28 11:04:56,711 - NEW BEST @ epoch 5: train_auc=0.9633, val_auc=0.9602, val_aupr=0.8531, val_precision=0.6565, val_sensitivity=0.8614; val_specificity=0.9099
2026-03-28 11:08:28,116 - NEW BEST @ epoch 6: train_auc=0.9708, val_auc=0.9633, val_aupr=0.8629, val_precision=0.7134, val_sensitivity=0.8198; val_specificity=0.9341
2026-03-28 11:11:59,418 - NEW BEST @ epoch 7: train_auc=0.9758, val_auc=0.9675, val_aupr=0.8762, val_precision=0.7141, val_sensitivity=0.8180; val_specificity=0.9345
2026-03-28 11:15:30,578 - NEW BEST @ epoch 8: train_auc=0.9796, val_auc=0.9725, val_aupr=0.8942, val_precision=0.7189, val_sensitivity=0.8510; val_specificity=0.9334
2026-03-28 11:19:01,826 - NEW BEST @ epoch 9: train_auc=0.9832, val_auc=0.9768, val_aupr=0.9073, val_precision=0.7716, val_sensitivity=0.8198; val_specificity=0.9515
2026-03-28 11:26:05,167 - NEW BEST @ epoch 11: train_auc=0.9881, val_auc=0.9801, val_aupr=0.9227, val_precision=0.7908, val_sensitivity=0.8388; val_specificity=0.9556
2026-03-28 11:33:05,583 - NEW BEST @ epoch 13: train_auc=0.9918, val_auc=0.9837, val_aupr=0.9337, val_precision=0.8336, val_sensitivity=0.8250; val_specificity=0.9671
2026-03-28 11:43:36,558 - NEW BEST @ epoch 16: train_auc=0.9945, val_auc=0.9867, val_aupr=0.9465, val_precision=0.8661, val_sensitivity=0.8406; val_specificity=0.9740
2026-03-28 11:54:07,774 - NEW BEST @ epoch 19: train_auc=0.9963, val_auc=0.9890, val_aupr=0.9543, val_precision=0.8765, val_sensitivity=0.8614; val_specificity=0.9757
2026-03-28 12:21:59,616 - NEW BEST @ epoch 27: train_auc=0.9986, val_auc=0.9911, val_aupr=0.9641, val_precision=0.8773, val_sensitivity=0.8925; val_specificity=0.9750
2026-03-28 13:13:20,424 - MolecularDataset hyperparamets -> dataset=dataset1, trategy=conditional, aug train=False, aug eval=False
2026-03-28 13:13:30,611 - Test Loss: 0.7625
2026-03-28 13:13:30,611 - Test AUC: 0.9041
2026-03-28 13:13:30,612 - Test AUPR: 0.8756
2026-03-28 13:13:30,612 - Test Precision: 0.9412
2026-03-28 13:13:30,612 - Test Sensitivity (Recall): 0.2991
2026-03-28 13:13:30,612 - Test Specificity: 0.9844
2026-03-28 13:13:30,621 - ---- Start Training & Testing Fold 4 ----
2026-03-28 13:13:30,621 - experiment 1 ...
2026-03-28 13:13:30,623 - --- Executing CV with scaffold split with hyperparameters: use_struct=True, save_probs=False, seed=42 ...
2026-03-28 13:13:30,623 - Dataset path -> datasets/multi_ppimi_s4_tests_splits_with_my_train
2026-03-28 13:13:30,653 - Initialized model | excluded=None | mlp_dropout=0.3 | head_dropout=0.3 | self_attn_dropout=0.1 | join_attn_feat=ppiformer | compound_dim=128 | compound_proj_dim=128 | ppi_fuse_setting=self_attn | head_fuse=cat | proj_feat=True
2026-03-28 13:13:30,655 - Excluded modalities: []
2026-03-28 13:13:30,668 - Active modalities: ['esm', 'fegs', 'gae']
2026-03-28 13:13:49,187 - MolecularDataset hyperparamets -> dataset=dataset1, trategy=conditional, aug train=False, aug eval=False
2026-03-28 13:13:56,791 - MolecularDataset hyperparamets -> dataset=dataset1, trategy=conditional, aug train=False, aug eval=False
2026-03-28 13:14:01,930 - MolecularDataset hyperparamets -> dataset=dataset1, trategy=conditional, aug train=False, aug eval=False
2026-03-28 13:14:07,117 - ---- train loader size -> 45126, val loader size 2376 ----
2026-03-28 13:16:25,205 - NEW BEST @ epoch 1: train_auc=0.6479, val_auc=0.7465, val_aupr=0.4667, val_precision=0.2802, val_sensitivity=0.7197; val_specificity=0.6303
2026-03-28 13:18:44,092 - NEW BEST @ epoch 2: train_auc=0.8129, val_auc=0.8383, val_aupr=0.6106, val_precision=0.3762, val_sensitivity=0.7601; val_specificity=0.7480
2026-03-28 13:21:03,281 - NEW BEST @ epoch 3: train_auc=0.8690, val_auc=0.8706, val_aupr=0.6506, val_precision=0.4286, val_sensitivity=0.7803; val_specificity=0.7919
2026-03-28 13:23:22,496 - NEW BEST @ epoch 4: train_auc=0.8983, val_auc=0.8947, val_aupr=0.7019, val_precision=0.4753, val_sensitivity=0.8030; val_specificity=0.8227
2026-03-28 13:25:41,035 - NEW BEST @ epoch 5: train_auc=0.9147, val_auc=0.9037, val_aupr=0.7226, val_precision=0.5114, val_sensitivity=0.7929; val_specificity=0.8485
2026-03-28 13:28:00,002 - NEW BEST @ epoch 6: train_auc=0.9301, val_auc=0.9187, val_aupr=0.7449, val_precision=0.5428, val_sensitivity=0.8005; val_specificity=0.8652
2026-03-28 13:30:19,252 - NEW BEST @ epoch 7: train_auc=0.9424, val_auc=0.9277, val_aupr=0.7684, val_precision=0.5874, val_sensitivity=0.7980; val_specificity=0.8879
2026-03-28 13:32:37,611 - NEW BEST @ epoch 8: train_auc=0.9470, val_auc=0.9336, val_aupr=0.7852, val_precision=0.5939, val_sensitivity=0.7904; val_specificity=0.8919
2026-03-28 13:34:56,397 - NEW BEST @ epoch 9: train_auc=0.9535, val_auc=0.9470, val_aupr=0.8156, val_precision=0.6616, val_sensitivity=0.7753; val_specificity=0.9207
2026-03-28 13:39:34,495 - NEW BEST @ epoch 11: train_auc=0.9650, val_auc=0.9525, val_aupr=0.8332, val_precision=0.7035, val_sensitivity=0.7551; val_specificity=0.9364
2026-03-28 13:44:11,833 - NEW BEST @ epoch 13: train_auc=0.9727, val_auc=0.9573, val_aupr=0.8479, val_precision=0.7513, val_sensitivity=0.7247; val_specificity=0.9520
2026-03-28 13:46:30,848 - NEW BEST @ epoch 14: train_auc=0.9749, val_auc=0.9601, val_aupr=0.8556, val_precision=0.7481, val_sensitivity=0.7500; val_specificity=0.9495
2026-03-28 13:48:49,457 - NEW BEST @ epoch 15: train_auc=0.9788, val_auc=0.9623, val_aupr=0.8624, val_precision=0.7711, val_sensitivity=0.7399; val_specificity=0.9561
2026-03-28 13:51:07,826 - NEW BEST @ epoch 16: train_auc=0.9808, val_auc=0.9647, val_aupr=0.8705, val_precision=0.7726, val_sensitivity=0.7551; val_specificity=0.9556
2026-03-28 13:58:05,888 - NEW BEST @ epoch 19: train_auc=0.9863, val_auc=0.9695, val_aupr=0.8852, val_precision=0.7835, val_sensitivity=0.7677; val_specificity=0.9576
2026-03-28 14:16:44,539 - NEW BEST @ epoch 27: train_auc=0.9946, val_auc=0.9722, val_aupr=0.9006, val_precision=0.8357, val_sensitivity=0.7449; val_specificity=0.9707
2026-03-28 14:40:10,409 - NEW BEST @ epoch 37: train_auc=0.9977, val_auc=0.9749, val_aupr=0.9151, val_precision=0.8373, val_sensitivity=0.8056; val_specificity=0.9687
2026-03-28 15:15:41,609 - MolecularDataset hyperparamets -> dataset=dataset1, trategy=conditional, aug train=False, aug eval=False
2026-03-28 15:16:03,431 - Test Loss: 0.5351
2026-03-28 15:16:03,431 - Test AUC: 0.9164
2026-03-28 15:16:03,431 - Test AUPR: 0.8629
2026-03-28 15:16:03,431 - Test Precision: 0.8877
2026-03-28 15:16:03,431 - Test Sensitivity (Recall): 0.6172
2026-03-28 15:16:03,431 - Test Specificity: 0.9430
2026-03-28 15:16:03,443 - ---- Start Training & Testing Fold 5 ----
2026-03-28 15:16:03,443 - experiment 1 ...
2026-03-28 15:16:03,444 - --- Executing CV with scaffold split with hyperparameters: use_struct=True, save_probs=False, seed=42 ...
2026-03-28 15:16:03,444 - Dataset path -> datasets/multi_ppimi_s4_tests_splits_with_my_train
2026-03-28 15:16:03,482 - Initialized model | excluded=None | mlp_dropout=0.3 | head_dropout=0.3 | self_attn_dropout=0.1 | join_attn_feat=ppiformer | compound_dim=128 | compound_proj_dim=128 | ppi_fuse_setting=self_attn | head_fuse=cat | proj_feat=True
2026-03-28 15:16:03,484 - Excluded modalities: []
2026-03-28 15:16:03,497 - Active modalities: ['esm', 'fegs', 'gae']
2026-03-28 15:16:26,418 - MolecularDataset hyperparamets -> dataset=dataset1, trategy=conditional, aug train=False, aug eval=False
2026-03-28 15:16:33,744 - MolecularDataset hyperparamets -> dataset=dataset1, trategy=conditional, aug train=False, aug eval=False
2026-03-28 15:16:38,786 - MolecularDataset hyperparamets -> dataset=dataset1, trategy=conditional, aug train=False, aug eval=False
2026-03-28 15:16:44,213 - ---- train loader size -> 53418, val loader size 2814 ----
2026-03-28 15:19:31,498 - NEW BEST @ epoch 1: train_auc=0.7229, val_auc=0.8380, val_aupr=0.6600, val_precision=0.3422, val_sensitivity=0.7676; val_specificity=0.7049
2026-03-28 15:22:19,552 - NEW BEST @ epoch 2: train_auc=0.8832, val_auc=0.9090, val_aupr=0.7655, val_precision=0.4326, val_sensitivity=0.8550; val_specificity=0.7757
2026-03-28 15:25:06,868 - NEW BEST @ epoch 3: train_auc=0.9277, val_auc=0.9271, val_aupr=0.7912, val_precision=0.5246, val_sensitivity=0.8401; val_specificity=0.8478
2026-03-28 15:27:53,957 - NEW BEST @ epoch 4: train_auc=0.9488, val_auc=0.9456, val_aupr=0.8319, val_precision=0.5859, val_sensitivity=0.8657; val_specificity=0.8776
2026-03-28 15:30:41,691 - NEW BEST @ epoch 5: train_auc=0.9586, val_auc=0.9557, val_aupr=0.8564, val_precision=0.6425, val_sensitivity=0.8507; val_specificity=0.9053
2026-03-28 15:33:27,860 - NEW BEST @ epoch 6: train_auc=0.9671, val_auc=0.9615, val_aupr=0.8693, val_precision=0.6833, val_sensitivity=0.8465; val_specificity=0.9215
2026-03-28 15:39:02,992 - NEW BEST @ epoch 8: train_auc=0.9770, val_auc=0.9688, val_aupr=0.8889, val_precision=0.6997, val_sensitivity=0.8593; val_specificity=0.9262
2026-03-28 15:44:38,351 - NEW BEST @ epoch 10: train_auc=0.9849, val_auc=0.9725, val_aupr=0.9044, val_precision=0.7556, val_sensitivity=0.8571; val_specificity=0.9446
2026-03-28 15:47:27,235 - NEW BEST @ epoch 11: train_auc=0.9866, val_auc=0.9754, val_aupr=0.9153, val_precision=0.8028, val_sensitivity=0.8422; val_specificity=0.9586
2026-03-28 15:53:01,991 - NEW BEST @ epoch 13: train_auc=0.9904, val_auc=0.9788, val_aupr=0.9275, val_precision=0.8581, val_sensitivity=0.8124; val_specificity=0.9731
2026-03-28 15:58:37,503 - NEW BEST @ epoch 15: train_auc=0.9928, val_auc=0.9819, val_aupr=0.9429, val_precision=0.8438, val_sensitivity=0.8870; val_specificity=0.9672
2026-03-28 16:04:12,174 - NEW BEST @ epoch 17: train_auc=0.9946, val_auc=0.9849, val_aupr=0.9559, val_precision=0.8940, val_sensitivity=0.8635; val_specificity=0.9795
2026-03-28 16:20:49,896 - NEW BEST @ epoch 23: train_auc=0.9976, val_auc=0.9893, val_aupr=0.9704, val_precision=0.9234, val_sensitivity=0.8998; val_specificity=0.9851
2026-03-28 17:03:08,162 - MolecularDataset hyperparamets -> dataset=dataset1, trategy=conditional, aug train=False, aug eval=False
2026-03-28 17:03:28,822 - Test Loss: 0.7100
2026-03-28 17:03:28,822 - Test AUC: 0.8519
2026-03-28 17:03:28,822 - Test AUPR: 0.8327
2026-03-28 17:03:28,822 - Test Precision: 0.8882
2026-03-28 17:03:28,822 - Test Sensitivity (Recall): 0.1966
2026-03-28 17:03:28,822 - Test Specificity: 0.9733
2026-03-28 17:03:28,841 - Saved/updated summary to: results/result_tables/final_results/hyperparam_search_2503.csv
2026-03-28 17:03:28,841 - [2503@j5] Running hyperparameter set 6/12 | lr=1e-05 | weight_decay=1e-05 | mlp_dropout=0.3 | head_dropout=0.3 | self_attn_dropout=0.3 | compound_proj_dim=128 | ppi_fuse_setting=self_attn | head_fuse=cat | proj_feat=True
2026-03-28 17:03:28,841 - ---- Start Training & Testing Fold 1 ----
2026-03-28 17:03:28,841 - experiment 1 ...
2026-03-28 17:03:28,842 - --- Executing CV with scaffold split with hyperparameters: use_struct=True, save_probs=False, seed=42 ...
2026-03-28 17:03:28,842 - Dataset path -> datasets/multi_ppimi_s4_tests_splits_with_my_train
2026-03-28 17:03:28,878 - Initialized model | excluded=None | mlp_dropout=0.3 | head_dropout=0.3 | self_attn_dropout=0.3 | join_attn_feat=ppiformer | compound_dim=128 | compound_proj_dim=128 | ppi_fuse_setting=self_attn | head_fuse=cat | proj_feat=True
2026-03-28 17:03:28,880 - Excluded modalities: []
2026-03-28 17:03:28,893 - Active modalities: ['esm', 'fegs', 'gae']
2026-03-28 17:03:54,105 - MolecularDataset hyperparamets -> dataset=dataset1, trategy=conditional, aug train=False, aug eval=False
2026-03-28 17:04:02,438 - MolecularDataset hyperparamets -> dataset=dataset1, trategy=conditional, aug train=False, aug eval=False
2026-03-28 17:04:07,537 - MolecularDataset hyperparamets -> dataset=dataset1, trategy=conditional, aug train=False, aug eval=False
2026-03-28 17:04:13,040 - ---- train loader size -> 62190, val loader size 3276 ----
2026-03-28 17:07:30,383 - NEW BEST @ epoch 1: train_auc=0.7487, val_auc=0.8093, val_aupr=0.5735, val_precision=0.3171, val_sensitivity=0.7271; val_specificity=0.6868
2026-03-28 17:10:43,731 - NEW BEST @ epoch 2: train_auc=0.8875, val_auc=0.8942, val_aupr=0.7092, val_precision=0.4448, val_sensitivity=0.8114; val_specificity=0.7974
2026-03-28 17:13:58,949 - NEW BEST @ epoch 3: train_auc=0.9269, val_auc=0.9268, val_aupr=0.7738, val_precision=0.5411, val_sensitivity=0.7949; val_specificity=0.8652
2026-03-28 17:17:12,974 - NEW BEST @ epoch 4: train_auc=0.9455, val_auc=0.9357, val_aupr=0.7885, val_precision=0.5886, val_sensitivity=0.7912; val_specificity=0.8894
2026-03-28 17:20:27,594 - NEW BEST @ epoch 5: train_auc=0.9577, val_auc=0.9490, val_aupr=0.8198, val_precision=0.6538, val_sensitivity=0.7784; val_specificity=0.9176
2026-03-28 17:23:42,404 - NEW BEST @ epoch 6: train_auc=0.9653, val_auc=0.9576, val_aupr=0.8407, val_precision=0.6652, val_sensitivity=0.8150; val_specificity=0.9179
2026-03-28 17:26:57,744 - NEW BEST @ epoch 7: train_auc=0.9726, val_auc=0.9615, val_aupr=0.8555, val_precision=0.6875, val_sensitivity=0.8059; val_specificity=0.9267
2026-03-28 17:30:14,210 - NEW BEST @ epoch 8: train_auc=0.9769, val_auc=0.9653, val_aupr=0.8643, val_precision=0.7169, val_sensitivity=0.7930; val_specificity=0.9374
2026-03-28 17:33:28,087 - NEW BEST @ epoch 9: train_auc=0.9804, val_auc=0.9700, val_aupr=0.8796, val_precision=0.7609, val_sensitivity=0.7985; val_specificity=0.9498
2026-03-28 17:36:41,232 - NEW BEST @ epoch 10: train_auc=0.9837, val_auc=0.9739, val_aupr=0.8913, val_precision=0.7964, val_sensitivity=0.8095; val_specificity=0.9586
2026-03-28 17:43:09,110 - NEW BEST @ epoch 12: train_auc=0.9886, val_auc=0.9766, val_aupr=0.9024, val_precision=0.7812, val_sensitivity=0.8370; val_specificity=0.9531
2026-03-28 17:46:23,186 - NEW BEST @ epoch 13: train_auc=0.9897, val_auc=0.9795, val_aupr=0.9132, val_precision=0.8087, val_sensitivity=0.8132; val_specificity=0.9615
2026-03-28 17:52:52,754 - NEW BEST @ epoch 15: train_auc=0.9924, val_auc=0.9830, val_aupr=0.9286, val_precision=0.8254, val_sensitivity=0.8571; val_specificity=0.9637
2026-03-28 17:59:26,614 - NEW BEST @ epoch 17: train_auc=0.9943, val_auc=0.9851, val_aupr=0.9367, val_precision=0.8342, val_sensitivity=0.8755; val_specificity=0.9652
2026-03-28 18:05:52,162 - NEW BEST @ epoch 19: train_auc=0.9955, val_auc=0.9878, val_aupr=0.9472, val_precision=0.8928, val_sensitivity=0.8388; val_specificity=0.9799
2026-03-28 18:22:10,809 - NEW BEST @ epoch 24: train_auc=0.9974, val_auc=0.9899, val_aupr=0.9565, val_precision=0.8916, val_sensitivity=0.8736; val_specificity=0.9788
2026-03-28 19:10:50,290 - MolecularDataset hyperparamets -> dataset=dataset1, trategy=conditional, aug train=False, aug eval=False
2026-03-28 19:11:01,935 - Test Loss: 0.9722
2026-03-28 19:11:01,936 - Test AUC: 0.8736
2026-03-28 19:11:01,936 - Test AUPR: 0.7218
2026-03-28 19:11:01,936 - Test Precision: 0.1944
2026-03-28 19:11:01,936 - Test Sensitivity (Recall): 0.0236
2026-03-28 19:11:01,936 - Test Specificity: 0.9088
2026-03-28 19:11:01,948 - ---- Start Training & Testing Fold 2 ----
2026-03-28 19:11:01,948 - experiment 1 ...
2026-03-28 19:11:01,950 - --- Executing CV with scaffold split with hyperparameters: use_struct=True, save_probs=False, seed=42 ...
2026-03-28 19:11:01,950 - Dataset path -> datasets/multi_ppimi_s4_tests_splits_with_my_train
2026-03-28 19:11:01,996 - Initialized model | excluded=None | mlp_dropout=0.3 | head_dropout=0.3 | self_attn_dropout=0.3 | join_attn_feat=ppiformer | compound_dim=128 | compound_proj_dim=128 | ppi_fuse_setting=self_attn | head_fuse=cat | proj_feat=True
2026-03-28 19:11:01,998 - Excluded modalities: []
2026-03-28 19:11:02,011 - Active modalities: ['esm', 'fegs', 'gae']
2026-03-28 19:11:30,439 - MolecularDataset hyperparamets -> dataset=dataset1, trategy=conditional, aug train=False, aug eval=False
2026-03-28 19:11:39,192 - MolecularDataset hyperparamets -> dataset=dataset1, trategy=conditional, aug train=False, aug eval=False
2026-03-28 19:11:44,328 - MolecularDataset hyperparamets -> dataset=dataset1, trategy=conditional, aug train=False, aug eval=False
2026-03-28 19:11:49,522 - ---- train loader size -> 68988, val loader size 3636 ----
2026-03-28 19:15:21,794 - NEW BEST @ epoch 1: train_auc=0.7486, val_auc=0.8372, val_aupr=0.6293, val_precision=0.3610, val_sensitivity=0.7673; val_specificity=0.7284
2026-03-28 19:18:55,005 - NEW BEST @ epoch 2: train_auc=0.8941, val_auc=0.8908, val_aupr=0.7068, val_precision=0.4555, val_sensitivity=0.7937; val_specificity=0.8102
2026-03-28 19:22:28,140 - NEW BEST @ epoch 3: train_auc=0.9329, val_auc=0.9200, val_aupr=0.7635, val_precision=0.5737, val_sensitivity=0.7574; val_specificity=0.8875
2026-03-28 19:26:01,653 - NEW BEST @ epoch 4: train_auc=0.9555, val_auc=0.9384, val_aupr=0.8037, val_precision=0.6020, val_sensitivity=0.8036; val_specificity=0.8937
2026-03-28 19:29:35,950 - NEW BEST @ epoch 5: train_auc=0.9669, val_auc=0.9521, val_aupr=0.8365, val_precision=0.6505, val_sensitivity=0.8416; val_specificity=0.9096
2026-03-28 19:33:10,385 - NEW BEST @ epoch 6: train_auc=0.9734, val_auc=0.9568, val_aupr=0.8492, val_precision=0.6816, val_sensitivity=0.8300; val_specificity=0.9224
2026-03-28 19:36:43,637 - NEW BEST @ epoch 7: train_auc=0.9797, val_auc=0.9622, val_aupr=0.8624, val_precision=0.7076, val_sensitivity=0.8465; val_specificity=0.9300
2026-03-28 19:40:16,421 - NEW BEST @ epoch 8: train_auc=0.9836, val_auc=0.9662, val_aupr=0.8740, val_precision=0.7417, val_sensitivity=0.8152; val_specificity=0.9432
2026-03-28 19:47:23,461 - NEW BEST @ epoch 10: train_auc=0.9893, val_auc=0.9733, val_aupr=0.8962, val_precision=0.7823, val_sensitivity=0.8185; val_specificity=0.9545
2026-03-28 19:50:57,251 - NEW BEST @ epoch 11: train_auc=0.9906, val_auc=0.9763, val_aupr=0.9055, val_precision=0.7945, val_sensitivity=0.8168; val_specificity=0.9578
2026-03-28 19:54:30,163 - NEW BEST @ epoch 12: train_auc=0.9922, val_auc=0.9789, val_aupr=0.9171, val_precision=0.8441, val_sensitivity=0.8218; val_specificity=0.9696
2026-03-28 19:58:03,242 - NEW BEST @ epoch 13: train_auc=0.9935, val_auc=0.9811, val_aupr=0.9240, val_precision=0.8099, val_sensitivity=0.8647; val_specificity=0.9594
2026-03-28 20:05:08,642 - NEW BEST @ epoch 15: train_auc=0.9954, val_auc=0.9833, val_aupr=0.9334, val_precision=0.8470, val_sensitivity=0.8498; val_specificity=0.9693
2026-03-28 20:12:17,517 - NEW BEST @ epoch 17: train_auc=0.9966, val_auc=0.9866, val_aupr=0.9455, val_precision=0.8866, val_sensitivity=0.8383; val_specificity=0.9785
2026-03-28 20:19:30,098 - NEW BEST @ epoch 19: train_auc=0.9975, val_auc=0.9887, val_aupr=0.9527, val_precision=0.8763, val_sensitivity=0.8647; val_specificity=0.9756
2026-03-28 20:40:50,589 - NEW BEST @ epoch 25: train_auc=0.9988, val_auc=0.9915, val_aupr=0.9664, val_precision=0.8896, val_sensitivity=0.9043; val_specificity=0.9776
2026-03-28 21:34:40,847 - MolecularDataset hyperparamets -> dataset=dataset1, trategy=conditional, aug train=False, aug eval=False
2026-03-28 21:34:51,526 - Test Loss: 1.0694
2026-03-28 21:34:51,526 - Test AUC: 0.8921
2026-03-28 21:34:51,526 - Test AUPR: 0.8635
2026-03-28 21:34:51,526 - Test Precision: 0.9072
2026-03-28 21:34:51,526 - Test Sensitivity (Recall): 0.2708
2026-03-28 21:34:51,526 - Test Specificity: 0.9585
2026-03-28 21:34:51,534 - ---- Start Training & Testing Fold 3 ----
2026-03-28 21:34:51,535 - experiment 1 ...
2026-03-28 21:34:51,537 - --- Executing CV with scaffold split with hyperparameters: use_struct=True, save_probs=False, seed=42 ...
2026-03-28 21:34:51,537 - Dataset path -> datasets/multi_ppimi_s4_tests_splits_with_my_train
2026-03-28 21:34:51,581 - Initialized model | excluded=None | mlp_dropout=0.3 | head_dropout=0.3 | self_attn_dropout=0.3 | join_attn_feat=ppiformer | compound_dim=128 | compound_proj_dim=128 | ppi_fuse_setting=self_attn | head_fuse=cat | proj_feat=True
2026-03-28 21:34:51,583 - Excluded modalities: []
2026-03-28 21:34:51,595 - Active modalities: ['esm', 'fegs', 'gae']
2026-03-28 21:35:18,544 - MolecularDataset hyperparamets -> dataset=dataset1, trategy=conditional, aug train=False, aug eval=False
2026-03-28 21:35:27,065 - MolecularDataset hyperparamets -> dataset=dataset1, trategy=conditional, aug train=False, aug eval=False
2026-03-28 21:35:32,159 - MolecularDataset hyperparamets -> dataset=dataset1, trategy=conditional, aug train=False, aug eval=False
2026-03-28 21:35:37,357 - ---- train loader size -> 65748, val loader size 3462 ----
2026-03-28 21:38:59,371 - NEW BEST @ epoch 1: train_auc=0.7377, val_auc=0.8573, val_aupr=0.6675, val_precision=0.3684, val_sensitivity=0.8250; val_specificity=0.7172
2026-03-28 21:42:22,499 - NEW BEST @ epoch 2: train_auc=0.8940, val_auc=0.9187, val_aupr=0.7642, val_precision=0.5099, val_sensitivity=0.8458; val_specificity=0.8374
2026-03-28 21:45:46,835 - NEW BEST @ epoch 3: train_auc=0.9330, val_auc=0.9355, val_aupr=0.7967, val_precision=0.5275, val_sensitivity=0.8475; val_specificity=0.8482
2026-03-28 21:49:09,721 - NEW BEST @ epoch 4: train_auc=0.9506, val_auc=0.9545, val_aupr=0.8351, val_precision=0.6052, val_sensitivity=0.8873; val_specificity=0.8842
2026-03-28 21:52:33,557 - NEW BEST @ epoch 5: train_auc=0.9631, val_auc=0.9616, val_aupr=0.8579, val_precision=0.6551, val_sensitivity=0.8527; val_specificity=0.9102
2026-03-28 21:55:56,805 - NEW BEST @ epoch 6: train_auc=0.9706, val_auc=0.9650, val_aupr=0.8685, val_precision=0.7085, val_sensitivity=0.8215; val_specificity=0.9324
2026-03-28 21:59:20,562 - NEW BEST @ epoch 7: train_auc=0.9756, val_auc=0.9691, val_aupr=0.8813, val_precision=0.7096, val_sensitivity=0.8302; val_specificity=0.9321
2026-03-28 22:02:44,503 - NEW BEST @ epoch 8: train_auc=0.9797, val_auc=0.9736, val_aupr=0.8973, val_precision=0.7153, val_sensitivity=0.8579; val_specificity=0.9317
2026-03-28 22:06:08,509 - NEW BEST @ epoch 9: train_auc=0.9831, val_auc=0.9778, val_aupr=0.9103, val_precision=0.7707, val_sensitivity=0.8388; val_specificity=0.9501
2026-03-28 22:12:56,458 - NEW BEST @ epoch 11: train_auc=0.9883, val_auc=0.9806, val_aupr=0.9236, val_precision=0.7920, val_sensitivity=0.8579; val_specificity=0.9549
2026-03-28 22:19:42,761 - NEW BEST @ epoch 13: train_auc=0.9917, val_auc=0.9846, val_aupr=0.9359, val_precision=0.8291, val_sensitivity=0.8406; val_specificity=0.9653
2026-03-28 22:29:50,606 - NEW BEST @ epoch 16: train_auc=0.9946, val_auc=0.9872, val_aupr=0.9484, val_precision=0.8625, val_sensitivity=0.8371; val_specificity=0.9733
2026-03-28 22:39:58,428 - NEW BEST @ epoch 19: train_auc=0.9964, val_auc=0.9900, val_aupr=0.9569, val_precision=0.8733, val_sensitivity=0.8718; val_specificity=0.9747
2026-03-28 23:17:09,657 - NEW BEST @ epoch 30: train_auc=0.9989, val_auc=0.9920, val_aupr=0.9663, val_precision=0.8922, val_sensitivity=0.8891; val_specificity=0.9785
2026-03-29 00:08:24,440 - MolecularDataset hyperparamets -> dataset=dataset1, trategy=conditional, aug train=False, aug eval=False
2026-03-29 00:08:34,596 - Test Loss: 0.7315
2026-03-29 00:08:34,596 - Test AUC: 0.9301
2026-03-29 00:08:34,596 - Test AUPR: 0.8942
2026-03-29 00:08:34,596 - Test Precision: 0.9552
2026-03-29 00:08:34,596 - Test Sensitivity (Recall): 0.2991
2026-03-29 00:08:34,597 - Test Specificity: 0.9883
2026-03-29 00:08:34,606 - ---- Start Training & Testing Fold 4 ----
2026-03-29 00:08:34,606 - experiment 1 ...
2026-03-29 00:08:34,609 - --- Executing CV with scaffold split with hyperparameters: use_struct=True, save_probs=False, seed=42 ...
2026-03-29 00:08:34,609 - Dataset path -> datasets/multi_ppimi_s4_tests_splits_with_my_train
2026-03-29 00:08:34,640 - Initialized model | excluded=None | mlp_dropout=0.3 | head_dropout=0.3 | self_attn_dropout=0.3 | join_attn_feat=ppiformer | compound_dim=128 | compound_proj_dim=128 | ppi_fuse_setting=self_attn | head_fuse=cat | proj_feat=True
2026-03-29 00:08:34,642 - Excluded modalities: []
2026-03-29 00:08:34,655 - Active modalities: ['esm', 'fegs', 'gae']
2026-03-29 00:08:53,083 - MolecularDataset hyperparamets -> dataset=dataset1, trategy=conditional, aug train=False, aug eval=False
2026-03-29 00:09:00,591 - MolecularDataset hyperparamets -> dataset=dataset1, trategy=conditional, aug train=False, aug eval=False
2026-03-29 00:09:05,523 - MolecularDataset hyperparamets -> dataset=dataset1, trategy=conditional, aug train=False, aug eval=False
2026-03-29 00:09:10,470 - ---- train loader size -> 45126, val loader size 2376 ----
2026-03-29 00:11:29,361 - NEW BEST @ epoch 1: train_auc=0.6479, val_auc=0.7466, val_aupr=0.4681, val_precision=0.2771, val_sensitivity=0.7172; val_specificity=0.6258
2026-03-29 00:13:49,350 - NEW BEST @ epoch 2: train_auc=0.8123, val_auc=0.8386, val_aupr=0.6135, val_precision=0.3814, val_sensitivity=0.7677; val_specificity=0.7510
2026-03-29 00:16:09,045 - NEW BEST @ epoch 3: train_auc=0.8690, val_auc=0.8715, val_aupr=0.6568, val_precision=0.4264, val_sensitivity=0.7828; val_specificity=0.7894
2026-03-29 00:18:28,655 - NEW BEST @ epoch 4: train_auc=0.8984, val_auc=0.8969, val_aupr=0.7057, val_precision=0.4672, val_sensitivity=0.8106; val_specificity=0.8152
2026-03-29 00:20:47,761 - NEW BEST @ epoch 5: train_auc=0.9148, val_auc=0.9062, val_aupr=0.7263, val_precision=0.5040, val_sensitivity=0.7904; val_specificity=0.8444
2026-03-29 00:23:06,462 - NEW BEST @ epoch 6: train_auc=0.9302, val_auc=0.9217, val_aupr=0.7519, val_precision=0.5381, val_sensitivity=0.8030; val_specificity=0.8621
2026-03-29 00:25:25,966 - NEW BEST @ epoch 7: train_auc=0.9423, val_auc=0.9289, val_aupr=0.7704, val_precision=0.5753, val_sensitivity=0.8005; val_specificity=0.8818
2026-03-29 00:27:45,416 - NEW BEST @ epoch 8: train_auc=0.9474, val_auc=0.9346, val_aupr=0.7877, val_precision=0.6015, val_sensitivity=0.8081; val_specificity=0.8929
2026-03-29 00:30:04,579 - NEW BEST @ epoch 9: train_auc=0.9537, val_auc=0.9475, val_aupr=0.8168, val_precision=0.6602, val_sensitivity=0.7753; val_specificity=0.9202
2026-03-29 00:34:43,620 - NEW BEST @ epoch 11: train_auc=0.9650, val_auc=0.9532, val_aupr=0.8344, val_precision=0.7028, val_sensitivity=0.7702; val_specificity=0.9348
2026-03-29 00:39:21,579 - NEW BEST @ epoch 13: train_auc=0.9727, val_auc=0.9574, val_aupr=0.8482, val_precision=0.7487, val_sensitivity=0.7222; val_specificity=0.9515
2026-03-29 00:41:41,337 - NEW BEST @ epoch 14: train_auc=0.9750, val_auc=0.9602, val_aupr=0.8561, val_precision=0.7487, val_sensitivity=0.7449; val_specificity=0.9500
2026-03-29 00:46:20,783 - NEW BEST @ epoch 16: train_auc=0.9810, val_auc=0.9644, val_aupr=0.8704, val_precision=0.7822, val_sensitivity=0.7525; val_specificity=0.9581
2026-03-29 00:53:20,099 - NEW BEST @ epoch 19: train_auc=0.9865, val_auc=0.9690, val_aupr=0.8854, val_precision=0.7804, val_sensitivity=0.7626; val_specificity=0.9571
2026-03-29 01:11:56,678 - NEW BEST @ epoch 27: train_auc=0.9948, val_auc=0.9726, val_aupr=0.9022, val_precision=0.8306, val_sensitivity=0.7551; val_specificity=0.9692
2026-03-29 01:47:10,005 - MolecularDataset hyperparamets -> dataset=dataset1, trategy=conditional, aug train=False, aug eval=False
2026-03-29 01:47:31,638 - Test Loss: 0.4459
2026-03-29 01:47:31,638 - Test AUC: 0.9248
2026-03-29 01:47:31,638 - Test AUPR: 0.8772
2026-03-29 01:47:31,638 - Test Precision: 0.9113
2026-03-29 01:47:31,638 - Test Sensitivity (Recall): 0.6447
2026-03-29 01:47:31,638 - Test Specificity: 0.9542
2026-03-29 01:47:31,648 - ---- Start Training & Testing Fold 5 ----
2026-03-29 01:47:31,649 - experiment 1 ...
2026-03-29 01:47:31,649 - --- Executing CV with scaffold split with hyperparameters: use_struct=True, save_probs=False, seed=42 ...
2026-03-29 01:47:31,650 - Dataset path -> datasets/multi_ppimi_s4_tests_splits_with_my_train
2026-03-29 01:47:31,687 - Initialized model | excluded=None | mlp_dropout=0.3 | head_dropout=0.3 | self_attn_dropout=0.3 | join_attn_feat=ppiformer | compound_dim=128 | compound_proj_dim=128 | ppi_fuse_setting=self_attn | head_fuse=cat | proj_feat=True
2026-03-29 01:47:31,689 - Excluded modalities: []
2026-03-29 01:47:31,702 - Active modalities: ['esm', 'fegs', 'gae']
2026-03-29 01:47:54,562 - MolecularDataset hyperparamets -> dataset=dataset1, trategy=conditional, aug train=False, aug eval=False
2026-03-29 01:48:01,748 - MolecularDataset hyperparamets -> dataset=dataset1, trategy=conditional, aug train=False, aug eval=False
2026-03-29 01:48:06,824 - MolecularDataset hyperparamets -> dataset=dataset1, trategy=conditional, aug train=False, aug eval=False
2026-03-29 01:48:11,928 - ---- train loader size -> 53418, val loader size 2814 ----
2026-03-29 01:50:57,928 - NEW BEST @ epoch 1: train_auc=0.7226, val_auc=0.8342, val_aupr=0.6551, val_precision=0.3418, val_sensitivity=0.7719; val_specificity=0.7028
2026-03-29 01:53:44,579 - NEW BEST @ epoch 2: train_auc=0.8828, val_auc=0.9072, val_aupr=0.7633, val_precision=0.4272, val_sensitivity=0.8443; val_specificity=0.7736
2026-03-29 01:56:31,623 - NEW BEST @ epoch 3: train_auc=0.9270, val_auc=0.9265, val_aupr=0.7903, val_precision=0.5098, val_sensitivity=0.8337; val_specificity=0.8397
2026-03-29 01:59:18,515 - NEW BEST @ epoch 4: train_auc=0.9485, val_auc=0.9466, val_aupr=0.8332, val_precision=0.5871, val_sensitivity=0.8699; val_specificity=0.8776
2026-03-29 02:02:06,152 - NEW BEST @ epoch 5: train_auc=0.9584, val_auc=0.9557, val_aupr=0.8568, val_precision=0.6345, val_sensitivity=0.8550; val_specificity=0.9015
2026-03-29 02:04:52,821 - NEW BEST @ epoch 6: train_auc=0.9671, val_auc=0.9613, val_aupr=0.8696, val_precision=0.6757, val_sensitivity=0.8486; val_specificity=0.9186
2026-03-29 02:07:39,019 - NEW BEST @ epoch 7: train_auc=0.9740, val_auc=0.9639, val_aupr=0.8751, val_precision=0.6961, val_sensitivity=0.8401; val_specificity=0.9267
2026-03-29 02:10:25,303 - NEW BEST @ epoch 8: train_auc=0.9771, val_auc=0.9686, val_aupr=0.8891, val_precision=0.7002, val_sensitivity=0.8763; val_specificity=0.9249
2026-03-29 02:15:58,087 - NEW BEST @ epoch 10: train_auc=0.9848, val_auc=0.9727, val_aupr=0.9049, val_precision=0.7519, val_sensitivity=0.8593; val_specificity=0.9433
2026-03-29 02:18:44,123 - NEW BEST @ epoch 11: train_auc=0.9865, val_auc=0.9755, val_aupr=0.9158, val_precision=0.7980, val_sensitivity=0.8422; val_specificity=0.9574
2026-03-29 02:24:16,701 - NEW BEST @ epoch 13: train_auc=0.9903, val_auc=0.9791, val_aupr=0.9290, val_precision=0.8514, val_sensitivity=0.8188; val_specificity=0.9714
2026-03-29 02:29:50,630 - NEW BEST @ epoch 15: train_auc=0.9930, val_auc=0.9812, val_aupr=0.9410, val_precision=0.8388, val_sensitivity=0.8763; val_specificity=0.9663
2026-03-29 02:35:24,739 - NEW BEST @ epoch 17: train_auc=0.9946, val_auc=0.9849, val_aupr=0.9574, val_precision=0.8841, val_sensitivity=0.8785; val_specificity=0.9770
2026-03-29 02:52:05,191 - NEW BEST @ epoch 23: train_auc=0.9976, val_auc=0.9893, val_aupr=0.9711, val_precision=0.9199, val_sensitivity=0.9062; val_specificity=0.9842
2026-03-29 03:34:16,509 - MolecularDataset hyperparamets -> dataset=dataset1, trategy=conditional, aug train=False, aug eval=False
2026-03-29 03:34:36,941 - Test Loss: 0.8021
2026-03-29 03:34:36,941 - Test AUC: 0.8347
2026-03-29 03:34:36,941 - Test AUPR: 0.8168
2026-03-29 03:34:36,941 - Test Precision: 0.8913
2026-03-29 03:34:36,941 - Test Sensitivity (Recall): 0.1602
2026-03-29 03:34:36,941 - Test Specificity: 0.9789
2026-03-29 03:34:36,958 - Saved/updated summary to: results/result_tables/final_results/hyperparam_search_2503.csv
2026-03-29 03:34:36,958 - [2503@j5] Running hyperparameter set 7/12 | lr=5e-05 | weight_decay=0.001 | mlp_dropout=0.3 | head_dropout=0.3 | self_attn_dropout=0.1 | compound_proj_dim=128 | ppi_fuse_setting=self_attn | head_fuse=cat | proj_feat=True
2026-03-29 03:34:36,958 - ---- Start Training & Testing Fold 1 ----
2026-03-29 03:34:36,958 - experiment 1 ...
2026-03-29 03:34:36,959 - --- Executing CV with scaffold split with hyperparameters: use_struct=True, save_probs=False, seed=42 ...
2026-03-29 03:34:36,959 - Dataset path -> datasets/multi_ppimi_s4_tests_splits_with_my_train
2026-03-29 03:34:36,994 - Initialized model | excluded=None | mlp_dropout=0.3 | head_dropout=0.3 | self_attn_dropout=0.1 | join_attn_feat=ppiformer | compound_dim=128 | compound_proj_dim=128 | ppi_fuse_setting=self_attn | head_fuse=cat | proj_feat=True
2026-03-29 03:34:36,996 - Excluded modalities: []
2026-03-29 03:34:37,009 - Active modalities: ['esm', 'fegs', 'gae']
2026-03-29 03:35:02,734 - MolecularDataset hyperparamets -> dataset=dataset1, trategy=conditional, aug train=False, aug eval=False
2026-03-29 03:35:11,092 - MolecularDataset hyperparamets -> dataset=dataset1, trategy=conditional, aug train=False, aug eval=False
2026-03-29 03:35:16,289 - MolecularDataset hyperparamets -> dataset=dataset1, trategy=conditional, aug train=False, aug eval=False
2026-03-29 03:35:21,333 - ---- train loader size -> 62190, val loader size 3276 ----
2026-03-29 03:38:32,390 - NEW BEST @ epoch 1: train_auc=0.8887, val_auc=0.9364, val_aupr=0.7884, val_precision=0.5992, val_sensitivity=0.7912; val_specificity=0.8941
2026-03-29 03:41:45,870 - NEW BEST @ epoch 2: train_auc=0.9674, val_auc=0.9669, val_aupr=0.8702, val_precision=0.7569, val_sensitivity=0.7582; val_specificity=0.9513
2026-03-29 03:44:58,179 - NEW BEST @ epoch 3: train_auc=0.9842, val_auc=0.9793, val_aupr=0.9146, val_precision=0.8434, val_sensitivity=0.7894; val_specificity=0.9707
2026-03-29 03:48:11,194 - NEW BEST @ epoch 4: train_auc=0.9905, val_auc=0.9818, val_aupr=0.9254, val_precision=0.8491, val_sensitivity=0.8040; val_specificity=0.9714
2026-03-29 03:51:23,943 - NEW BEST @ epoch 5: train_auc=0.9940, val_auc=0.9868, val_aupr=0.9429, val_precision=0.8868, val_sensitivity=0.8608; val_specificity=0.9780
2026-03-29 03:54:36,990 - NEW BEST @ epoch 6: train_auc=0.9956, val_auc=0.9890, val_aupr=0.9505, val_precision=0.8644, val_sensitivity=0.8993; val_specificity=0.9718
2026-03-29 04:10:36,947 - NEW BEST @ epoch 11: train_auc=0.9987, val_auc=0.9910, val_aupr=0.9620, val_precision=0.9043, val_sensitivity=0.8828; val_specificity=0.9813
2026-03-29 04:59:15,514 - MolecularDataset hyperparamets -> dataset=dataset1, trategy=conditional, aug train=False, aug eval=False
2026-03-29 04:59:27,034 - Test Loss: 1.3138
2026-03-29 04:59:27,034 - Test AUC: 0.8598
2026-03-29 04:59:27,034 - Test AUPR: 0.7199
2026-03-29 04:59:27,034 - Test Precision: 0.2727
2026-03-29 04:59:27,034 - Test Sensitivity (Recall): 0.0101
2026-03-29 04:59:27,034 - Test Specificity: 0.9748
2026-03-29 04:59:27,043 - ---- Start Training & Testing Fold 2 ----
2026-03-29 04:59:27,044 - experiment 1 ...
2026-03-29 04:59:27,044 - --- Executing CV with scaffold split with hyperparameters: use_struct=True, save_probs=False, seed=42 ...
2026-03-29 04:59:27,045 - Dataset path -> datasets/multi_ppimi_s4_tests_splits_with_my_train
2026-03-29 04:59:27,088 - Initialized model | excluded=None | mlp_dropout=0.3 | head_dropout=0.3 | self_attn_dropout=0.1 | join_attn_feat=ppiformer | compound_dim=128 | compound_proj_dim=128 | ppi_fuse_setting=self_attn | head_fuse=cat | proj_feat=True
2026-03-29 04:59:27,090 - Excluded modalities: []
2026-03-29 04:59:27,102 - Active modalities: ['esm', 'fegs', 'gae']
2026-03-29 04:59:55,597 - MolecularDataset hyperparamets -> dataset=dataset1, trategy=conditional, aug train=False, aug eval=False
2026-03-29 05:00:04,444 - MolecularDataset hyperparamets -> dataset=dataset1, trategy=conditional, aug train=False, aug eval=False
2026-03-29 05:00:09,546 - MolecularDataset hyperparamets -> dataset=dataset1, trategy=conditional, aug train=False, aug eval=False
2026-03-29 05:00:14,623 - ---- train loader size -> 68988, val loader size 3636 ----
2026-03-29 05:03:47,984 - NEW BEST @ epoch 1: train_auc=0.8957, val_auc=0.9517, val_aupr=0.8375, val_precision=0.6452, val_sensitivity=0.8251; val_specificity=0.9092
2026-03-29 05:07:22,774 - NEW BEST @ epoch 2: train_auc=0.9755, val_auc=0.9677, val_aupr=0.8787, val_precision=0.7289, val_sensitivity=0.8251; val_specificity=0.9386
2026-03-29 05:10:57,258 - NEW BEST @ epoch 3: train_auc=0.9885, val_auc=0.9775, val_aupr=0.9137, val_precision=0.8381, val_sensitivity=0.7772; val_specificity=0.9700
2026-03-29 05:14:30,707 - NEW BEST @ epoch 4: train_auc=0.9939, val_auc=0.9828, val_aupr=0.9335, val_precision=0.8645, val_sensitivity=0.8317; val_specificity=0.9739
2026-03-29 05:18:05,022 - NEW BEST @ epoch 5: train_auc=0.9961, val_auc=0.9866, val_aupr=0.9447, val_precision=0.8864, val_sensitivity=0.8366; val_specificity=0.9785
2026-03-29 05:25:12,653 - NEW BEST @ epoch 7: train_auc=0.9981, val_auc=0.9897, val_aupr=0.9600, val_precision=0.8945, val_sensitivity=0.8812; val_specificity=0.9792
2026-03-29 05:50:08,209 - NEW BEST @ epoch 14: train_auc=0.9995, val_auc=0.9922, val_aupr=0.9718, val_precision=0.9262, val_sensitivity=0.8911; val_specificity=0.9858
2026-03-29 06:43:59,795 - MolecularDataset hyperparamets -> dataset=dataset1, trategy=conditional, aug train=False, aug eval=False
2026-03-29 06:44:10,462 - Test Loss: 2.5089
2026-03-29 06:44:10,462 - Test AUC: 0.8025
2026-03-29 06:44:10,462 - Test AUPR: 0.7860
2026-03-29 06:44:10,462 - Test Precision: 0.5238
2026-03-29 06:44:10,462 - Test Sensitivity (Recall): 0.0338
2026-03-29 06:44:10,462 - Test Specificity: 0.9539
2026-03-29 06:44:10,473 - ---- Start Training & Testing Fold 3 ----
2026-03-29 06:44:10,473 - experiment 1 ...
2026-03-29 06:44:10,474 - --- Executing CV with scaffold split with hyperparameters: use_struct=True, save_probs=False, seed=42 ...
2026-03-29 06:44:10,474 - Dataset path -> datasets/multi_ppimi_s4_tests_splits_with_my_train
2026-03-29 06:44:10,516 - Initialized model | excluded=None | mlp_dropout=0.3 | head_dropout=0.3 | self_attn_dropout=0.1 | join_attn_feat=ppiformer | compound_dim=128 | compound_proj_dim=128 | ppi_fuse_setting=self_attn | head_fuse=cat | proj_feat=True
2026-03-29 06:44:10,518 - Excluded modalities: []
2026-03-29 06:44:10,531 - Active modalities: ['esm', 'fegs', 'gae']
2026-03-29 06:44:37,423 - MolecularDataset hyperparamets -> dataset=dataset1, trategy=conditional, aug train=False, aug eval=False
2026-03-29 06:44:45,939 - MolecularDataset hyperparamets -> dataset=dataset1, trategy=conditional, aug train=False, aug eval=False
2026-03-29 06:44:51,035 - MolecularDataset hyperparamets -> dataset=dataset1, trategy=conditional, aug train=False, aug eval=False
2026-03-29 06:44:56,265 - ---- train loader size -> 65748, val loader size 3462 ----
2026-03-29 06:48:18,740 - NEW BEST @ epoch 1: train_auc=0.8861, val_auc=0.9474, val_aupr=0.8230, val_precision=0.6183, val_sensitivity=0.8198; val_specificity=0.8988
2026-03-29 06:51:41,044 - NEW BEST @ epoch 2: train_auc=0.9697, val_auc=0.9694, val_aupr=0.8787, val_precision=0.7424, val_sensitivity=0.7990; val_specificity=0.9445
2026-03-29 06:55:04,891 - NEW BEST @ epoch 3: train_auc=0.9841, val_auc=0.9782, val_aupr=0.9120, val_precision=0.8149, val_sensitivity=0.7938; val_specificity=0.9640
2026-03-29 06:58:27,157 - NEW BEST @ epoch 4: train_auc=0.9908, val_auc=0.9839, val_aupr=0.9352, val_precision=0.8085, val_sensitivity=0.8562; val_specificity=0.9594
2026-03-29 07:01:49,934 - NEW BEST @ epoch 5: train_auc=0.9943, val_auc=0.9869, val_aupr=0.9466, val_precision=0.8514, val_sensitivity=0.8735; val_specificity=0.9695
2026-03-29 07:05:13,060 - NEW BEST @ epoch 6: train_auc=0.9961, val_auc=0.9892, val_aupr=0.9588, val_precision=0.8957, val_sensitivity=0.8631; val_specificity=0.9799
2026-03-29 08:03:14,158 - NEW BEST @ epoch 23: train_auc=0.9997, val_auc=0.9921, val_aupr=0.9694, val_precision=0.9202, val_sensitivity=0.8995; val_specificity=0.9844
2026-03-29 08:54:56,662 - MolecularDataset hyperparamets -> dataset=dataset1, trategy=conditional, aug train=False, aug eval=False
2026-03-29 08:55:06,806 - Test Loss: 1.4098
2026-03-29 08:55:06,807 - Test AUC: 0.9054
2026-03-29 08:55:06,807 - Test AUPR: 0.8743
2026-03-29 08:55:06,807 - Test Precision: 0.9516
2026-03-29 08:55:06,807 - Test Sensitivity (Recall): 0.2757
2026-03-29 08:55:06,807 - Test Specificity: 0.9883
2026-03-29 08:55:06,816 - ---- Start Training & Testing Fold 4 ----
2026-03-29 08:55:06,816 - experiment 1 ...
2026-03-29 08:55:06,817 - --- Executing CV with scaffold split with hyperparameters: use_struct=True, save_probs=False, seed=42 ...
2026-03-29 08:55:06,817 - Dataset path -> datasets/multi_ppimi_s4_tests_splits_with_my_train
2026-03-29 08:55:06,848 - Initialized model | excluded=None | mlp_dropout=0.3 | head_dropout=0.3 | self_attn_dropout=0.1 | join_attn_feat=ppiformer | compound_dim=128 | compound_proj_dim=128 | ppi_fuse_setting=self_attn | head_fuse=cat | proj_feat=True
2026-03-29 08:55:06,850 - Excluded modalities: []
2026-03-29 08:55:06,863 - Active modalities: ['esm', 'fegs', 'gae']
2026-03-29 08:55:25,587 - MolecularDataset hyperparamets -> dataset=dataset1, trategy=conditional, aug train=False, aug eval=False
2026-03-29 08:55:33,238 - MolecularDataset hyperparamets -> dataset=dataset1, trategy=conditional, aug train=False, aug eval=False
2026-03-29 08:55:38,458 - MolecularDataset hyperparamets -> dataset=dataset1, trategy=conditional, aug train=False, aug eval=False
2026-03-29 08:55:43,687 - ---- train loader size -> 45126, val loader size 2376 ----
2026-03-29 08:58:04,401 - NEW BEST @ epoch 1: train_auc=0.8046, val_auc=0.8942, val_aupr=0.7085, val_precision=0.4814, val_sensitivity=0.7828; val_specificity=0.8313
2026-03-29 09:00:25,267 - NEW BEST @ epoch 2: train_auc=0.9307, val_auc=0.9374, val_aupr=0.7965, val_precision=0.6659, val_sensitivity=0.7197; val_specificity=0.9278
2026-03-29 09:02:45,900 - NEW BEST @ epoch 3: train_auc=0.9604, val_auc=0.9486, val_aupr=0.8360, val_precision=0.7825, val_sensitivity=0.6995; val_specificity=0.9611
2026-03-29 09:05:06,832 - NEW BEST @ epoch 4: train_auc=0.9747, val_auc=0.9645, val_aupr=0.8713, val_precision=0.7895, val_sensitivity=0.7197; val_specificity=0.9616
2026-03-29 09:07:27,128 - NEW BEST @ epoch 5: train_auc=0.9834, val_auc=0.9666, val_aupr=0.8805, val_precision=0.7967, val_sensitivity=0.7222; val_specificity=0.9631
2026-03-29 09:14:29,418 - NEW BEST @ epoch 8: train_auc=0.9940, val_auc=0.9746, val_aupr=0.9103, val_precision=0.8351, val_sensitivity=0.7929; val_specificity=0.9687
2026-03-29 09:30:55,469 - NEW BEST @ epoch 15: train_auc=0.9987, val_auc=0.9775, val_aupr=0.9219, val_precision=0.8518, val_sensitivity=0.7980; val_specificity=0.9722
2026-03-29 10:06:30,755 - MolecularDataset hyperparamets -> dataset=dataset1, trategy=conditional, aug train=False, aug eval=False
2026-03-29 10:06:52,619 - Test Loss: 0.5201
2026-03-29 10:06:52,620 - Test AUC: 0.9262
2026-03-29 10:06:52,620 - Test AUPR: 0.8746
2026-03-29 10:06:52,620 - Test Precision: 0.8750
2026-03-29 10:06:52,620 - Test Sensitivity (Recall): 0.6646
2026-03-29 10:06:52,620 - Test Specificity: 0.9307
2026-03-29 10:06:52,628 - ---- Start Training & Testing Fold 5 ----
2026-03-29 10:06:52,628 - experiment 1 ...
2026-03-29 10:06:52,629 - --- Executing CV with scaffold split with hyperparameters: use_struct=True, save_probs=False, seed=42 ...
2026-03-29 10:06:52,629 - Dataset path -> datasets/multi_ppimi_s4_tests_splits_with_my_train
2026-03-29 10:06:52,666 - Initialized model | excluded=None | mlp_dropout=0.3 | head_dropout=0.3 | self_attn_dropout=0.1 | join_attn_feat=ppiformer | compound_dim=128 | compound_proj_dim=128 | ppi_fuse_setting=self_attn | head_fuse=cat | proj_feat=True
2026-03-29 10:06:52,668 - Excluded modalities: []
2026-03-29 10:06:52,681 - Active modalities: ['esm', 'fegs', 'gae']
2026-03-29 10:07:15,659 - MolecularDataset hyperparamets -> dataset=dataset1, trategy=conditional, aug train=False, aug eval=False
2026-03-29 10:07:22,964 - MolecularDataset hyperparamets -> dataset=dataset1, trategy=conditional, aug train=False, aug eval=False
2026-03-29 10:07:28,136 - MolecularDataset hyperparamets -> dataset=dataset1, trategy=conditional, aug train=False, aug eval=False
2026-03-29 10:07:33,481 - ---- train loader size -> 53418, val loader size 2814 ----
2026-03-29 10:10:22,531 - NEW BEST @ epoch 1: train_auc=0.8789, val_auc=0.9475, val_aupr=0.8349, val_precision=0.5807, val_sensitivity=0.8742; val_specificity=0.8738
2026-03-29 10:13:11,014 - NEW BEST @ epoch 2: train_auc=0.9673, val_auc=0.9701, val_aupr=0.8892, val_precision=0.7441, val_sensitivity=0.8742; val_specificity=0.9399
2026-03-29 10:16:00,174 - NEW BEST @ epoch 3: train_auc=0.9835, val_auc=0.9779, val_aupr=0.9218, val_precision=0.8460, val_sensitivity=0.8081; val_specificity=0.9706
2026-03-29 10:18:49,432 - NEW BEST @ epoch 4: train_auc=0.9912, val_auc=0.9824, val_aupr=0.9393, val_precision=0.8525, val_sensitivity=0.8380; val_specificity=0.9710
2026-03-29 10:21:38,258 - NEW BEST @ epoch 5: train_auc=0.9940, val_auc=0.9869, val_aupr=0.9622, val_precision=0.8574, val_sensitivity=0.9104; val_specificity=0.9697
2026-03-29 10:27:15,300 - NEW BEST @ epoch 7: train_auc=0.9975, val_auc=0.9892, val_aupr=0.9715, val_precision=0.9163, val_sensitivity=0.9104; val_specificity=0.9834
2026-03-29 10:38:31,501 - NEW BEST @ epoch 11: train_auc=0.9991, val_auc=0.9933, val_aupr=0.9793, val_precision=0.9429, val_sensitivity=0.9147; val_specificity=0.9889
2026-03-29 11:21:07,324 - MolecularDataset hyperparamets -> dataset=dataset1, trategy=conditional, aug train=False, aug eval=False
2026-03-29 11:21:28,182 - Test Loss: 1.3463
2026-03-29 11:21:28,182 - Test AUC: 0.7628
2026-03-29 11:21:28,182 - Test AUPR: 0.7440
2026-03-29 11:21:28,182 - Test Precision: 0.8125
2026-03-29 11:21:28,182 - Test Sensitivity (Recall): 0.1523
2026-03-29 11:21:28,182 - Test Specificity: 0.9620
2026-03-29 11:21:28,200 - Saved/updated summary to: results/result_tables/final_results/hyperparam_search_2503.csv
2026-03-29 11:21:28,200 - [2503@j5] Running hyperparameter set 8/12 | lr=5e-05 | weight_decay=0.001 | mlp_dropout=0.3 | head_dropout=0.3 | self_attn_dropout=0.3 | compound_proj_dim=128 | ppi_fuse_setting=self_attn | head_fuse=cat | proj_feat=True
2026-03-29 11:21:28,200 - ---- Start Training & Testing Fold 1 ----
2026-03-29 11:21:28,200 - experiment 1 ...
2026-03-29 11:21:28,202 - --- Executing CV with scaffold split with hyperparameters: use_struct=True, save_probs=False, seed=42 ...
2026-03-29 11:21:28,202 - Dataset path -> datasets/multi_ppimi_s4_tests_splits_with_my_train
2026-03-29 11:21:28,244 - Initialized model | excluded=None | mlp_dropout=0.3 | head_dropout=0.3 | self_attn_dropout=0.3 | join_attn_feat=ppiformer | compound_dim=128 | compound_proj_dim=128 | ppi_fuse_setting=self_attn | head_fuse=cat | proj_feat=True
2026-03-29 11:21:28,246 - Excluded modalities: []
2026-03-29 11:21:28,259 - Active modalities: ['esm', 'fegs', 'gae']
2026-03-29 11:21:53,505 - MolecularDataset hyperparamets -> dataset=dataset1, trategy=conditional, aug train=False, aug eval=False
2026-03-29 11:22:02,124 - MolecularDataset hyperparamets -> dataset=dataset1, trategy=conditional, aug train=False, aug eval=False
2026-03-29 11:22:07,377 - MolecularDataset hyperparamets -> dataset=dataset1, trategy=conditional, aug train=False, aug eval=False
2026-03-29 11:22:12,880 - ---- train loader size -> 62190, val loader size 3276 ----
2026-03-29 11:25:26,873 - NEW BEST @ epoch 1: train_auc=0.8867, val_auc=0.9321, val_aupr=0.7754, val_precision=0.5629, val_sensitivity=0.7784; val_specificity=0.8791
2026-03-29 11:28:41,718 - NEW BEST @ epoch 2: train_auc=0.9664, val_auc=0.9659, val_aupr=0.8666, val_precision=0.7581, val_sensitivity=0.7692; val_specificity=0.9509
2026-03-29 11:31:56,372 - NEW BEST @ epoch 3: train_auc=0.9845, val_auc=0.9790, val_aupr=0.9132, val_precision=0.8497, val_sensitivity=0.7766; val_specificity=0.9725
2026-03-29 11:38:24,509 - NEW BEST @ epoch 5: train_auc=0.9943, val_auc=0.9877, val_aupr=0.9462, val_precision=0.8904, val_sensitivity=0.8480; val_specificity=0.9791
2026-03-29 11:51:19,437 - NEW BEST @ epoch 9: train_auc=0.9982, val_auc=0.9905, val_aupr=0.9588, val_precision=0.8971, val_sensitivity=0.8938; val_specificity=0.9795
2026-03-29 12:43:40,450 - MolecularDataset hyperparamets -> dataset=dataset1, trategy=conditional, aug train=False, aug eval=False
2026-03-29 12:43:52,100 - Test Loss: 0.9304
2026-03-29 12:43:52,100 - Test AUC: 0.9469
2026-03-29 12:43:52,100 - Test AUPR: 0.9290
2026-03-29 12:43:52,100 - Test Precision: 1.0000
2026-03-29 12:43:52,100 - Test Sensitivity (Recall): 0.0539
2026-03-29 12:43:52,100 - Test Specificity: 1.0000
2026-03-29 12:43:52,110 - ---- Start Training & Testing Fold 2 ----
2026-03-29 12:43:52,110 - experiment 1 ...
2026-03-29 12:43:52,112 - --- Executing CV with scaffold split with hyperparameters: use_struct=True, save_probs=False, seed=42 ...
2026-03-29 12:43:52,112 - Dataset path -> datasets/multi_ppimi_s4_tests_splits_with_my_train
2026-03-29 12:43:52,158 - Initialized model | excluded=None | mlp_dropout=0.3 | head_dropout=0.3 | self_attn_dropout=0.3 | join_attn_feat=ppiformer | compound_dim=128 | compound_proj_dim=128 | ppi_fuse_setting=self_attn | head_fuse=cat | proj_feat=True
2026-03-29 12:43:52,159 - Excluded modalities: []
2026-03-29 12:43:52,172 - Active modalities: ['esm', 'fegs', 'gae']
2026-03-29 12:44:20,658 - MolecularDataset hyperparamets -> dataset=dataset1, trategy=conditional, aug train=False, aug eval=False
2026-03-29 12:44:29,568 - MolecularDataset hyperparamets -> dataset=dataset1, trategy=conditional, aug train=False, aug eval=False
2026-03-29 12:44:34,807 - MolecularDataset hyperparamets -> dataset=dataset1, trategy=conditional, aug train=False, aug eval=False
2026-03-29 12:44:40,091 - ---- train loader size -> 68988, val loader size 3636 ----
2026-03-29 12:48:15,213 - NEW BEST @ epoch 1: train_auc=0.8916, val_auc=0.9514, val_aupr=0.8315, val_precision=0.6354, val_sensitivity=0.8284; val_specificity=0.9050
2026-03-29 12:51:50,887 - NEW BEST @ epoch 2: train_auc=0.9746, val_auc=0.9666, val_aupr=0.8735, val_precision=0.7429, val_sensitivity=0.8152; val_specificity=0.9436
2026-03-29 12:55:26,548 - NEW BEST @ epoch 3: train_auc=0.9885, val_auc=0.9772, val_aupr=0.9118, val_precision=0.8479, val_sensitivity=0.7822; val_specificity=0.9719
2026-03-29 12:59:02,344 - NEW BEST @ epoch 4: train_auc=0.9935, val_auc=0.9793, val_aupr=0.9242, val_precision=0.8423, val_sensitivity=0.8284; val_specificity=0.9690
2026-03-29 13:02:37,951 - NEW BEST @ epoch 5: train_auc=0.9960, val_auc=0.9850, val_aupr=0.9419, val_precision=0.8513, val_sensitivity=0.8597; val_specificity=0.9700
2026-03-29 13:09:48,992 - NEW BEST @ epoch 7: train_auc=0.9978, val_auc=0.9882, val_aupr=0.9555, val_precision=0.8843, val_sensitivity=0.8828; val_specificity=0.9769
2026-03-29 13:17:01,211 - NEW BEST @ epoch 9: train_auc=0.9986, val_auc=0.9908, val_aupr=0.9615, val_precision=0.8998, val_sensitivity=0.8746; val_specificity=0.9805
2026-03-29 14:15:04,355 - MolecularDataset hyperparamets -> dataset=dataset1, trategy=conditional, aug train=False, aug eval=False
2026-03-29 14:15:15,124 - Test Loss: 1.4011
2026-03-29 14:15:15,124 - Test AUC: 0.8733
2026-03-29 14:15:15,124 - Test AUPR: 0.8193
2026-03-29 14:15:15,124 - Test Precision: 0.4348
2026-03-29 14:15:15,124 - Test Sensitivity (Recall): 0.0308
2026-03-29 14:15:15,124 - Test Specificity: 0.9401
2026-03-29 14:15:15,134 - ---- Start Training & Testing Fold 3 ----
2026-03-29 14:15:15,134 - experiment 1 ...
2026-03-29 14:15:15,136 - --- Executing CV with scaffold split with hyperparameters: use_struct=True, save_probs=False, seed=42 ...
2026-03-29 14:15:15,136 - Dataset path -> datasets/multi_ppimi_s4_tests_splits_with_my_train
2026-03-29 14:15:15,181 - Initialized model | excluded=None | mlp_dropout=0.3 | head_dropout=0.3 | self_attn_dropout=0.3 | join_attn_feat=ppiformer | compound_dim=128 | compound_proj_dim=128 | ppi_fuse_setting=self_attn | head_fuse=cat | proj_feat=True
2026-03-29 14:15:15,183 - Excluded modalities: []
2026-03-29 14:15:15,196 - Active modalities: ['esm', 'fegs', 'gae']
2026-03-29 14:15:42,159 - MolecularDataset hyperparamets -> dataset=dataset1, trategy=conditional, aug train=False, aug eval=False
2026-03-29 14:15:50,836 - MolecularDataset hyperparamets -> dataset=dataset1, trategy=conditional, aug train=False, aug eval=False
2026-03-29 14:15:56,114 - MolecularDataset hyperparamets -> dataset=dataset1, trategy=conditional, aug train=False, aug eval=False
2026-03-29 14:16:01,574 - ---- train loader size -> 65748, val loader size 3462 ----
2026-03-29 14:19:26,600 - NEW BEST @ epoch 1: train_auc=0.8857, val_auc=0.9488, val_aupr=0.8270, val_precision=0.6039, val_sensitivity=0.8059; val_specificity=0.8943
2026-03-29 14:22:51,665 - NEW BEST @ epoch 2: train_auc=0.9694, val_auc=0.9702, val_aupr=0.8820, val_precision=0.7358, val_sensitivity=0.8059; val_specificity=0.9421
2026-03-29 14:26:17,816 - NEW BEST @ epoch 3: train_auc=0.9842, val_auc=0.9779, val_aupr=0.9119, val_precision=0.7841, val_sensitivity=0.8059; val_specificity=0.9556
2026-03-29 14:29:42,984 - NEW BEST @ epoch 4: train_auc=0.9913, val_auc=0.9849, val_aupr=0.9379, val_precision=0.8298, val_sensitivity=0.8700; val_specificity=0.9643
2026-03-29 14:33:08,446 - NEW BEST @ epoch 5: train_auc=0.9946, val_auc=0.9886, val_aupr=0.9524, val_precision=0.8507, val_sensitivity=0.8787; val_specificity=0.9692
2026-03-29 14:39:58,365 - NEW BEST @ epoch 7: train_auc=0.9974, val_auc=0.9906, val_aupr=0.9612, val_precision=0.8834, val_sensitivity=0.8666; val_specificity=0.9771
2026-03-29 15:42:05,654 - MolecularDataset hyperparamets -> dataset=dataset1, trategy=conditional, aug train=False, aug eval=False
2026-03-29 15:42:15,742 - Test Loss: 0.6623
2026-03-29 15:42:15,742 - Test AUC: 0.9187
2026-03-29 15:42:15,742 - Test AUPR: 0.8691
2026-03-29 15:42:15,742 - Test Precision: 0.9067
2026-03-29 15:42:15,742 - Test Sensitivity (Recall): 0.3178
2026-03-29 15:42:15,742 - Test Specificity: 0.9728
2026-03-29 15:42:15,752 - ---- Start Training & Testing Fold 4 ----
2026-03-29 15:42:15,752 - experiment 1 ...
2026-03-29 15:42:15,755 - --- Executing CV with scaffold split with hyperparameters: use_struct=True, save_probs=False, seed=42 ...
2026-03-29 15:42:15,755 - Dataset path -> datasets/multi_ppimi_s4_tests_splits_with_my_train
2026-03-29 15:42:15,785 - Initialized model | excluded=None | mlp_dropout=0.3 | head_dropout=0.3 | self_attn_dropout=0.3 | join_attn_feat=ppiformer | compound_dim=128 | compound_proj_dim=128 | ppi_fuse_setting=self_attn | head_fuse=cat | proj_feat=True
2026-03-29 15:42:15,787 - Excluded modalities: []
2026-03-29 15:42:15,799 - Active modalities: ['esm', 'fegs', 'gae']
2026-03-29 15:42:34,143 - MolecularDataset hyperparamets -> dataset=dataset1, trategy=conditional, aug train=False, aug eval=False
2026-03-29 15:42:41,756 - MolecularDataset hyperparamets -> dataset=dataset1, trategy=conditional, aug train=False, aug eval=False
2026-03-29 15:42:46,935 - MolecularDataset hyperparamets -> dataset=dataset1, trategy=conditional, aug train=False, aug eval=False
2026-03-29 15:42:52,110 - ---- train loader size -> 45126, val loader size 2376 ----
2026-03-29 15:45:12,673 - NEW BEST @ epoch 1: train_auc=0.8031, val_auc=0.8912, val_aupr=0.7003, val_precision=0.4821, val_sensitivity=0.7828; val_specificity=0.8318
2026-03-29 15:47:33,780 - NEW BEST @ epoch 2: train_auc=0.9308, val_auc=0.9359, val_aupr=0.7903, val_precision=0.6628, val_sensitivity=0.7146; val_specificity=0.9273
2026-03-29 15:49:55,606 - NEW BEST @ epoch 3: train_auc=0.9597, val_auc=0.9496, val_aupr=0.8338, val_precision=0.7588, val_sensitivity=0.7071; val_specificity=0.9551
2026-03-29 15:52:17,084 - NEW BEST @ epoch 4: train_auc=0.9741, val_auc=0.9629, val_aupr=0.8680, val_precision=0.7842, val_sensitivity=0.7247; val_specificity=0.9601
2026-03-29 15:54:38,631 - NEW BEST @ epoch 5: train_auc=0.9831, val_auc=0.9678, val_aupr=0.8824, val_precision=0.8276, val_sensitivity=0.7273; val_specificity=0.9697
2026-03-29 16:01:41,552 - NEW BEST @ epoch 8: train_auc=0.9938, val_auc=0.9751, val_aupr=0.9096, val_precision=0.8257, val_sensitivity=0.7778; val_specificity=0.9672
2026-03-29 16:18:05,984 - NEW BEST @ epoch 15: train_auc=0.9987, val_auc=0.9774, val_aupr=0.9217, val_precision=0.8518, val_sensitivity=0.7980; val_specificity=0.9722
2026-03-29 16:53:38,465 - MolecularDataset hyperparamets -> dataset=dataset1, trategy=conditional, aug train=False, aug eval=False
2026-03-29 16:54:00,226 - Test Loss: 0.6557
2026-03-29 16:54:00,226 - Test AUC: 0.9029
2026-03-29 16:54:00,226 - Test AUPR: 0.8609
2026-03-29 16:54:00,226 - Test Precision: 0.8756
2026-03-29 16:54:00,226 - Test Sensitivity (Recall): 0.6034
2026-03-29 16:54:00,226 - Test Specificity: 0.9374
2026-03-29 16:54:00,235 - ---- Start Training & Testing Fold 5 ----
2026-03-29 16:54:00,235 - experiment 1 ...
2026-03-29 16:54:00,236 - --- Executing CV with scaffold split with hyperparameters: use_struct=True, save_probs=False, seed=42 ...
2026-03-29 16:54:00,236 - Dataset path -> datasets/multi_ppimi_s4_tests_splits_with_my_train
2026-03-29 16:54:00,274 - Initialized model | excluded=None | mlp_dropout=0.3 | head_dropout=0.3 | self_attn_dropout=0.3 | join_attn_feat=ppiformer | compound_dim=128 | compound_proj_dim=128 | ppi_fuse_setting=self_attn | head_fuse=cat | proj_feat=True
2026-03-29 16:54:00,275 - Excluded modalities: []
2026-03-29 16:54:00,288 - Active modalities: ['esm', 'fegs', 'gae']
2026-03-29 16:54:23,200 - MolecularDataset hyperparamets -> dataset=dataset1, trategy=conditional, aug train=False, aug eval=False
2026-03-29 16:54:30,461 - MolecularDataset hyperparamets -> dataset=dataset1, trategy=conditional, aug train=False, aug eval=False
2026-03-29 16:54:35,430 - MolecularDataset hyperparamets -> dataset=dataset1, trategy=conditional, aug train=False, aug eval=False
2026-03-29 16:54:40,330 - ---- train loader size -> 53418, val loader size 2814 ----
2026-03-29 16:57:27,504 - NEW BEST @ epoch 1: train_auc=0.8780, val_auc=0.9469, val_aupr=0.8375, val_precision=0.5892, val_sensitivity=0.8593; val_specificity=0.8802
2026-03-29 17:00:13,588 - NEW BEST @ epoch 2: train_auc=0.9670, val_auc=0.9696, val_aupr=0.8872, val_precision=0.7355, val_sensitivity=0.8657; val_specificity=0.9377
2026-03-29 17:03:00,879 - NEW BEST @ epoch 3: train_auc=0.9838, val_auc=0.9789, val_aupr=0.9273, val_precision=0.8337, val_sensitivity=0.8337; val_specificity=0.9667
2026-03-29 17:05:47,994 - NEW BEST @ epoch 4: train_auc=0.9914, val_auc=0.9829, val_aupr=0.9460, val_precision=0.8643, val_sensitivity=0.8422; val_specificity=0.9736
2026-03-29 17:08:34,302 - NEW BEST @ epoch 5: train_auc=0.9942, val_auc=0.9877, val_aupr=0.9646, val_precision=0.8717, val_sensitivity=0.9275; val_specificity=0.9727
2026-03-29 17:14:07,662 - NEW BEST @ epoch 7: train_auc=0.9977, val_auc=0.9905, val_aupr=0.9728, val_precision=0.9186, val_sensitivity=0.9147; val_specificity=0.9838
2026-03-29 17:19:40,558 - NEW BEST @ epoch 9: train_auc=0.9986, val_auc=0.9931, val_aupr=0.9783, val_precision=0.9221, val_sensitivity=0.9339; val_specificity=0.9842
2026-03-29 18:04:31,927 - MolecularDataset hyperparamets -> dataset=dataset1, trategy=conditional, aug train=False, aug eval=False
2026-03-29 18:04:52,479 - Test Loss: 0.8151
2026-03-29 18:04:52,479 - Test AUC: 0.8324
2026-03-29 18:04:52,479 - Test AUPR: 0.8104
2026-03-29 18:04:52,479 - Test Precision: 0.8253
2026-03-29 18:04:52,479 - Test Sensitivity (Recall): 0.2891
2026-03-29 18:04:52,479 - Test Specificity: 0.9339
2026-03-29 18:04:52,500 - Saved/updated summary to: results/result_tables/final_results/hyperparam_search_2503.csv
2026-03-29 18:04:52,500 - [2503@j5] Running hyperparameter set 9/12 | lr=5e-05 | weight_decay=0.0001 | mlp_dropout=0.3 | head_dropout=0.3 | self_attn_dropout=0.1 | compound_proj_dim=128 | ppi_fuse_setting=self_attn | head_fuse=cat | proj_feat=True
2026-03-29 18:04:52,500 - ---- Start Training & Testing Fold 1 ----
2026-03-29 18:04:52,500 - experiment 1 ...
2026-03-29 18:04:52,500 - --- Executing CV with scaffold split with hyperparameters: use_struct=True, save_probs=False, seed=42 ...
2026-03-29 18:04:52,501 - Dataset path -> datasets/multi_ppimi_s4_tests_splits_with_my_train
2026-03-29 18:04:52,540 - Initialized model | excluded=None | mlp_dropout=0.3 | head_dropout=0.3 | self_attn_dropout=0.1 | join_attn_feat=ppiformer | compound_dim=128 | compound_proj_dim=128 | ppi_fuse_setting=self_attn | head_fuse=cat | proj_feat=True
2026-03-29 18:04:52,542 - Excluded modalities: []
2026-03-29 18:04:52,555 - Active modalities: ['esm', 'fegs', 'gae']
2026-03-29 18:05:18,283 - MolecularDataset hyperparamets -> dataset=dataset1, trategy=conditional, aug train=False, aug eval=False
2026-03-29 18:05:26,789 - MolecularDataset hyperparamets -> dataset=dataset1, trategy=conditional, aug train=False, aug eval=False
2026-03-29 18:05:31,855 - MolecularDataset hyperparamets -> dataset=dataset1, trategy=conditional, aug train=False, aug eval=False
2026-03-29 18:05:36,909 - ---- train loader size -> 62190, val loader size 3276 ----
2026-03-29 18:08:49,175 - NEW BEST @ epoch 1: train_auc=0.8883, val_auc=0.9361, val_aupr=0.7874, val_precision=0.5802, val_sensitivity=0.7821; val_specificity=0.8868
2026-03-29 18:12:02,011 - NEW BEST @ epoch 2: train_auc=0.9674, val_auc=0.9651, val_aupr=0.8653, val_precision=0.7464, val_sensitivity=0.7601; val_specificity=0.9484
2026-03-29 18:15:15,158 - NEW BEST @ epoch 3: train_auc=0.9842, val_auc=0.9790, val_aupr=0.9128, val_precision=0.8506, val_sensitivity=0.7821; val_specificity=0.9725
2026-03-29 18:18:27,465 - NEW BEST @ epoch 4: train_auc=0.9907, val_auc=0.9816, val_aupr=0.9224, val_precision=0.8358, val_sensitivity=0.8205; val_specificity=0.9678
2026-03-29 18:21:39,446 - NEW BEST @ epoch 5: train_auc=0.9941, val_auc=0.9872, val_aupr=0.9449, val_precision=0.8973, val_sensitivity=0.8480; val_specificity=0.9806
2026-03-29 18:28:04,709 - NEW BEST @ epoch 7: train_auc=0.9967, val_auc=0.9896, val_aupr=0.9534, val_precision=0.8750, val_sensitivity=0.8846; val_specificity=0.9747
2026-03-29 19:26:20,781 - MolecularDataset hyperparamets -> dataset=dataset1, trategy=conditional, aug train=False, aug eval=False
2026-03-29 19:26:32,860 - Test Loss: 1.1215
2026-03-29 19:26:32,860 - Test AUC: 0.8667
2026-03-29 19:26:32,860 - Test AUPR: 0.7217
2026-03-29 19:26:32,860 - Test Precision: 0.2500
2026-03-29 19:26:32,860 - Test Sensitivity (Recall): 0.0034
2026-03-29 19:26:32,860 - Test Specificity: 0.9906
2026-03-29 19:26:32,871 - ---- Start Training & Testing Fold 2 ----
2026-03-29 19:26:32,871 - experiment 1 ...
2026-03-29 19:26:32,874 - --- Executing CV with scaffold split with hyperparameters: use_struct=True, save_probs=False, seed=42 ...
2026-03-29 19:26:32,874 - Dataset path -> datasets/multi_ppimi_s4_tests_splits_with_my_train
2026-03-29 19:26:32,920 - Initialized model | excluded=None | mlp_dropout=0.3 | head_dropout=0.3 | self_attn_dropout=0.1 | join_attn_feat=ppiformer | compound_dim=128 | compound_proj_dim=128 | ppi_fuse_setting=self_attn | head_fuse=cat | proj_feat=True
2026-03-29 19:26:32,922 - Excluded modalities: []
2026-03-29 19:26:32,934 - Active modalities: ['esm', 'fegs', 'gae']
2026-03-29 19:27:01,365 - MolecularDataset hyperparamets -> dataset=dataset1, trategy=conditional, aug train=False, aug eval=False
2026-03-29 19:27:10,228 - MolecularDataset hyperparamets -> dataset=dataset1, trategy=conditional, aug train=False, aug eval=False
2026-03-29 19:27:15,245 - MolecularDataset hyperparamets -> dataset=dataset1, trategy=conditional, aug train=False, aug eval=False
2026-03-29 19:27:20,536 - ---- train loader size -> 68988, val loader size 3636 ----
2026-03-29 19:30:54,187 - NEW BEST @ epoch 1: train_auc=0.8958, val_auc=0.9533, val_aupr=0.8407, val_precision=0.6403, val_sensitivity=0.8548; val_specificity=0.9040
2026-03-29 19:34:26,978 - NEW BEST @ epoch 2: train_auc=0.9751, val_auc=0.9675, val_aupr=0.8783, val_precision=0.7186, val_sensitivity=0.8300; val_specificity=0.9350
2026-03-29 19:38:00,273 - NEW BEST @ epoch 3: train_auc=0.9883, val_auc=0.9771, val_aupr=0.9131, val_precision=0.8471, val_sensitivity=0.7772; val_specificity=0.9719
2026-03-29 19:41:33,764 - NEW BEST @ epoch 4: train_auc=0.9937, val_auc=0.9819, val_aupr=0.9327, val_precision=0.8542, val_sensitivity=0.8317; val_specificity=0.9716
2026-03-29 19:45:06,360 - NEW BEST @ epoch 5: train_auc=0.9960, val_auc=0.9873, val_aupr=0.9462, val_precision=0.8569, val_sensitivity=0.8597; val_specificity=0.9713
2026-03-29 19:55:46,158 - NEW BEST @ epoch 8: train_auc=0.9987, val_auc=0.9899, val_aupr=0.9596, val_precision=0.8885, val_sensitivity=0.8944; val_specificity=0.9776
2026-03-29 20:56:43,242 - MolecularDataset hyperparamets -> dataset=dataset1, trategy=conditional, aug train=False, aug eval=False
2026-03-29 20:56:53,939 - Test Loss: 1.4901
2026-03-29 20:56:53,939 - Test AUC: 0.8864
2026-03-29 20:56:53,939 - Test AUPR: 0.8405
2026-03-29 20:56:53,939 - Test Precision: 0.6250
2026-03-29 20:56:53,939 - Test Sensitivity (Recall): 0.0308
2026-03-29 20:56:53,939 - Test Specificity: 0.9724
2026-03-29 20:56:53,951 - ---- Start Training & Testing Fold 3 ----
2026-03-29 20:56:53,951 - experiment 1 ...
2026-03-29 20:56:53,953 - --- Executing CV with scaffold split with hyperparameters: use_struct=True, save_probs=False, seed=42 ...
2026-03-29 20:56:53,953 - Dataset path -> datasets/multi_ppimi_s4_tests_splits_with_my_train
2026-03-29 20:56:53,999 - Initialized model | excluded=None | mlp_dropout=0.3 | head_dropout=0.3 | self_attn_dropout=0.1 | join_attn_feat=ppiformer | compound_dim=128 | compound_proj_dim=128 | ppi_fuse_setting=self_attn | head_fuse=cat | proj_feat=True
2026-03-29 20:56:54,001 - Excluded modalities: []
2026-03-29 20:56:54,014 - Active modalities: ['esm', 'fegs', 'gae']
2026-03-29 20:57:20,959 - MolecularDataset hyperparamets -> dataset=dataset1, trategy=conditional, aug train=False, aug eval=False
2026-03-29 20:57:29,602 - MolecularDataset hyperparamets -> dataset=dataset1, trategy=conditional, aug train=False, aug eval=False
2026-03-29 20:57:34,710 - MolecularDataset hyperparamets -> dataset=dataset1, trategy=conditional, aug train=False, aug eval=False
2026-03-29 20:57:39,779 - ---- train loader size -> 65748, val loader size 3462 ----
2026-03-29 21:01:02,776 - NEW BEST @ epoch 1: train_auc=0.8858, val_auc=0.9470, val_aupr=0.8214, val_precision=0.6180, val_sensitivity=0.8076; val_specificity=0.9002
2026-03-29 21:04:24,649 - NEW BEST @ epoch 2: train_auc=0.9696, val_auc=0.9705, val_aupr=0.8827, val_precision=0.7435, val_sensitivity=0.7990; val_specificity=0.9449
2026-03-29 21:07:48,235 - NEW BEST @ epoch 3: train_auc=0.9842, val_auc=0.9784, val_aupr=0.9131, val_precision=0.7963, val_sensitivity=0.8128; val_specificity=0.9584
2026-03-29 21:11:13,113 - NEW BEST @ epoch 4: train_auc=0.9912, val_auc=0.9834, val_aupr=0.9341, val_precision=0.8260, val_sensitivity=0.8475; val_specificity=0.9643
2026-03-29 21:14:37,155 - NEW BEST @ epoch 5: train_auc=0.9945, val_auc=0.9877, val_aupr=0.9501, val_precision=0.8459, val_sensitivity=0.8752; val_specificity=0.9681
2026-03-29 21:18:00,640 - NEW BEST @ epoch 6: train_auc=0.9961, val_auc=0.9898, val_aupr=0.9599, val_precision=0.8998, val_sensitivity=0.8562; val_specificity=0.9809
2026-03-29 21:45:08,513 - NEW BEST @ epoch 14: train_auc=0.9994, val_auc=0.9920, val_aupr=0.9688, val_precision=0.8883, val_sensitivity=0.8960; val_specificity=0.9775
2026-03-29 22:36:57,525 - MolecularDataset hyperparamets -> dataset=dataset1, trategy=conditional, aug train=False, aug eval=False
2026-03-29 22:37:07,904 - Test Loss: 1.8791
2026-03-29 22:37:07,904 - Test AUC: 0.7606
2026-03-29 22:37:07,904 - Test AUPR: 0.7668
2026-03-29 22:37:07,904 - Test Precision: 0.9423
2026-03-29 22:37:07,904 - Test Sensitivity (Recall): 0.2290
2026-03-29 22:37:07,904 - Test Specificity: 0.9883
2026-03-29 22:37:07,914 - ---- Start Training & Testing Fold 4 ----
2026-03-29 22:37:07,914 - experiment 1 ...
2026-03-29 22:37:07,915 - --- Executing CV with scaffold split with hyperparameters: use_struct=True, save_probs=False, seed=42 ...
2026-03-29 22:37:07,915 - Dataset path -> datasets/multi_ppimi_s4_tests_splits_with_my_train
2026-03-29 22:37:07,947 - Initialized model | excluded=None | mlp_dropout=0.3 | head_dropout=0.3 | self_attn_dropout=0.1 | join_attn_feat=ppiformer | compound_dim=128 | compound_proj_dim=128 | ppi_fuse_setting=self_attn | head_fuse=cat | proj_feat=True
2026-03-29 22:37:07,949 - Excluded modalities: []
2026-03-29 22:37:07,962 - Active modalities: ['esm', 'fegs', 'gae']
2026-03-29 22:37:26,367 - MolecularDataset hyperparamets -> dataset=dataset1, trategy=conditional, aug train=False, aug eval=False
2026-03-29 22:37:34,083 - MolecularDataset hyperparamets -> dataset=dataset1, trategy=conditional, aug train=False, aug eval=False
2026-03-29 22:37:39,349 - MolecularDataset hyperparamets -> dataset=dataset1, trategy=conditional, aug train=False, aug eval=False
2026-03-29 22:37:44,945 - ---- train loader size -> 45126, val loader size 2376 ----
2026-03-29 22:40:05,804 - NEW BEST @ epoch 1: train_auc=0.8043, val_auc=0.8932, val_aupr=0.7029, val_precision=0.4784, val_sensitivity=0.7828; val_specificity=0.8293
2026-03-29 22:42:26,551 - NEW BEST @ epoch 2: train_auc=0.9305, val_auc=0.9371, val_aupr=0.7936, val_precision=0.6805, val_sensitivity=0.7045; val_specificity=0.9338
2026-03-29 22:44:47,155 - NEW BEST @ epoch 3: train_auc=0.9604, val_auc=0.9488, val_aupr=0.8356, val_precision=0.7781, val_sensitivity=0.6995; val_specificity=0.9601
2026-03-29 22:47:07,389 - NEW BEST @ epoch 4: train_auc=0.9747, val_auc=0.9659, val_aupr=0.8749, val_precision=0.8111, val_sensitivity=0.7374; val_specificity=0.9657
2026-03-29 22:56:27,755 - NEW BEST @ epoch 8: train_auc=0.9939, val_auc=0.9740, val_aupr=0.9065, val_precision=0.8370, val_sensitivity=0.7778; val_specificity=0.9697
2026-03-29 23:12:51,282 - NEW BEST @ epoch 15: train_auc=0.9986, val_auc=0.9763, val_aupr=0.9159, val_precision=0.8428, val_sensitivity=0.7854; val_specificity=0.9707
2026-03-29 23:48:18,825 - MolecularDataset hyperparamets -> dataset=dataset1, trategy=conditional, aug train=False, aug eval=False
2026-03-29 23:48:40,554 - Test Loss: 0.5567
2026-03-29 23:48:40,554 - Test AUC: 0.9251
2026-03-29 23:48:40,554 - Test AUPR: 0.8839
2026-03-29 23:48:40,554 - Test Precision: 0.8845
2026-03-29 23:48:40,554 - Test Sensitivity (Recall): 0.6217
2026-03-29 23:48:40,554 - Test Specificity: 0.9408
2026-03-29 23:48:40,565 - ---- Start Training & Testing Fold 5 ----
2026-03-29 23:48:40,565 - experiment 1 ...
2026-03-29 23:48:40,566 - --- Executing CV with scaffold split with hyperparameters: use_struct=True, save_probs=False, seed=42 ...
2026-03-29 23:48:40,566 - Dataset path -> datasets/multi_ppimi_s4_tests_splits_with_my_train
2026-03-29 23:48:40,603 - Initialized model | excluded=None | mlp_dropout=0.3 | head_dropout=0.3 | self_attn_dropout=0.1 | join_attn_feat=ppiformer | compound_dim=128 | compound_proj_dim=128 | ppi_fuse_setting=self_attn | head_fuse=cat | proj_feat=True
2026-03-29 23:48:40,605 - Excluded modalities: []
2026-03-29 23:48:40,618 - Active modalities: ['esm', 'fegs', 'gae']
2026-03-29 23:49:04,006 - MolecularDataset hyperparamets -> dataset=dataset1, trategy=conditional, aug train=False, aug eval=False
2026-03-29 23:49:11,170 - MolecularDataset hyperparamets -> dataset=dataset1, trategy=conditional, aug train=False, aug eval=False
2026-03-29 23:49:16,338 - MolecularDataset hyperparamets -> dataset=dataset1, trategy=conditional, aug train=False, aug eval=False
2026-03-29 23:49:21,433 - ---- train loader size -> 53418, val loader size 2814 ----
2026-03-29 23:52:10,413 - NEW BEST @ epoch 1: train_auc=0.8794, val_auc=0.9468, val_aupr=0.8329, val_precision=0.5845, val_sensitivity=0.8849; val_specificity=0.8742
2026-03-29 23:54:58,956 - NEW BEST @ epoch 2: train_auc=0.9670, val_auc=0.9696, val_aupr=0.8885, val_precision=0.7436, val_sensitivity=0.8657; val_specificity=0.9403
2026-03-29 23:57:47,157 - NEW BEST @ epoch 3: train_auc=0.9836, val_auc=0.9782, val_aupr=0.9235, val_precision=0.8512, val_sensitivity=0.8294; val_specificity=0.9710
2026-03-30 00:00:36,034 - NEW BEST @ epoch 4: train_auc=0.9913, val_auc=0.9823, val_aupr=0.9422, val_precision=0.8603, val_sensitivity=0.8401; val_specificity=0.9727
2026-03-30 00:03:24,312 - NEW BEST @ epoch 5: train_auc=0.9942, val_auc=0.9876, val_aupr=0.9610, val_precision=0.8451, val_sensitivity=0.9190; val_specificity=0.9663
2026-03-30 00:08:58,629 - NEW BEST @ epoch 7: train_auc=0.9974, val_auc=0.9904, val_aupr=0.9755, val_precision=0.9326, val_sensitivity=0.9147; val_specificity=0.9868
2026-03-30 00:20:07,920 - NEW BEST @ epoch 11: train_auc=0.9993, val_auc=0.9924, val_aupr=0.9785, val_precision=0.9533, val_sensitivity=0.9147; val_specificity=0.9910
2026-03-30 01:02:27,786 - MolecularDataset hyperparamets -> dataset=dataset1, trategy=conditional, aug train=False, aug eval=False
2026-03-30 01:02:48,609 - Test Loss: 1.1923
2026-03-30 01:02:48,610 - Test AUC: 0.7769
2026-03-30 01:02:48,610 - Test AUPR: 0.7632
2026-03-30 01:02:48,610 - Test Precision: 0.8122
2026-03-30 01:02:48,610 - Test Sensitivity (Recall): 0.1914
2026-03-30 01:02:48,610 - Test Specificity: 0.9522
2026-03-30 01:02:48,631 - Saved/updated summary to: results/result_tables/final_results/hyperparam_search_2503.csv
2026-03-30 01:02:48,632 - [2503@j5] Running hyperparameter set 10/12 | lr=5e-05 | weight_decay=0.0001 | mlp_dropout=0.3 | head_dropout=0.3 | self_attn_dropout=0.3 | compound_proj_dim=128 | ppi_fuse_setting=self_attn | head_fuse=cat | proj_feat=True
2026-03-30 01:02:48,632 - ---- Start Training & Testing Fold 1 ----
2026-03-30 01:02:48,632 - experiment 1 ...
2026-03-30 01:02:48,634 - --- Executing CV with scaffold split with hyperparameters: use_struct=True, save_probs=False, seed=42 ...
2026-03-30 01:02:48,634 - Dataset path -> datasets/multi_ppimi_s4_tests_splits_with_my_train
2026-03-30 01:02:48,674 - Initialized model | excluded=None | mlp_dropout=0.3 | head_dropout=0.3 | self_attn_dropout=0.3 | join_attn_feat=ppiformer | compound_dim=128 | compound_proj_dim=128 | ppi_fuse_setting=self_attn | head_fuse=cat | proj_feat=True
2026-03-30 01:02:48,676 - Excluded modalities: []
2026-03-30 01:02:48,689 - Active modalities: ['esm', 'fegs', 'gae']
2026-03-30 01:03:14,118 - MolecularDataset hyperparamets -> dataset=dataset1, trategy=conditional, aug train=False, aug eval=False
2026-03-30 01:03:22,977 - MolecularDataset hyperparamets -> dataset=dataset1, trategy=conditional, aug train=False, aug eval=False
2026-03-30 01:03:29,989 - MolecularDataset hyperparamets -> dataset=dataset1, trategy=conditional, aug train=False, aug eval=False
2026-03-30 01:03:39,109 - ---- train loader size -> 62190, val loader size 3276 ----
2026-03-30 01:06:54,424 - NEW BEST @ epoch 1: train_auc=0.8867, val_auc=0.9330, val_aupr=0.7781, val_precision=0.5632, val_sensitivity=0.7839; val_specificity=0.8784
2026-03-30 01:10:08,074 - NEW BEST @ epoch 2: train_auc=0.9669, val_auc=0.9656, val_aupr=0.8634, val_precision=0.7554, val_sensitivity=0.7637; val_specificity=0.9505
2026-03-30 01:13:21,756 - NEW BEST @ epoch 3: train_auc=0.9849, val_auc=0.9781, val_aupr=0.9096, val_precision=0.8383, val_sensitivity=0.7692; val_specificity=0.9703
2026-03-30 01:16:34,626 - NEW BEST @ epoch 4: train_auc=0.9906, val_auc=0.9804, val_aupr=0.9173, val_precision=0.8382, val_sensitivity=0.7967; val_specificity=0.9692
2026-03-30 01:19:47,279 - NEW BEST @ epoch 5: train_auc=0.9941, val_auc=0.9875, val_aupr=0.9446, val_precision=0.8773, val_sensitivity=0.8645; val_specificity=0.9758
2026-03-30 01:32:40,058 - NEW BEST @ epoch 9: train_auc=0.9981, val_auc=0.9901, val_aupr=0.9563, val_precision=0.9043, val_sensitivity=0.8828; val_specificity=0.9813
2026-03-30 02:25:05,555 - MolecularDataset hyperparamets -> dataset=dataset1, trategy=conditional, aug train=False, aug eval=False
2026-03-30 02:25:17,131 - Test Loss: 0.8950
2026-03-30 02:25:17,131 - Test AUC: 0.9034
2026-03-30 02:25:17,131 - Test AUPR: 0.8029
2026-03-30 02:25:17,131 - Test Precision: 0.7083
2026-03-30 02:25:17,131 - Test Sensitivity (Recall): 0.0572
2026-03-30 02:25:17,131 - Test Specificity: 0.9780
2026-03-30 02:25:17,141 - ---- Start Training & Testing Fold 2 ----
2026-03-30 02:25:17,141 - experiment 1 ...
2026-03-30 02:25:17,142 - --- Executing CV with scaffold split with hyperparameters: use_struct=True, save_probs=False, seed=42 ...
2026-03-30 02:25:17,142 - Dataset path -> datasets/multi_ppimi_s4_tests_splits_with_my_train
2026-03-30 02:25:17,188 - Initialized model | excluded=None | mlp_dropout=0.3 | head_dropout=0.3 | self_attn_dropout=0.3 | join_attn_feat=ppiformer | compound_dim=128 | compound_proj_dim=128 | ppi_fuse_setting=self_attn | head_fuse=cat | proj_feat=True
2026-03-30 02:25:17,190 - Excluded modalities: []
2026-03-30 02:25:17,203 - Active modalities: ['esm', 'fegs', 'gae']
2026-03-30 02:25:45,732 - MolecularDataset hyperparamets -> dataset=dataset1, trategy=conditional, aug train=False, aug eval=False
2026-03-30 02:25:55,610 - MolecularDataset hyperparamets -> dataset=dataset1, trategy=conditional, aug train=False, aug eval=False
2026-03-30 02:26:01,288 - MolecularDataset hyperparamets -> dataset=dataset1, trategy=conditional, aug train=False, aug eval=False
2026-03-30 02:26:10,276 - ---- train loader size -> 68988, val loader size 3636 ----
2026-03-30 02:29:45,076 - NEW BEST @ epoch 1: train_auc=0.8925, val_auc=0.9510, val_aupr=0.8324, val_precision=0.6241, val_sensitivity=0.8300; val_specificity=0.9000
2026-03-30 02:33:19,710 - NEW BEST @ epoch 2: train_auc=0.9746, val_auc=0.9660, val_aupr=0.8732, val_precision=0.7301, val_sensitivity=0.8168; val_specificity=0.9396
2026-03-30 02:36:53,811 - NEW BEST @ epoch 3: train_auc=0.9879, val_auc=0.9763, val_aupr=0.9088, val_precision=0.8409, val_sensitivity=0.7673; val_specificity=0.9710
2026-03-30 02:40:28,520 - NEW BEST @ epoch 4: train_auc=0.9934, val_auc=0.9816, val_aupr=0.9290, val_precision=0.8501, val_sensitivity=0.8234; val_specificity=0.9710
2026-03-30 02:44:03,538 - NEW BEST @ epoch 5: train_auc=0.9960, val_auc=0.9858, val_aupr=0.9459, val_precision=0.8686, val_sensitivity=0.8614; val_specificity=0.9739
2026-03-30 02:51:12,916 - NEW BEST @ epoch 7: train_auc=0.9978, val_auc=0.9881, val_aupr=0.9535, val_precision=0.8850, val_sensitivity=0.8762; val_specificity=0.9772
2026-03-30 02:58:22,339 - NEW BEST @ epoch 9: train_auc=0.9987, val_auc=0.9907, val_aupr=0.9611, val_precision=0.8957, val_sensitivity=0.8927; val_specificity=0.9792
2026-03-30 03:56:14,699 - MolecularDataset hyperparamets -> dataset=dataset1, trategy=conditional, aug train=False, aug eval=False
2026-03-30 03:56:25,365 - Test Loss: 1.5626
2026-03-30 03:56:25,365 - Test AUC: 0.8644
2026-03-30 03:56:25,365 - Test AUPR: 0.8193
2026-03-30 03:56:25,365 - Test Precision: 0.7179
2026-03-30 03:56:25,365 - Test Sensitivity (Recall): 0.0862
2026-03-30 03:56:25,365 - Test Specificity: 0.9493
2026-03-30 03:56:25,378 - ---- Start Training & Testing Fold 3 ----
2026-03-30 03:56:25,378 - experiment 1 ...
2026-03-30 03:56:25,379 - --- Executing CV with scaffold split with hyperparameters: use_struct=True, save_probs=False, seed=42 ...
2026-03-30 03:56:25,379 - Dataset path -> datasets/multi_ppimi_s4_tests_splits_with_my_train
2026-03-30 03:56:25,423 - Initialized model | excluded=None | mlp_dropout=0.3 | head_dropout=0.3 | self_attn_dropout=0.3 | join_attn_feat=ppiformer | compound_dim=128 | compound_proj_dim=128 | ppi_fuse_setting=self_attn | head_fuse=cat | proj_feat=True
2026-03-30 03:56:25,425 - Excluded modalities: []
2026-03-30 03:56:25,438 - Active modalities: ['esm', 'fegs', 'gae']
2026-03-30 03:56:52,342 - MolecularDataset hyperparamets -> dataset=dataset1, trategy=conditional, aug train=False, aug eval=False
2026-03-30 03:57:00,751 - MolecularDataset hyperparamets -> dataset=dataset1, trategy=conditional, aug train=False, aug eval=False
2026-03-30 03:57:05,794 - MolecularDataset hyperparamets -> dataset=dataset1, trategy=conditional, aug train=False, aug eval=False
2026-03-30 03:57:10,844 - ---- train loader size -> 65748, val loader size 3462 ----
2026-03-30 04:00:34,003 - NEW BEST @ epoch 1: train_auc=0.8859, val_auc=0.9495, val_aupr=0.8275, val_precision=0.6020, val_sensitivity=0.8180; val_specificity=0.8919
2026-03-30 04:03:57,354 - NEW BEST @ epoch 2: train_auc=0.9693, val_auc=0.9705, val_aupr=0.8833, val_precision=0.7541, val_sensitivity=0.8024; val_specificity=0.9477
2026-03-30 04:07:21,019 - NEW BEST @ epoch 3: train_auc=0.9844, val_auc=0.9784, val_aupr=0.9150, val_precision=0.7990, val_sensitivity=0.8128; val_specificity=0.9591
2026-03-30 04:10:45,394 - NEW BEST @ epoch 4: train_auc=0.9914, val_auc=0.9852, val_aupr=0.9409, val_precision=0.8266, val_sensitivity=0.8839; val_specificity=0.9629
2026-03-30 04:14:09,175 - NEW BEST @ epoch 5: train_auc=0.9949, val_auc=0.9883, val_aupr=0.9513, val_precision=0.8593, val_sensitivity=0.8891; val_specificity=0.9709
2026-03-30 04:24:22,262 - NEW BEST @ epoch 8: train_auc=0.9981, val_auc=0.9909, val_aupr=0.9620, val_precision=0.8819, val_sensitivity=0.8804; val_specificity=0.9764
2026-03-30 05:22:50,105 - MolecularDataset hyperparamets -> dataset=dataset1, trategy=conditional, aug train=False, aug eval=False
2026-03-30 05:23:00,379 - Test Loss: 0.9633
2026-03-30 05:23:00,379 - Test AUC: 0.8841
2026-03-30 05:23:00,379 - Test AUPR: 0.8210
2026-03-30 05:23:00,379 - Test Precision: 0.7963
2026-03-30 05:23:00,379 - Test Sensitivity (Recall): 0.2009
2026-03-30 05:23:00,379 - Test Specificity: 0.9572
2026-03-30 05:23:00,389 - ---- Start Training & Testing Fold 4 ----
2026-03-30 05:23:00,389 - experiment 1 ...
2026-03-30 05:23:00,390 - --- Executing CV with scaffold split with hyperparameters: use_struct=True, save_probs=False, seed=42 ...
2026-03-30 05:23:00,390 - Dataset path -> datasets/multi_ppimi_s4_tests_splits_with_my_train
2026-03-30 05:23:00,419 - Initialized model | excluded=None | mlp_dropout=0.3 | head_dropout=0.3 | self_attn_dropout=0.3 | join_attn_feat=ppiformer | compound_dim=128 | compound_proj_dim=128 | ppi_fuse_setting=self_attn | head_fuse=cat | proj_feat=True
2026-03-30 05:23:00,420 - Excluded modalities: []
2026-03-30 05:23:00,433 - Active modalities: ['esm', 'fegs', 'gae']
2026-03-30 05:23:18,832 - MolecularDataset hyperparamets -> dataset=dataset1, trategy=conditional, aug train=False, aug eval=False
2026-03-30 05:23:26,445 - MolecularDataset hyperparamets -> dataset=dataset1, trategy=conditional, aug train=False, aug eval=False
2026-03-30 05:23:31,675 - MolecularDataset hyperparamets -> dataset=dataset1, trategy=conditional, aug train=False, aug eval=False
2026-03-30 05:23:36,785 - ---- train loader size -> 45126, val loader size 2376 ----
2026-03-30 05:25:57,235 - NEW BEST @ epoch 1: train_auc=0.8033, val_auc=0.8931, val_aupr=0.7053, val_precision=0.4837, val_sensitivity=0.7879; val_specificity=0.8318
2026-03-30 05:28:19,154 - NEW BEST @ epoch 2: train_auc=0.9304, val_auc=0.9344, val_aupr=0.7868, val_precision=0.6587, val_sensitivity=0.6970; val_specificity=0.9278
2026-03-30 05:30:40,426 - NEW BEST @ epoch 3: train_auc=0.9592, val_auc=0.9503, val_aupr=0.8354, val_precision=0.7663, val_sensitivity=0.7121; val_specificity=0.9566
2026-03-30 05:33:01,775 - NEW BEST @ epoch 4: train_auc=0.9742, val_auc=0.9637, val_aupr=0.8718, val_precision=0.7919, val_sensitivity=0.7399; val_specificity=0.9611
2026-03-30 05:35:22,719 - NEW BEST @ epoch 5: train_auc=0.9834, val_auc=0.9669, val_aupr=0.8795, val_precision=0.8256, val_sensitivity=0.7172; val_specificity=0.9697
2026-03-30 05:42:26,528 - NEW BEST @ epoch 8: train_auc=0.9939, val_auc=0.9743, val_aupr=0.9105, val_precision=0.8356, val_sensitivity=0.7702; val_specificity=0.9697
2026-03-30 05:49:30,378 - NEW BEST @ epoch 11: train_auc=0.9972, val_auc=0.9768, val_aupr=0.9172, val_precision=0.8406, val_sensitivity=0.8258; val_specificity=0.9687
2026-03-30 06:25:00,791 - MolecularDataset hyperparamets -> dataset=dataset1, trategy=conditional, aug train=False, aug eval=False
2026-03-30 06:25:22,297 - Test Loss: 0.5257
2026-03-30 06:25:22,297 - Test AUC: 0.9214
2026-03-30 06:25:22,297 - Test AUPR: 0.8746
2026-03-30 06:25:22,297 - Test Precision: 0.8837
2026-03-30 06:25:22,297 - Test Sensitivity (Recall): 0.6401
2026-03-30 06:25:22,297 - Test Specificity: 0.9385
2026-03-30 06:25:22,308 - ---- Start Training & Testing Fold 5 ----
2026-03-30 06:25:22,308 - experiment 1 ...
2026-03-30 06:25:22,309 - --- Executing CV with scaffold split with hyperparameters: use_struct=True, save_probs=False, seed=42 ...
2026-03-30 06:25:22,309 - Dataset path -> datasets/multi_ppimi_s4_tests_splits_with_my_train
2026-03-30 06:25:22,346 - Initialized model | excluded=None | mlp_dropout=0.3 | head_dropout=0.3 | self_attn_dropout=0.3 | join_attn_feat=ppiformer | compound_dim=128 | compound_proj_dim=128 | ppi_fuse_setting=self_attn | head_fuse=cat | proj_feat=True
2026-03-30 06:25:22,348 - Excluded modalities: []
2026-03-30 06:25:22,361 - Active modalities: ['esm', 'fegs', 'gae']
2026-03-30 06:25:45,682 - MolecularDataset hyperparamets -> dataset=dataset1, trategy=conditional, aug train=False, aug eval=False
2026-03-30 06:25:53,008 - MolecularDataset hyperparamets -> dataset=dataset1, trategy=conditional, aug train=False, aug eval=False
2026-03-30 06:25:58,227 - MolecularDataset hyperparamets -> dataset=dataset1, trategy=conditional, aug train=False, aug eval=False
2026-03-30 06:26:03,323 - ---- train loader size -> 53418, val loader size 2814 ----
2026-03-30 06:28:51,477 - NEW BEST @ epoch 1: train_auc=0.8780, val_auc=0.9475, val_aupr=0.8382, val_precision=0.5818, val_sensitivity=0.8721; val_specificity=0.8746
2026-03-30 06:31:39,810 - NEW BEST @ epoch 2: train_auc=0.9668, val_auc=0.9701, val_aupr=0.8892, val_precision=0.7373, val_sensitivity=0.8678; val_specificity=0.9382
2026-03-30 06:34:28,427 - NEW BEST @ epoch 3: train_auc=0.9839, val_auc=0.9788, val_aupr=0.9284, val_precision=0.8373, val_sensitivity=0.8337; val_specificity=0.9676
2026-03-30 06:37:17,190 - NEW BEST @ epoch 4: train_auc=0.9913, val_auc=0.9817, val_aupr=0.9439, val_precision=0.8690, val_sensitivity=0.8486; val_specificity=0.9744
2026-03-30 06:40:05,489 - NEW BEST @ epoch 5: train_auc=0.9940, val_auc=0.9872, val_aupr=0.9608, val_precision=0.8468, val_sensitivity=0.9190; val_specificity=0.9667
2026-03-30 06:45:42,898 - NEW BEST @ epoch 7: train_auc=0.9976, val_auc=0.9905, val_aupr=0.9726, val_precision=0.9247, val_sensitivity=0.9168; val_specificity=0.9851
2026-03-30 06:56:54,077 - NEW BEST @ epoch 11: train_auc=0.9992, val_auc=0.9932, val_aupr=0.9797, val_precision=0.9534, val_sensitivity=0.9168; val_specificity=0.9910
2026-03-30 07:39:19,047 - MolecularDataset hyperparamets -> dataset=dataset1, trategy=conditional, aug train=False, aug eval=False
2026-03-30 07:39:39,907 - Test Loss: 1.3086
2026-03-30 07:39:39,907 - Test AUC: 0.7571
2026-03-30 07:39:39,907 - Test AUPR: 0.7492
2026-03-30 07:39:39,907 - Test Precision: 0.8027
2026-03-30 07:39:39,907 - Test Sensitivity (Recall): 0.1536
2026-03-30 07:39:39,907 - Test Specificity: 0.9592
2026-03-30 07:39:39,925 - Saved/updated summary to: results/result_tables/final_results/hyperparam_search_2503.csv
2026-03-30 07:39:39,925 - [2503@j5] Running hyperparameter set 11/12 | lr=5e-05 | weight_decay=1e-05 | mlp_dropout=0.3 | head_dropout=0.3 | self_attn_dropout=0.1 | compound_proj_dim=128 | ppi_fuse_setting=self_attn | head_fuse=cat | proj_feat=True
2026-03-30 07:39:39,925 - ---- Start Training & Testing Fold 1 ----
2026-03-30 07:39:39,925 - experiment 1 ...
2026-03-30 07:39:39,927 - --- Executing CV with scaffold split with hyperparameters: use_struct=True, save_probs=False, seed=42 ...
2026-03-30 07:39:39,927 - Dataset path -> datasets/multi_ppimi_s4_tests_splits_with_my_train
2026-03-30 07:39:39,965 - Initialized model | excluded=None | mlp_dropout=0.3 | head_dropout=0.3 | self_attn_dropout=0.1 | join_attn_feat=ppiformer | compound_dim=128 | compound_proj_dim=128 | ppi_fuse_setting=self_attn | head_fuse=cat | proj_feat=True
2026-03-30 07:39:39,967 - Excluded modalities: []
2026-03-30 07:39:39,980 - Active modalities: ['esm', 'fegs', 'gae']
2026-03-30 07:40:05,195 - MolecularDataset hyperparamets -> dataset=dataset1, trategy=conditional, aug train=False, aug eval=False
2026-03-30 07:40:13,593 - MolecularDataset hyperparamets -> dataset=dataset1, trategy=conditional, aug train=False, aug eval=False
2026-03-30 07:40:18,853 - MolecularDataset hyperparamets -> dataset=dataset1, trategy=conditional, aug train=False, aug eval=False
2026-03-30 07:40:24,026 - ---- train loader size -> 62190, val loader size 3276 ----
2026-03-30 07:43:36,929 - NEW BEST @ epoch 1: train_auc=0.8883, val_auc=0.9361, val_aupr=0.7874, val_precision=0.5802, val_sensitivity=0.7821; val_specificity=0.8868
2026-03-30 07:46:51,005 - NEW BEST @ epoch 2: train_auc=0.9674, val_auc=0.9651, val_aupr=0.8653, val_precision=0.7464, val_sensitivity=0.7601; val_specificity=0.9484
2026-03-30 07:50:06,149 - NEW BEST @ epoch 3: train_auc=0.9842, val_auc=0.9790, val_aupr=0.9128, val_precision=0.8506, val_sensitivity=0.7821; val_specificity=0.9725
2026-03-30 07:53:20,969 - NEW BEST @ epoch 4: train_auc=0.9907, val_auc=0.9816, val_aupr=0.9224, val_precision=0.8358, val_sensitivity=0.8205; val_specificity=0.9678
2026-03-30 07:56:37,234 - NEW BEST @ epoch 5: train_auc=0.9941, val_auc=0.9872, val_aupr=0.9449, val_precision=0.8973, val_sensitivity=0.8480; val_specificity=0.9806
2026-03-30 08:03:04,681 - NEW BEST @ epoch 7: train_auc=0.9967, val_auc=0.9896, val_aupr=0.9534, val_precision=0.8750, val_sensitivity=0.8846; val_specificity=0.9747
2026-03-30 09:01:36,766 - MolecularDataset hyperparamets -> dataset=dataset1, trategy=conditional, aug train=False, aug eval=False
2026-03-30 09:01:48,220 - Test Loss: 1.1215
2026-03-30 09:01:48,220 - Test AUC: 0.8667
2026-03-30 09:01:48,220 - Test AUPR: 0.7217
2026-03-30 09:01:48,220 - Test Precision: 0.2500
2026-03-30 09:01:48,220 - Test Sensitivity (Recall): 0.0034
2026-03-30 09:01:48,220 - Test Specificity: 0.9906
2026-03-30 09:01:48,229 - ---- Start Training & Testing Fold 2 ----
2026-03-30 09:01:48,230 - experiment 1 ...
2026-03-30 09:01:48,231 - --- Executing CV with scaffold split with hyperparameters: use_struct=True, save_probs=False, seed=42 ...
2026-03-30 09:01:48,231 - Dataset path -> datasets/multi_ppimi_s4_tests_splits_with_my_train
2026-03-30 09:01:48,277 - Initialized model | excluded=None | mlp_dropout=0.3 | head_dropout=0.3 | self_attn_dropout=0.1 | join_attn_feat=ppiformer | compound_dim=128 | compound_proj_dim=128 | ppi_fuse_setting=self_attn | head_fuse=cat | proj_feat=True
2026-03-30 09:01:48,278 - Excluded modalities: []
2026-03-30 09:01:48,291 - Active modalities: ['esm', 'fegs', 'gae']
2026-03-30 09:02:17,178 - MolecularDataset hyperparamets -> dataset=dataset1, trategy=conditional, aug train=False, aug eval=False
2026-03-30 09:02:26,079 - MolecularDataset hyperparamets -> dataset=dataset1, trategy=conditional, aug train=False, aug eval=False
2026-03-30 09:02:31,320 - MolecularDataset hyperparamets -> dataset=dataset1, trategy=conditional, aug train=False, aug eval=False
2026-03-30 09:02:36,536 - ---- train loader size -> 68988, val loader size 3636 ----
2026-03-30 09:06:11,351 - NEW BEST @ epoch 1: train_auc=0.8958, val_auc=0.9533, val_aupr=0.8407, val_precision=0.6403, val_sensitivity=0.8548; val_specificity=0.9040
2026-03-30 09:09:46,632 - NEW BEST @ epoch 2: train_auc=0.9751, val_auc=0.9675, val_aupr=0.8783, val_precision=0.7186, val_sensitivity=0.8300; val_specificity=0.9350
2026-03-30 09:13:22,334 - NEW BEST @ epoch 3: train_auc=0.9883, val_auc=0.9771, val_aupr=0.9131, val_precision=0.8471, val_sensitivity=0.7772; val_specificity=0.9719
2026-03-30 09:16:57,288 - NEW BEST @ epoch 4: train_auc=0.9937, val_auc=0.9819, val_aupr=0.9327, val_precision=0.8542, val_sensitivity=0.8317; val_specificity=0.9716
2026-03-30 09:20:32,260 - NEW BEST @ epoch 5: train_auc=0.9960, val_auc=0.9873, val_aupr=0.9462, val_precision=0.8569, val_sensitivity=0.8597; val_specificity=0.9713
2026-03-30 09:31:16,590 - NEW BEST @ epoch 8: train_auc=0.9987, val_auc=0.9899, val_aupr=0.9596, val_precision=0.8885, val_sensitivity=0.8944; val_specificity=0.9776
2026-03-30 10:32:57,980 - MolecularDataset hyperparamets -> dataset=dataset1, trategy=conditional, aug train=False, aug eval=False
2026-03-30 10:33:08,761 - Test Loss: 1.4901
2026-03-30 10:33:08,761 - Test AUC: 0.8864
2026-03-30 10:33:08,761 - Test AUPR: 0.8405
2026-03-30 10:33:08,761 - Test Precision: 0.6250
2026-03-30 10:33:08,761 - Test Sensitivity (Recall): 0.0308
2026-03-30 10:33:08,761 - Test Specificity: 0.9724
2026-03-30 10:33:08,771 - ---- Start Training & Testing Fold 3 ----
2026-03-30 10:33:08,771 - experiment 1 ...
2026-03-30 10:33:08,774 - --- Executing CV with scaffold split with hyperparameters: use_struct=True, save_probs=False, seed=42 ...
2026-03-30 10:33:08,774 - Dataset path -> datasets/multi_ppimi_s4_tests_splits_with_my_train
2026-03-30 10:33:08,814 - Initialized model | excluded=None | mlp_dropout=0.3 | head_dropout=0.3 | self_attn_dropout=0.1 | join_attn_feat=ppiformer | compound_dim=128 | compound_proj_dim=128 | ppi_fuse_setting=self_attn | head_fuse=cat | proj_feat=True
2026-03-30 10:33:08,816 - Excluded modalities: []
2026-03-30 10:33:08,829 - Active modalities: ['esm', 'fegs', 'gae']
2026-03-30 10:33:35,734 - MolecularDataset hyperparamets -> dataset=dataset1, trategy=conditional, aug train=False, aug eval=False
2026-03-30 10:33:44,440 - MolecularDataset hyperparamets -> dataset=dataset1, trategy=conditional, aug train=False, aug eval=False
2026-03-30 10:33:49,530 - MolecularDataset hyperparamets -> dataset=dataset1, trategy=conditional, aug train=False, aug eval=False
2026-03-30 10:33:55,344 - ---- train loader size -> 65748, val loader size 3462 ----
2026-03-30 10:37:19,226 - NEW BEST @ epoch 1: train_auc=0.8858, val_auc=0.9470, val_aupr=0.8214, val_precision=0.6180, val_sensitivity=0.8076; val_specificity=0.9002
2026-03-30 10:40:42,743 - NEW BEST @ epoch 2: train_auc=0.9696, val_auc=0.9705, val_aupr=0.8827, val_precision=0.7435, val_sensitivity=0.7990; val_specificity=0.9449
2026-03-30 10:44:05,793 - NEW BEST @ epoch 3: train_auc=0.9842, val_auc=0.9784, val_aupr=0.9131, val_precision=0.7963, val_sensitivity=0.8128; val_specificity=0.9584
2026-03-30 10:47:28,554 - NEW BEST @ epoch 4: train_auc=0.9912, val_auc=0.9834, val_aupr=0.9341, val_precision=0.8260, val_sensitivity=0.8475; val_specificity=0.9643
2026-03-30 10:50:51,854 - NEW BEST @ epoch 5: train_auc=0.9945, val_auc=0.9877, val_aupr=0.9501, val_precision=0.8459, val_sensitivity=0.8752; val_specificity=0.9681
2026-03-30 10:54:18,931 - NEW BEST @ epoch 6: train_auc=0.9961, val_auc=0.9898, val_aupr=0.9599, val_precision=0.8998, val_sensitivity=0.8562; val_specificity=0.9809
2026-03-30 11:21:29,070 - NEW BEST @ epoch 14: train_auc=0.9994, val_auc=0.9920, val_aupr=0.9688, val_precision=0.8883, val_sensitivity=0.8960; val_specificity=0.9775
2026-03-30 12:13:07,878 - MolecularDataset hyperparamets -> dataset=dataset1, trategy=conditional, aug train=False, aug eval=False
2026-03-30 12:13:17,888 - Test Loss: 1.8791
2026-03-30 12:13:17,889 - Test AUC: 0.7606
2026-03-30 12:13:17,889 - Test AUPR: 0.7668
2026-03-30 12:13:17,889 - Test Precision: 0.9423
2026-03-30 12:13:17,889 - Test Sensitivity (Recall): 0.2290
2026-03-30 12:13:17,889 - Test Specificity: 0.9883
2026-03-30 12:13:17,899 - ---- Start Training & Testing Fold 4 ----
2026-03-30 12:13:17,899 - experiment 1 ...
2026-03-30 12:13:17,900 - --- Executing CV with scaffold split with hyperparameters: use_struct=True, save_probs=False, seed=42 ...
2026-03-30 12:13:17,900 - Dataset path -> datasets/multi_ppimi_s4_tests_splits_with_my_train
2026-03-30 12:13:17,929 - Initialized model | excluded=None | mlp_dropout=0.3 | head_dropout=0.3 | self_attn_dropout=0.1 | join_attn_feat=ppiformer | compound_dim=128 | compound_proj_dim=128 | ppi_fuse_setting=self_attn | head_fuse=cat | proj_feat=True
2026-03-30 12:13:17,931 - Excluded modalities: []
2026-03-30 12:13:17,944 - Active modalities: ['esm', 'fegs', 'gae']
2026-03-30 12:13:36,379 - MolecularDataset hyperparamets -> dataset=dataset1, trategy=conditional, aug train=False, aug eval=False
2026-03-30 12:13:43,998 - MolecularDataset hyperparamets -> dataset=dataset1, trategy=conditional, aug train=False, aug eval=False
2026-03-30 12:13:49,237 - MolecularDataset hyperparamets -> dataset=dataset1, trategy=conditional, aug train=False, aug eval=False
2026-03-30 12:13:54,232 - ---- train loader size -> 45126, val loader size 2376 ----
2026-03-30 12:16:14,383 - NEW BEST @ epoch 1: train_auc=0.8043, val_auc=0.8932, val_aupr=0.7029, val_precision=0.4784, val_sensitivity=0.7828; val_specificity=0.8293
2026-03-30 12:18:35,465 - NEW BEST @ epoch 2: train_auc=0.9305, val_auc=0.9371, val_aupr=0.7936, val_precision=0.6805, val_sensitivity=0.7045; val_specificity=0.9338
2026-03-30 12:20:56,773 - NEW BEST @ epoch 3: train_auc=0.9604, val_auc=0.9488, val_aupr=0.8356, val_precision=0.7781, val_sensitivity=0.6995; val_specificity=0.9601
2026-03-30 12:23:17,977 - NEW BEST @ epoch 4: train_auc=0.9747, val_auc=0.9659, val_aupr=0.8749, val_precision=0.8111, val_sensitivity=0.7374; val_specificity=0.9657
2026-03-30 12:32:40,407 - NEW BEST @ epoch 8: train_auc=0.9939, val_auc=0.9740, val_aupr=0.9065, val_precision=0.8370, val_sensitivity=0.7778; val_specificity=0.9697
2026-03-30 12:49:02,912 - NEW BEST @ epoch 15: train_auc=0.9986, val_auc=0.9763, val_aupr=0.9159, val_precision=0.8428, val_sensitivity=0.7854; val_specificity=0.9707
2026-03-30 13:24:30,066 - MolecularDataset hyperparamets -> dataset=dataset1, trategy=conditional, aug train=False, aug eval=False
2026-03-30 13:24:51,562 - Test Loss: 0.5567
2026-03-30 13:24:51,563 - Test AUC: 0.9251
2026-03-30 13:24:51,563 - Test AUPR: 0.8839
2026-03-30 13:24:51,563 - Test Precision: 0.8845
2026-03-30 13:24:51,563 - Test Sensitivity (Recall): 0.6217
2026-03-30 13:24:51,563 - Test Specificity: 0.9408
2026-03-30 13:24:51,572 - ---- Start Training & Testing Fold 5 ----
2026-03-30 13:24:51,572 - experiment 1 ...
2026-03-30 13:24:51,573 - --- Executing CV with scaffold split with hyperparameters: use_struct=True, save_probs=False, seed=42 ...
2026-03-30 13:24:51,573 - Dataset path -> datasets/multi_ppimi_s4_tests_splits_with_my_train
2026-03-30 13:24:51,609 - Initialized model | excluded=None | mlp_dropout=0.3 | head_dropout=0.3 | self_attn_dropout=0.1 | join_attn_feat=ppiformer | compound_dim=128 | compound_proj_dim=128 | ppi_fuse_setting=self_attn | head_fuse=cat | proj_feat=True
2026-03-30 13:24:51,610 - Excluded modalities: []
2026-03-30 13:24:51,623 - Active modalities: ['esm', 'fegs', 'gae']
2026-03-30 13:25:14,418 - MolecularDataset hyperparamets -> dataset=dataset1, trategy=conditional, aug train=False, aug eval=False
2026-03-30 13:25:21,526 - MolecularDataset hyperparamets -> dataset=dataset1, trategy=conditional, aug train=False, aug eval=False
2026-03-30 13:25:26,472 - MolecularDataset hyperparamets -> dataset=dataset1, trategy=conditional, aug train=False, aug eval=False
2026-03-30 13:25:31,447 - ---- train loader size -> 53418, val loader size 2814 ----
2026-03-30 13:28:18,366 - NEW BEST @ epoch 1: train_auc=0.8794, val_auc=0.9468, val_aupr=0.8329, val_precision=0.5845, val_sensitivity=0.8849; val_specificity=0.8742
2026-03-30 13:31:05,099 - NEW BEST @ epoch 2: train_auc=0.9670, val_auc=0.9696, val_aupr=0.8885, val_precision=0.7436, val_sensitivity=0.8657; val_specificity=0.9403
2026-03-30 13:33:51,641 - NEW BEST @ epoch 3: train_auc=0.9836, val_auc=0.9782, val_aupr=0.9235, val_precision=0.8512, val_sensitivity=0.8294; val_specificity=0.9710
2026-03-30 13:36:39,132 - NEW BEST @ epoch 4: train_auc=0.9913, val_auc=0.9823, val_aupr=0.9422, val_precision=0.8603, val_sensitivity=0.8401; val_specificity=0.9727
2026-03-30 13:39:26,797 - NEW BEST @ epoch 5: train_auc=0.9942, val_auc=0.9876, val_aupr=0.9610, val_precision=0.8451, val_sensitivity=0.9190; val_specificity=0.9663
2026-03-30 13:45:00,394 - NEW BEST @ epoch 7: train_auc=0.9974, val_auc=0.9904, val_aupr=0.9755, val_precision=0.9326, val_sensitivity=0.9147; val_specificity=0.9868
2026-03-30 13:56:09,049 - NEW BEST @ epoch 11: train_auc=0.9993, val_auc=0.9924, val_aupr=0.9785, val_precision=0.9533, val_sensitivity=0.9147; val_specificity=0.9910
2026-03-30 14:38:17,988 - MolecularDataset hyperparamets -> dataset=dataset1, trategy=conditional, aug train=False, aug eval=False
2026-03-30 14:38:38,282 - Test Loss: 1.1923
2026-03-30 14:38:38,283 - Test AUC: 0.7769
2026-03-30 14:38:38,283 - Test AUPR: 0.7632
2026-03-30 14:38:38,283 - Test Precision: 0.8122
2026-03-30 14:38:38,283 - Test Sensitivity (Recall): 0.1914
2026-03-30 14:38:38,283 - Test Specificity: 0.9522
2026-03-30 14:38:38,302 - Saved/updated summary to: results/result_tables/final_results/hyperparam_search_2503.csv
2026-03-30 14:38:38,302 - [2503@j5] Running hyperparameter set 12/12 | lr=5e-05 | weight_decay=1e-05 | mlp_dropout=0.3 | head_dropout=0.3 | self_attn_dropout=0.3 | compound_proj_dim=128 | ppi_fuse_setting=self_attn | head_fuse=cat | proj_feat=True
2026-03-30 14:38:38,302 - ---- Start Training & Testing Fold 1 ----
2026-03-30 14:38:38,302 - experiment 1 ...
2026-03-30 14:38:38,304 - --- Executing CV with scaffold split with hyperparameters: use_struct=True, save_probs=False, seed=42 ...
2026-03-30 14:38:38,304 - Dataset path -> datasets/multi_ppimi_s4_tests_splits_with_my_train
2026-03-30 14:38:38,339 - Initialized model | excluded=None | mlp_dropout=0.3 | head_dropout=0.3 | self_attn_dropout=0.3 | join_attn_feat=ppiformer | compound_dim=128 | compound_proj_dim=128 | ppi_fuse_setting=self_attn | head_fuse=cat | proj_feat=True
2026-03-30 14:38:38,341 - Excluded modalities: []
2026-03-30 14:38:38,354 - Active modalities: ['esm', 'fegs', 'gae']
2026-03-30 14:39:03,204 - MolecularDataset hyperparamets -> dataset=dataset1, trategy=conditional, aug train=False, aug eval=False
2026-03-30 14:39:11,596 - MolecularDataset hyperparamets -> dataset=dataset1, trategy=conditional, aug train=False, aug eval=False
2026-03-30 14:39:16,645 - MolecularDataset hyperparamets -> dataset=dataset1, trategy=conditional, aug train=False, aug eval=False
2026-03-30 14:39:21,810 - ---- train loader size -> 62190, val loader size 3276 ----
2026-03-30 14:42:33,372 - NEW BEST @ epoch 1: train_auc=0.8867, val_auc=0.9330, val_aupr=0.7781, val_precision=0.5632, val_sensitivity=0.7839; val_specificity=0.8784
2026-03-30 14:45:49,146 - NEW BEST @ epoch 2: train_auc=0.9669, val_auc=0.9656, val_aupr=0.8634, val_precision=0.7554, val_sensitivity=0.7637; val_specificity=0.9505
2026-03-30 14:49:04,031 - NEW BEST @ epoch 3: train_auc=0.9849, val_auc=0.9781, val_aupr=0.9096, val_precision=0.8383, val_sensitivity=0.7692; val_specificity=0.9703
2026-03-30 14:52:17,922 - NEW BEST @ epoch 4: train_auc=0.9906, val_auc=0.9804, val_aupr=0.9173, val_precision=0.8382, val_sensitivity=0.7967; val_specificity=0.9692
2026-03-30 14:55:31,512 - NEW BEST @ epoch 5: train_auc=0.9941, val_auc=0.9875, val_aupr=0.9446, val_precision=0.8773, val_sensitivity=0.8645; val_specificity=0.9758
2026-03-30 15:08:24,295 - NEW BEST @ epoch 9: train_auc=0.9981, val_auc=0.9901, val_aupr=0.9563, val_precision=0.9043, val_sensitivity=0.8828; val_specificity=0.9813
2026-03-30 16:00:18,274 - MolecularDataset hyperparamets -> dataset=dataset1, trategy=conditional, aug train=False, aug eval=False
2026-03-30 16:00:30,046 - Test Loss: 0.8950
2026-03-30 16:00:30,046 - Test AUC: 0.9034
2026-03-30 16:00:30,046 - Test AUPR: 0.8029
2026-03-30 16:00:30,046 - Test Precision: 0.7083
2026-03-30 16:00:30,046 - Test Sensitivity (Recall): 0.0572
2026-03-30 16:00:30,046 - Test Specificity: 0.9780
2026-03-30 16:00:30,055 - ---- Start Training & Testing Fold 2 ----
2026-03-30 16:00:30,056 - experiment 1 ...
2026-03-30 16:00:30,057 - --- Executing CV with scaffold split with hyperparameters: use_struct=True, save_probs=False, seed=42 ...
2026-03-30 16:00:30,057 - Dataset path -> datasets/multi_ppimi_s4_tests_splits_with_my_train
2026-03-30 16:00:30,103 - Initialized model | excluded=None | mlp_dropout=0.3 | head_dropout=0.3 | self_attn_dropout=0.3 | join_attn_feat=ppiformer | compound_dim=128 | compound_proj_dim=128 | ppi_fuse_setting=self_attn | head_fuse=cat | proj_feat=True
2026-03-30 16:00:30,105 - Excluded modalities: []
2026-03-30 16:00:30,118 - Active modalities: ['esm', 'fegs', 'gae']
2026-03-30 16:00:58,551 - MolecularDataset hyperparamets -> dataset=dataset1, trategy=conditional, aug train=False, aug eval=False
2026-03-30 16:01:07,406 - MolecularDataset hyperparamets -> dataset=dataset1, trategy=conditional, aug train=False, aug eval=False
2026-03-30 16:01:12,710 - MolecularDataset hyperparamets -> dataset=dataset1, trategy=conditional, aug train=False, aug eval=False
2026-03-30 16:01:17,968 - ---- train loader size -> 68988, val loader size 3636 ----
2026-03-30 16:04:51,891 - NEW BEST @ epoch 1: train_auc=0.8925, val_auc=0.9510, val_aupr=0.8324, val_precision=0.6241, val_sensitivity=0.8300; val_specificity=0.9000
2026-03-30 16:08:26,368 - NEW BEST @ epoch 2: train_auc=0.9746, val_auc=0.9660, val_aupr=0.8732, val_precision=0.7301, val_sensitivity=0.8168; val_specificity=0.9396
2026-03-30 16:12:00,406 - NEW BEST @ epoch 3: train_auc=0.9879, val_auc=0.9763, val_aupr=0.9088, val_precision=0.8409, val_sensitivity=0.7673; val_specificity=0.9710
2026-03-30 16:15:33,906 - NEW BEST @ epoch 4: train_auc=0.9934, val_auc=0.9816, val_aupr=0.9290, val_precision=0.8501, val_sensitivity=0.8234; val_specificity=0.9710
2026-03-30 16:19:08,392 - NEW BEST @ epoch 5: train_auc=0.9960, val_auc=0.9858, val_aupr=0.9459, val_precision=0.8686, val_sensitivity=0.8614; val_specificity=0.9739
2026-03-30 16:26:16,928 - NEW BEST @ epoch 7: train_auc=0.9978, val_auc=0.9881, val_aupr=0.9535, val_precision=0.8850, val_sensitivity=0.8762; val_specificity=0.9772
2026-03-30 16:33:24,319 - NEW BEST @ epoch 9: train_auc=0.9987, val_auc=0.9907, val_aupr=0.9611, val_precision=0.8957, val_sensitivity=0.8927; val_specificity=0.9792
2026-03-30 17:30:47,905 - MolecularDataset hyperparamets -> dataset=dataset1, trategy=conditional, aug train=False, aug eval=False
2026-03-30 17:30:58,786 - Test Loss: 1.5626
2026-03-30 17:30:58,787 - Test AUC: 0.8644
2026-03-30 17:30:58,787 - Test AUPR: 0.8193
2026-03-30 17:30:58,787 - Test Precision: 0.7179
2026-03-30 17:30:58,787 - Test Sensitivity (Recall): 0.0862
2026-03-30 17:30:58,787 - Test Specificity: 0.9493
2026-03-30 17:30:58,797 - ---- Start Training & Testing Fold 3 ----
2026-03-30 17:30:58,797 - experiment 1 ...
2026-03-30 17:30:58,800 - --- Executing CV with scaffold split with hyperparameters: use_struct=True, save_probs=False, seed=42 ...
2026-03-30 17:30:58,800 - Dataset path -> datasets/multi_ppimi_s4_tests_splits_with_my_train
2026-03-30 17:30:58,844 - Initialized model | excluded=None | mlp_dropout=0.3 | head_dropout=0.3 | self_attn_dropout=0.3 | join_attn_feat=ppiformer | compound_dim=128 | compound_proj_dim=128 | ppi_fuse_setting=self_attn | head_fuse=cat | proj_feat=True
2026-03-30 17:30:58,846 - Excluded modalities: []
2026-03-30 17:30:58,859 - Active modalities: ['esm', 'fegs', 'gae']
2026-03-30 17:31:26,303 - MolecularDataset hyperparamets -> dataset=dataset1, trategy=conditional, aug train=False, aug eval=False
2026-03-30 17:31:34,965 - MolecularDataset hyperparamets -> dataset=dataset1, trategy=conditional, aug train=False, aug eval=False
2026-03-30 17:31:40,206 - MolecularDataset hyperparamets -> dataset=dataset1, trategy=conditional, aug train=False, aug eval=False
2026-03-30 17:31:45,498 - ---- train loader size -> 65748, val loader size 3462 ----
2026-03-30 17:35:08,462 - NEW BEST @ epoch 1: train_auc=0.8859, val_auc=0.9495, val_aupr=0.8275, val_precision=0.6020, val_sensitivity=0.8180; val_specificity=0.8919
2026-03-30 17:38:32,040 - NEW BEST @ epoch 2: train_auc=0.9693, val_auc=0.9705, val_aupr=0.8833, val_precision=0.7541, val_sensitivity=0.8024; val_specificity=0.9477
2026-03-30 17:41:56,052 - NEW BEST @ epoch 3: train_auc=0.9844, val_auc=0.9784, val_aupr=0.9150, val_precision=0.7990, val_sensitivity=0.8128; val_specificity=0.9591
2026-03-30 17:45:19,890 - NEW BEST @ epoch 4: train_auc=0.9914, val_auc=0.9852, val_aupr=0.9409, val_precision=0.8266, val_sensitivity=0.8839; val_specificity=0.9629
2026-03-30 17:48:44,375 - NEW BEST @ epoch 5: train_auc=0.9949, val_auc=0.9883, val_aupr=0.9513, val_precision=0.8593, val_sensitivity=0.8891; val_specificity=0.9709
2026-03-30 17:58:59,181 - NEW BEST @ epoch 8: train_auc=0.9981, val_auc=0.9909, val_aupr=0.9620, val_precision=0.8819, val_sensitivity=0.8804; val_specificity=0.9764
2026-03-30 18:57:04,763 - MolecularDataset hyperparamets -> dataset=dataset1, trategy=conditional, aug train=False, aug eval=False
2026-03-30 18:57:15,001 - Test Loss: 0.9633
2026-03-30 18:57:15,001 - Test AUC: 0.8841
2026-03-30 18:57:15,001 - Test AUPR: 0.8210
2026-03-30 18:57:15,001 - Test Precision: 0.7963
2026-03-30 18:57:15,001 - Test Sensitivity (Recall): 0.2009
2026-03-30 18:57:15,001 - Test Specificity: 0.9572
2026-03-30 18:57:15,011 - ---- Start Training & Testing Fold 4 ----
2026-03-30 18:57:15,011 - experiment 1 ...
2026-03-30 18:57:15,012 - --- Executing CV with scaffold split with hyperparameters: use_struct=True, save_probs=False, seed=42 ...
2026-03-30 18:57:15,012 - Dataset path -> datasets/multi_ppimi_s4_tests_splits_with_my_train
2026-03-30 18:57:15,043 - Initialized model | excluded=None | mlp_dropout=0.3 | head_dropout=0.3 | self_attn_dropout=0.3 | join_attn_feat=ppiformer | compound_dim=128 | compound_proj_dim=128 | ppi_fuse_setting=self_attn | head_fuse=cat | proj_feat=True
2026-03-30 18:57:15,045 - Excluded modalities: []
2026-03-30 18:57:15,057 - Active modalities: ['esm', 'fegs', 'gae']
2026-03-30 18:57:33,435 - MolecularDataset hyperparamets -> dataset=dataset1, trategy=conditional, aug train=False, aug eval=False
2026-03-30 18:57:41,033 - MolecularDataset hyperparamets -> dataset=dataset1, trategy=conditional, aug train=False, aug eval=False
2026-03-30 18:57:46,134 - MolecularDataset hyperparamets -> dataset=dataset1, trategy=conditional, aug train=False, aug eval=False
2026-03-30 18:57:51,269 - ---- train loader size -> 45126, val loader size 2376 ----
2026-03-30 19:00:10,942 - NEW BEST @ epoch 1: train_auc=0.8033, val_auc=0.8931, val_aupr=0.7053, val_precision=0.4837, val_sensitivity=0.7879; val_specificity=0.8318
2026-03-30 19:02:31,702 - NEW BEST @ epoch 2: train_auc=0.9304, val_auc=0.9344, val_aupr=0.7868, val_precision=0.6587, val_sensitivity=0.6970; val_specificity=0.9278
2026-03-30 19:04:51,192 - NEW BEST @ epoch 3: train_auc=0.9592, val_auc=0.9503, val_aupr=0.8354, val_precision=0.7663, val_sensitivity=0.7121; val_specificity=0.9566
2026-03-30 19:07:11,595 - NEW BEST @ epoch 4: train_auc=0.9742, val_auc=0.9637, val_aupr=0.8718, val_precision=0.7919, val_sensitivity=0.7399; val_specificity=0.9611
2026-03-30 19:09:31,372 - NEW BEST @ epoch 5: train_auc=0.9834, val_auc=0.9669, val_aupr=0.8795, val_precision=0.8256, val_sensitivity=0.7172; val_specificity=0.9697
2026-03-30 19:16:32,199 - NEW BEST @ epoch 8: train_auc=0.9939, val_auc=0.9743, val_aupr=0.9105, val_precision=0.8356, val_sensitivity=0.7702; val_specificity=0.9697
2026-03-30 19:23:32,765 - NEW BEST @ epoch 11: train_auc=0.9972, val_auc=0.9768, val_aupr=0.9172, val_precision=0.8406, val_sensitivity=0.8258; val_specificity=0.9687
2026-03-30 19:58:51,734 - MolecularDataset hyperparamets -> dataset=dataset1, trategy=conditional, aug train=False, aug eval=False
2026-03-30 19:59:13,601 - Test Loss: 0.5257
2026-03-30 19:59:13,601 - Test AUC: 0.9214
2026-03-30 19:59:13,601 - Test AUPR: 0.8746
2026-03-30 19:59:13,601 - Test Precision: 0.8837
2026-03-30 19:59:13,601 - Test Sensitivity (Recall): 0.6401
2026-03-30 19:59:13,601 - Test Specificity: 0.9385
2026-03-30 19:59:13,611 - ---- Start Training & Testing Fold 5 ----
2026-03-30 19:59:13,611 - experiment 1 ...
2026-03-30 19:59:13,612 - --- Executing CV with scaffold split with hyperparameters: use_struct=True, save_probs=False, seed=42 ...
2026-03-30 19:59:13,612 - Dataset path -> datasets/multi_ppimi_s4_tests_splits_with_my_train
2026-03-30 19:59:13,649 - Initialized model | excluded=None | mlp_dropout=0.3 | head_dropout=0.3 | self_attn_dropout=0.3 | join_attn_feat=ppiformer | compound_dim=128 | compound_proj_dim=128 | ppi_fuse_setting=self_attn | head_fuse=cat | proj_feat=True
2026-03-30 19:59:13,651 - Excluded modalities: []
2026-03-30 19:59:13,664 - Active modalities: ['esm', 'fegs', 'gae']
2026-03-30 19:59:36,473 - MolecularDataset hyperparamets -> dataset=dataset1, trategy=conditional, aug train=False, aug eval=False
2026-03-30 19:59:43,734 - MolecularDataset hyperparamets -> dataset=dataset1, trategy=conditional, aug train=False, aug eval=False
2026-03-30 19:59:48,923 - MolecularDataset hyperparamets -> dataset=dataset1, trategy=conditional, aug train=False, aug eval=False
2026-03-30 19:59:54,072 - ---- train loader size -> 53418, val loader size 2814 ----
2026-03-30 20:02:41,442 - NEW BEST @ epoch 1: train_auc=0.8780, val_auc=0.9475, val_aupr=0.8382, val_precision=0.5818, val_sensitivity=0.8721; val_specificity=0.8746
2026-03-30 20:05:28,549 - NEW BEST @ epoch 2: train_auc=0.9668, val_auc=0.9701, val_aupr=0.8892, val_precision=0.7373, val_sensitivity=0.8678; val_specificity=0.9382
2026-03-30 20:08:16,110 - NEW BEST @ epoch 3: train_auc=0.9839, val_auc=0.9788, val_aupr=0.9284, val_precision=0.8373, val_sensitivity=0.8337; val_specificity=0.9676
2026-03-30 20:11:03,489 - NEW BEST @ epoch 4: train_auc=0.9913, val_auc=0.9817, val_aupr=0.9439, val_precision=0.8690, val_sensitivity=0.8486; val_specificity=0.9744
2026-03-30 20:13:51,419 - NEW BEST @ epoch 5: train_auc=0.9940, val_auc=0.9872, val_aupr=0.9608, val_precision=0.8468, val_sensitivity=0.9190; val_specificity=0.9667
2026-03-30 20:19:25,997 - NEW BEST @ epoch 7: train_auc=0.9976, val_auc=0.9905, val_aupr=0.9726, val_precision=0.9247, val_sensitivity=0.9168; val_specificity=0.9851
2026-03-30 20:30:36,863 - NEW BEST @ epoch 11: train_auc=0.9992, val_auc=0.9932, val_aupr=0.9797, val_precision=0.9534, val_sensitivity=0.9168; val_specificity=0.9910
2026-03-30 21:13:13,836 - MolecularDataset hyperparamets -> dataset=dataset1, trategy=conditional, aug train=False, aug eval=False
2026-03-30 21:13:34,818 - Test Loss: 1.3086
2026-03-30 21:13:34,818 - Test AUC: 0.7571
2026-03-30 21:13:34,818 - Test AUPR: 0.7492
2026-03-30 21:13:34,818 - Test Precision: 0.8027
2026-03-30 21:13:34,818 - Test Sensitivity (Recall): 0.1536
2026-03-30 21:13:34,818 - Test Specificity: 0.9592
2026-03-30 21:13:34,838 - Saved/updated summary to: results/result_tables/final_results/hyperparam_search_2503.csv
