2026-03-26 10:33:56,664 - Job 2503@j6 started with 12 hyperparameter combinations
2026-03-26 10:33:56,665 - [2503@j6] Running hyperparameter set 1/12 | lr=1e-05 | weight_decay=0.001 | mlp_dropout=0.3 | head_dropout=0.3 | self_attn_dropout=0.1 | compound_proj_dim=128 | ppi_fuse_setting=self_attn | head_fuse=cat | proj_feat=False
2026-03-26 10:33:56,665 - ---- Start Training & Testing Fold 1 ----
2026-03-26 10:33:56,665 - experiment 1 ...
2026-03-26 10:33:56,666 - --- Executing CV with scaffold split with hyperparameters: use_struct=True, save_probs=False, seed=42 ...
2026-03-26 10:33:56,666 - Dataset path -> datasets/multi_ppimi_s4_tests_splits_with_my_train
2026-03-26 10:33:56,712 - Initialized model | excluded=None | mlp_dropout=0.3 | head_dropout=0.3 | self_attn_dropout=0.1 | join_attn_feat=ppiformer | compound_dim=128 | compound_proj_dim=128 | ppi_fuse_setting=self_attn | head_fuse=cat | proj_feat=False
2026-03-26 10:33:56,764 - Excluded modalities: []
2026-03-26 10:33:56,971 - Active modalities: ['esm', 'fegs', 'gae']
2026-03-26 10:34:22,474 - MolecularDataset hyperparamets -> dataset=dataset1, trategy=conditional, aug train=False, aug eval=False
2026-03-26 10:34:31,440 - MolecularDataset hyperparamets -> dataset=dataset1, trategy=conditional, aug train=False, aug eval=False
2026-03-26 10:34:36,838 - MolecularDataset hyperparamets -> dataset=dataset1, trategy=conditional, aug train=False, aug eval=False
2026-03-26 10:34:42,106 - ---- train loader size -> 62190, val loader size 3276 ----
2026-03-26 10:37:57,154 - NEW BEST @ epoch 1: train_auc=0.6910, val_auc=0.7801, val_aupr=0.5761, val_precision=0.2932, val_sensitivity=0.7271; val_specificity=0.6495
2026-03-26 10:41:11,926 - NEW BEST @ epoch 2: train_auc=0.8596, val_auc=0.8921, val_aupr=0.7158, val_precision=0.4128, val_sensitivity=0.8278; val_specificity=0.7645
2026-03-26 10:44:28,102 - NEW BEST @ epoch 3: train_auc=0.9074, val_auc=0.9149, val_aupr=0.7533, val_precision=0.4824, val_sensitivity=0.8260; val_specificity=0.8227
2026-03-26 10:47:45,381 - NEW BEST @ epoch 4: train_auc=0.9317, val_auc=0.9290, val_aupr=0.7787, val_precision=0.5083, val_sensitivity=0.8407; val_specificity=0.8374
2026-03-26 10:51:01,129 - NEW BEST @ epoch 5: train_auc=0.9450, val_auc=0.9427, val_aupr=0.8073, val_precision=0.5341, val_sensitivity=0.8608; val_specificity=0.8498
2026-03-26 10:54:18,071 - NEW BEST @ epoch 6: train_auc=0.9561, val_auc=0.9515, val_aupr=0.8264, val_precision=0.6013, val_sensitivity=0.8370; val_specificity=0.8890
2026-03-26 10:57:35,760 - NEW BEST @ epoch 7: train_auc=0.9642, val_auc=0.9568, val_aupr=0.8419, val_precision=0.6370, val_sensitivity=0.8388; val_specificity=0.9044
2026-03-26 11:00:52,044 - NEW BEST @ epoch 8: train_auc=0.9700, val_auc=0.9603, val_aupr=0.8517, val_precision=0.6825, val_sensitivity=0.7875; val_specificity=0.9267
2026-03-26 11:04:08,535 - NEW BEST @ epoch 9: train_auc=0.9749, val_auc=0.9664, val_aupr=0.8685, val_precision=0.7277, val_sensitivity=0.7930; val_specificity=0.9407
2026-03-26 11:07:26,145 - NEW BEST @ epoch 10: train_auc=0.9788, val_auc=0.9698, val_aupr=0.8811, val_precision=0.7491, val_sensitivity=0.7821; val_specificity=0.9476
2026-03-26 11:14:01,570 - NEW BEST @ epoch 12: train_auc=0.9855, val_auc=0.9731, val_aupr=0.8922, val_precision=0.7595, val_sensitivity=0.8095; val_specificity=0.9487
2026-03-26 11:17:19,600 - NEW BEST @ epoch 13: train_auc=0.9868, val_auc=0.9757, val_aupr=0.9027, val_precision=0.7945, val_sensitivity=0.8004; val_specificity=0.9586
2026-03-26 11:23:52,999 - NEW BEST @ epoch 15: train_auc=0.9908, val_auc=0.9796, val_aupr=0.9147, val_precision=0.7837, val_sensitivity=0.8626; val_specificity=0.9524
2026-03-26 11:30:27,579 - NEW BEST @ epoch 17: train_auc=0.9933, val_auc=0.9827, val_aupr=0.9265, val_precision=0.7878, val_sensitivity=0.8773; val_specificity=0.9527
2026-03-26 11:40:16,145 - NEW BEST @ epoch 20: train_auc=0.9951, val_auc=0.9853, val_aupr=0.9374, val_precision=0.8475, val_sensitivity=0.8553; val_specificity=0.9692
2026-03-26 11:56:40,378 - NEW BEST @ epoch 25: train_auc=0.9971, val_auc=0.9877, val_aupr=0.9477, val_precision=0.8696, val_sensitivity=0.8919; val_specificity=0.9733
2026-03-26 12:46:30,249 - MolecularDataset hyperparamets -> dataset=dataset1, trategy=conditional, aug train=False, aug eval=False
2026-03-26 12:46:42,232 - Test Loss: 1.5767
2026-03-26 12:46:42,232 - Test AUC: 0.7237
2026-03-26 12:46:42,232 - Test AUPR: 0.5896
2026-03-26 12:46:42,232 - Test Precision: 0.0000
2026-03-26 12:46:42,232 - Test Sensitivity (Recall): 0.0000
2026-03-26 12:46:42,232 - Test Specificity: 0.9969
2026-03-26 12:46:42,242 - ---- Start Training & Testing Fold 2 ----
2026-03-26 12:46:42,242 - experiment 1 ...
2026-03-26 12:46:42,245 - --- Executing CV with scaffold split with hyperparameters: use_struct=True, save_probs=False, seed=42 ...
2026-03-26 12:46:42,245 - Dataset path -> datasets/multi_ppimi_s4_tests_splits_with_my_train
2026-03-26 12:46:42,288 - Initialized model | excluded=None | mlp_dropout=0.3 | head_dropout=0.3 | self_attn_dropout=0.1 | join_attn_feat=ppiformer | compound_dim=128 | compound_proj_dim=128 | ppi_fuse_setting=self_attn | head_fuse=cat | proj_feat=False
2026-03-26 12:46:42,290 - Excluded modalities: []
2026-03-26 12:46:42,331 - Active modalities: ['esm', 'fegs', 'gae']
2026-03-26 12:47:11,382 - MolecularDataset hyperparamets -> dataset=dataset1, trategy=conditional, aug train=False, aug eval=False
2026-03-26 12:47:20,362 - MolecularDataset hyperparamets -> dataset=dataset1, trategy=conditional, aug train=False, aug eval=False
2026-03-26 12:47:25,370 - MolecularDataset hyperparamets -> dataset=dataset1, trategy=conditional, aug train=False, aug eval=False
2026-03-26 12:47:30,456 - ---- train loader size -> 68988, val loader size 3636 ----
2026-03-26 12:51:08,614 - NEW BEST @ epoch 1: train_auc=0.6990, val_auc=0.8091, val_aupr=0.6002, val_precision=0.3210, val_sensitivity=0.7475; val_specificity=0.6838
2026-03-26 12:54:47,882 - NEW BEST @ epoch 2: train_auc=0.8596, val_auc=0.8821, val_aupr=0.7092, val_precision=0.4163, val_sensitivity=0.7921; val_specificity=0.7779
2026-03-26 12:58:28,192 - NEW BEST @ epoch 3: train_auc=0.9126, val_auc=0.9234, val_aupr=0.7737, val_precision=0.5400, val_sensitivity=0.7789; val_specificity=0.8673
2026-03-26 13:02:07,428 - NEW BEST @ epoch 4: train_auc=0.9395, val_auc=0.9389, val_aupr=0.8068, val_precision=0.5621, val_sensitivity=0.8218; val_specificity=0.8719
2026-03-26 13:05:48,457 - NEW BEST @ epoch 5: train_auc=0.9535, val_auc=0.9520, val_aupr=0.8348, val_precision=0.5933, val_sensitivity=0.8762; val_specificity=0.8799
2026-03-26 13:09:28,358 - NEW BEST @ epoch 6: train_auc=0.9646, val_auc=0.9579, val_aupr=0.8516, val_precision=0.6562, val_sensitivity=0.8663; val_specificity=0.9092
2026-03-26 13:13:09,959 - NEW BEST @ epoch 7: train_auc=0.9714, val_auc=0.9604, val_aupr=0.8590, val_precision=0.6789, val_sensitivity=0.8548; val_specificity=0.9191
2026-03-26 13:16:50,800 - NEW BEST @ epoch 8: train_auc=0.9774, val_auc=0.9659, val_aupr=0.8745, val_precision=0.7250, val_sensitivity=0.8267; val_specificity=0.9373
2026-03-26 13:24:10,306 - NEW BEST @ epoch 10: train_auc=0.9851, val_auc=0.9720, val_aupr=0.8930, val_precision=0.7579, val_sensitivity=0.8317; val_specificity=0.9469
2026-03-26 13:31:31,619 - NEW BEST @ epoch 12: train_auc=0.9895, val_auc=0.9760, val_aupr=0.9074, val_precision=0.8049, val_sensitivity=0.8102; val_specificity=0.9607
2026-03-26 13:35:10,596 - NEW BEST @ epoch 13: train_auc=0.9909, val_auc=0.9786, val_aupr=0.9160, val_precision=0.7789, val_sensitivity=0.8548; val_specificity=0.9515
2026-03-26 13:42:28,581 - NEW BEST @ epoch 15: train_auc=0.9935, val_auc=0.9818, val_aupr=0.9271, val_precision=0.8402, val_sensitivity=0.8416; val_specificity=0.9680
2026-03-26 13:49:47,478 - NEW BEST @ epoch 17: train_auc=0.9952, val_auc=0.9847, val_aupr=0.9377, val_precision=0.8613, val_sensitivity=0.8300; val_specificity=0.9733
2026-03-26 14:00:44,614 - NEW BEST @ epoch 20: train_auc=0.9968, val_auc=0.9881, val_aupr=0.9500, val_precision=0.8524, val_sensitivity=0.8861; val_specificity=0.9693
2026-03-26 14:26:13,090 - NEW BEST @ epoch 27: train_auc=0.9987, val_auc=0.9904, val_aupr=0.9605, val_precision=0.8902, val_sensitivity=0.8960; val_specificity=0.9779
2026-03-26 15:21:33,450 - MolecularDataset hyperparamets -> dataset=dataset1, trategy=conditional, aug train=False, aug eval=False
2026-03-26 15:21:44,781 - Test Loss: 1.9071
2026-03-26 15:21:44,781 - Test AUC: 0.8337
2026-03-26 15:21:44,781 - Test AUPR: 0.8061
2026-03-26 15:21:44,781 - Test Precision: 0.1000
2026-03-26 15:21:44,781 - Test Sensitivity (Recall): 0.0031
2026-03-26 15:21:44,781 - Test Specificity: 0.9585
2026-03-26 15:21:44,792 - ---- Start Training & Testing Fold 3 ----
2026-03-26 15:21:44,792 - experiment 1 ...
2026-03-26 15:21:44,793 - --- Executing CV with scaffold split with hyperparameters: use_struct=True, save_probs=False, seed=42 ...
2026-03-26 15:21:44,793 - Dataset path -> datasets/multi_ppimi_s4_tests_splits_with_my_train
2026-03-26 15:21:44,835 - Initialized model | excluded=None | mlp_dropout=0.3 | head_dropout=0.3 | self_attn_dropout=0.1 | join_attn_feat=ppiformer | compound_dim=128 | compound_proj_dim=128 | ppi_fuse_setting=self_attn | head_fuse=cat | proj_feat=False
2026-03-26 15:21:44,837 - Excluded modalities: []
2026-03-26 15:21:44,878 - Active modalities: ['esm', 'fegs', 'gae']
2026-03-26 15:22:12,675 - MolecularDataset hyperparamets -> dataset=dataset1, trategy=conditional, aug train=False, aug eval=False
2026-03-26 15:22:21,808 - MolecularDataset hyperparamets -> dataset=dataset1, trategy=conditional, aug train=False, aug eval=False
2026-03-26 15:22:26,937 - MolecularDataset hyperparamets -> dataset=dataset1, trategy=conditional, aug train=False, aug eval=False
2026-03-26 15:22:32,006 - ---- train loader size -> 65748, val loader size 3462 ----
2026-03-26 15:25:59,854 - NEW BEST @ epoch 1: train_auc=0.6745, val_auc=0.8080, val_aupr=0.6113, val_precision=0.3296, val_sensitivity=0.7643; val_specificity=0.6891
2026-03-26 15:29:27,906 - NEW BEST @ epoch 2: train_auc=0.8488, val_auc=0.9036, val_aupr=0.7438, val_precision=0.4476, val_sensitivity=0.8284; val_specificity=0.7955
2026-03-26 15:32:57,480 - NEW BEST @ epoch 3: train_auc=0.9057, val_auc=0.9262, val_aupr=0.7856, val_precision=0.4949, val_sensitivity=0.8354; val_specificity=0.8295
2026-03-26 15:36:26,169 - NEW BEST @ epoch 4: train_auc=0.9342, val_auc=0.9470, val_aupr=0.8199, val_precision=0.5424, val_sensitivity=0.8752; val_specificity=0.8523
2026-03-26 15:39:54,601 - NEW BEST @ epoch 5: train_auc=0.9500, val_auc=0.9518, val_aupr=0.8340, val_precision=0.6017, val_sensitivity=0.8354; val_specificity=0.8894
2026-03-26 15:43:22,265 - NEW BEST @ epoch 6: train_auc=0.9583, val_auc=0.9576, val_aupr=0.8471, val_precision=0.6462, val_sensitivity=0.8042; val_specificity=0.9120
2026-03-26 15:46:51,868 - NEW BEST @ epoch 7: train_auc=0.9662, val_auc=0.9613, val_aupr=0.8602, val_precision=0.6676, val_sensitivity=0.8146; val_specificity=0.9189
2026-03-26 15:50:21,673 - NEW BEST @ epoch 8: train_auc=0.9714, val_auc=0.9656, val_aupr=0.8728, val_precision=0.6703, val_sensitivity=0.8562; val_specificity=0.9158
2026-03-26 15:53:53,211 - NEW BEST @ epoch 9: train_auc=0.9772, val_auc=0.9705, val_aupr=0.8877, val_precision=0.7248, val_sensitivity=0.8215; val_specificity=0.9376
2026-03-26 16:00:51,040 - NEW BEST @ epoch 11: train_auc=0.9841, val_auc=0.9752, val_aupr=0.9026, val_precision=0.7615, val_sensitivity=0.8302; val_specificity=0.9480
2026-03-26 16:04:20,389 - NEW BEST @ epoch 12: train_auc=0.9861, val_auc=0.9775, val_aupr=0.9111, val_precision=0.8161, val_sensitivity=0.8076; val_specificity=0.9636
2026-03-26 16:11:20,452 - NEW BEST @ epoch 14: train_auc=0.9905, val_auc=0.9822, val_aupr=0.9294, val_precision=0.8372, val_sensitivity=0.8198; val_specificity=0.9681
2026-03-26 16:18:20,504 - NEW BEST @ epoch 16: train_auc=0.9930, val_auc=0.9843, val_aupr=0.9369, val_precision=0.8536, val_sensitivity=0.8284; val_specificity=0.9716
2026-03-26 16:28:50,014 - NEW BEST @ epoch 19: train_auc=0.9952, val_auc=0.9863, val_aupr=0.9451, val_precision=0.8661, val_sensitivity=0.8406; val_specificity=0.9740
2026-03-26 16:42:48,556 - NEW BEST @ epoch 23: train_auc=0.9971, val_auc=0.9894, val_aupr=0.9582, val_precision=0.8832, val_sensitivity=0.8648; val_specificity=0.9771
2026-03-26 17:21:16,658 - NEW BEST @ epoch 34: train_auc=0.9990, val_auc=0.9918, val_aupr=0.9679, val_precision=0.8955, val_sensitivity=0.8908; val_specificity=0.9792
2026-03-26 18:14:19,687 - MolecularDataset hyperparamets -> dataset=dataset1, trategy=conditional, aug train=False, aug eval=False
2026-03-26 18:14:30,322 - Test Loss: 0.9092
2026-03-26 18:14:30,322 - Test AUC: 0.9324
2026-03-26 18:14:30,322 - Test AUPR: 0.9007
2026-03-26 18:14:30,322 - Test Precision: 0.9500
2026-03-26 18:14:30,322 - Test Sensitivity (Recall): 0.2664
2026-03-26 18:14:30,322 - Test Specificity: 0.9883
2026-03-26 18:14:30,334 - ---- Start Training & Testing Fold 4 ----
2026-03-26 18:14:30,335 - experiment 1 ...
2026-03-26 18:14:30,336 - --- Executing CV with scaffold split with hyperparameters: use_struct=True, save_probs=False, seed=42 ...
2026-03-26 18:14:30,336 - Dataset path -> datasets/multi_ppimi_s4_tests_splits_with_my_train
2026-03-26 18:14:30,366 - Initialized model | excluded=None | mlp_dropout=0.3 | head_dropout=0.3 | self_attn_dropout=0.1 | join_attn_feat=ppiformer | compound_dim=128 | compound_proj_dim=128 | ppi_fuse_setting=self_attn | head_fuse=cat | proj_feat=False
2026-03-26 18:14:30,368 - Excluded modalities: []
2026-03-26 18:14:30,409 - Active modalities: ['esm', 'fegs', 'gae']
2026-03-26 18:14:49,846 - MolecularDataset hyperparamets -> dataset=dataset1, trategy=conditional, aug train=False, aug eval=False
2026-03-26 18:14:57,821 - MolecularDataset hyperparamets -> dataset=dataset1, trategy=conditional, aug train=False, aug eval=False
2026-03-26 18:15:02,951 - MolecularDataset hyperparamets -> dataset=dataset1, trategy=conditional, aug train=False, aug eval=False
2026-03-26 18:15:08,038 - ---- train loader size -> 45126, val loader size 2376 ----
2026-03-26 18:17:30,179 - NEW BEST @ epoch 1: train_auc=0.6028, val_auc=0.7289, val_aupr=0.4640, val_precision=0.2596, val_sensitivity=0.6818; val_specificity=0.6111
2026-03-26 18:19:53,003 - NEW BEST @ epoch 2: train_auc=0.7582, val_auc=0.8315, val_aupr=0.6189, val_precision=0.3337, val_sensitivity=0.7879; val_specificity=0.6854
2026-03-26 18:22:16,261 - NEW BEST @ epoch 3: train_auc=0.8335, val_auc=0.8744, val_aupr=0.6782, val_precision=0.4048, val_sensitivity=0.8106; val_specificity=0.7616
2026-03-26 18:24:40,119 - NEW BEST @ epoch 4: train_auc=0.8739, val_auc=0.9002, val_aupr=0.7184, val_precision=0.4123, val_sensitivity=0.8434; val_specificity=0.7596
2026-03-26 18:27:02,819 - NEW BEST @ epoch 5: train_auc=0.8950, val_auc=0.9062, val_aupr=0.7310, val_precision=0.4652, val_sensitivity=0.8283; val_specificity=0.8096
2026-03-26 18:29:25,761 - NEW BEST @ epoch 6: train_auc=0.9111, val_auc=0.9171, val_aupr=0.7516, val_precision=0.5116, val_sensitivity=0.8333; val_specificity=0.8409
2026-03-26 18:31:49,653 - NEW BEST @ epoch 7: train_auc=0.9238, val_auc=0.9265, val_aupr=0.7751, val_precision=0.5321, val_sensitivity=0.8384; val_specificity=0.8525
2026-03-26 18:34:13,965 - NEW BEST @ epoch 8: train_auc=0.9316, val_auc=0.9324, val_aupr=0.7864, val_precision=0.5417, val_sensitivity=0.8207; val_specificity=0.8611
2026-03-26 18:36:37,531 - NEW BEST @ epoch 9: train_auc=0.9421, val_auc=0.9399, val_aupr=0.8044, val_precision=0.6151, val_sensitivity=0.8030; val_specificity=0.8995
2026-03-26 18:41:24,009 - NEW BEST @ epoch 11: train_auc=0.9546, val_auc=0.9464, val_aupr=0.8222, val_precision=0.6609, val_sensitivity=0.7778; val_specificity=0.9202
2026-03-26 18:43:47,876 - NEW BEST @ epoch 12: train_auc=0.9601, val_auc=0.9485, val_aupr=0.8297, val_precision=0.6979, val_sensitivity=0.7702; val_specificity=0.9333
2026-03-26 18:46:12,024 - NEW BEST @ epoch 13: train_auc=0.9639, val_auc=0.9533, val_aupr=0.8403, val_precision=0.6946, val_sensitivity=0.7753; val_specificity=0.9318
2026-03-26 18:48:37,163 - NEW BEST @ epoch 14: train_auc=0.9675, val_auc=0.9567, val_aupr=0.8476, val_precision=0.7232, val_sensitivity=0.7652; val_specificity=0.9414
2026-03-26 18:53:21,983 - NEW BEST @ epoch 16: train_auc=0.9743, val_auc=0.9617, val_aupr=0.8657, val_precision=0.7363, val_sensitivity=0.7828; val_specificity=0.9439
2026-03-26 19:00:33,272 - NEW BEST @ epoch 19: train_auc=0.9832, val_auc=0.9683, val_aupr=0.8830, val_precision=0.7619, val_sensitivity=0.8081; val_specificity=0.9495
2026-03-26 19:14:59,972 - NEW BEST @ epoch 25: train_auc=0.9909, val_auc=0.9710, val_aupr=0.8968, val_precision=0.8293, val_sensitivity=0.7727; val_specificity=0.9682
2026-03-26 19:19:48,290 - NEW BEST @ epoch 27: train_auc=0.9926, val_auc=0.9734, val_aupr=0.9046, val_precision=0.8459, val_sensitivity=0.7626; val_specificity=0.9722
2026-03-26 19:53:32,572 - NEW BEST @ epoch 41: train_auc=0.9978, val_auc=0.9755, val_aupr=0.9124, val_precision=0.8229, val_sensitivity=0.7980; val_specificity=0.9657
2026-03-26 20:29:58,628 - MolecularDataset hyperparamets -> dataset=dataset1, trategy=conditional, aug train=False, aug eval=False
2026-03-26 20:30:21,870 - Test Loss: 0.4971
2026-03-26 20:30:21,870 - Test AUC: 0.9255
2026-03-26 20:30:21,870 - Test AUPR: 0.8589
2026-03-26 20:30:21,870 - Test Precision: 0.8891
2026-03-26 20:30:21,870 - Test Sensitivity (Recall): 0.6386
2026-03-26 20:30:21,870 - Test Specificity: 0.9419
2026-03-26 20:30:21,884 - ---- Start Training & Testing Fold 5 ----
2026-03-26 20:30:21,884 - experiment 1 ...
2026-03-26 20:30:21,887 - --- Executing CV with scaffold split with hyperparameters: use_struct=True, save_probs=False, seed=42 ...
2026-03-26 20:30:21,887 - Dataset path -> datasets/multi_ppimi_s4_tests_splits_with_my_train
2026-03-26 20:30:21,929 - Initialized model | excluded=None | mlp_dropout=0.3 | head_dropout=0.3 | self_attn_dropout=0.1 | join_attn_feat=ppiformer | compound_dim=128 | compound_proj_dim=128 | ppi_fuse_setting=self_attn | head_fuse=cat | proj_feat=False
2026-03-26 20:30:21,931 - Excluded modalities: []
2026-03-26 20:30:21,973 - Active modalities: ['esm', 'fegs', 'gae']
2026-03-26 20:30:45,974 - MolecularDataset hyperparamets -> dataset=dataset1, trategy=conditional, aug train=False, aug eval=False
2026-03-26 20:30:53,203 - MolecularDataset hyperparamets -> dataset=dataset1, trategy=conditional, aug train=False, aug eval=False
2026-03-26 20:30:58,167 - MolecularDataset hyperparamets -> dataset=dataset1, trategy=conditional, aug train=False, aug eval=False
2026-03-26 20:31:03,290 - ---- train loader size -> 53418, val loader size 2814 ----
2026-03-26 20:33:57,100 - NEW BEST @ epoch 1: train_auc=0.6496, val_auc=0.7725, val_aupr=0.5881, val_precision=0.2794, val_sensitivity=0.7186; val_specificity=0.6294
2026-03-26 20:36:49,403 - NEW BEST @ epoch 2: train_auc=0.8237, val_auc=0.8709, val_aupr=0.7167, val_precision=0.3754, val_sensitivity=0.8380; val_specificity=0.7211
2026-03-26 20:39:41,031 - NEW BEST @ epoch 3: train_auc=0.8917, val_auc=0.9066, val_aupr=0.7595, val_precision=0.4981, val_sensitivity=0.8209; val_specificity=0.8345
2026-03-26 20:42:33,120 - NEW BEST @ epoch 4: train_auc=0.9203, val_auc=0.9346, val_aupr=0.8046, val_precision=0.5369, val_sensitivity=0.8529; val_specificity=0.8529
2026-03-26 20:45:24,677 - NEW BEST @ epoch 5: train_auc=0.9385, val_auc=0.9465, val_aupr=0.8242, val_precision=0.5994, val_sensitivity=0.8614; val_specificity=0.8849
2026-03-26 20:48:18,142 - NEW BEST @ epoch 6: train_auc=0.9509, val_auc=0.9534, val_aupr=0.8361, val_precision=0.6545, val_sensitivity=0.8038; val_specificity=0.9151
2026-03-26 20:51:09,812 - NEW BEST @ epoch 7: train_auc=0.9590, val_auc=0.9594, val_aupr=0.8528, val_precision=0.6747, val_sensitivity=0.8401; val_specificity=0.9190
2026-03-26 20:54:01,512 - NEW BEST @ epoch 8: train_auc=0.9644, val_auc=0.9629, val_aupr=0.8621, val_precision=0.6824, val_sensitivity=0.8614; val_specificity=0.9198
2026-03-26 20:56:53,491 - NEW BEST @ epoch 9: train_auc=0.9699, val_auc=0.9650, val_aupr=0.8692, val_precision=0.6694, val_sensitivity=0.8849; val_specificity=0.9126
2026-03-26 20:59:45,790 - NEW BEST @ epoch 10: train_auc=0.9751, val_auc=0.9671, val_aupr=0.8762, val_precision=0.7073, val_sensitivity=0.8657; val_specificity=0.9284
2026-03-26 21:02:38,722 - NEW BEST @ epoch 11: train_auc=0.9792, val_auc=0.9717, val_aupr=0.8930, val_precision=0.7468, val_sensitivity=0.8678; val_specificity=0.9412
2026-03-26 21:05:31,166 - NEW BEST @ epoch 12: train_auc=0.9819, val_auc=0.9745, val_aupr=0.9041, val_precision=0.7626, val_sensitivity=0.8699; val_specificity=0.9458
2026-03-26 21:11:14,022 - NEW BEST @ epoch 14: train_auc=0.9879, val_auc=0.9792, val_aupr=0.9259, val_precision=0.7873, val_sensitivity=0.8998; val_specificity=0.9514
2026-03-26 21:16:57,825 - NEW BEST @ epoch 16: train_auc=0.9909, val_auc=0.9818, val_aupr=0.9429, val_precision=0.8431, val_sensitivity=0.8934; val_specificity=0.9667
2026-03-26 21:19:50,225 - NEW BEST @ epoch 17: train_auc=0.9922, val_auc=0.9838, val_aupr=0.9489, val_precision=0.8628, val_sensitivity=0.8849; val_specificity=0.9719
2026-03-26 21:25:34,412 - NEW BEST @ epoch 19: train_auc=0.9939, val_auc=0.9860, val_aupr=0.9584, val_precision=0.8716, val_sensitivity=0.8977; val_specificity=0.9736
2026-03-26 21:42:42,339 - NEW BEST @ epoch 25: train_auc=0.9974, val_auc=0.9887, val_aupr=0.9707, val_precision=0.9040, val_sensitivity=0.9232; val_specificity=0.9804
2026-03-26 21:59:54,536 - NEW BEST @ epoch 31: train_auc=0.9986, val_auc=0.9915, val_aupr=0.9746, val_precision=0.9146, val_sensitivity=0.9360; val_specificity=0.9825
2026-03-26 22:43:36,659 - MolecularDataset hyperparamets -> dataset=dataset1, trategy=conditional, aug train=False, aug eval=False
2026-03-26 22:44:00,145 - Test Loss: 0.8889
2026-03-26 22:44:00,145 - Test AUC: 0.8444
2026-03-26 22:44:00,145 - Test AUPR: 0.8275
2026-03-26 22:44:00,145 - Test Precision: 0.8553
2026-03-26 22:44:00,145 - Test Sensitivity (Recall): 0.2539
2026-03-26 22:44:00,145 - Test Specificity: 0.9536
2026-03-26 22:44:00,166 - Saved/updated summary to: results/result_tables/final_results/hyperparam_search_2503.csv
2026-03-26 22:44:00,166 - [2503@j6] Running hyperparameter set 2/12 | lr=1e-05 | weight_decay=0.001 | mlp_dropout=0.3 | head_dropout=0.3 | self_attn_dropout=0.3 | compound_proj_dim=128 | ppi_fuse_setting=self_attn | head_fuse=cat | proj_feat=False
2026-03-26 22:44:00,166 - ---- Start Training & Testing Fold 1 ----
2026-03-26 22:44:00,166 - experiment 1 ...
2026-03-26 22:44:00,168 - --- Executing CV with scaffold split with hyperparameters: use_struct=True, save_probs=False, seed=42 ...
2026-03-26 22:44:00,168 - Dataset path -> datasets/multi_ppimi_s4_tests_splits_with_my_train
2026-03-26 22:44:00,208 - Initialized model | excluded=None | mlp_dropout=0.3 | head_dropout=0.3 | self_attn_dropout=0.3 | join_attn_feat=ppiformer | compound_dim=128 | compound_proj_dim=128 | ppi_fuse_setting=self_attn | head_fuse=cat | proj_feat=False
2026-03-26 22:44:00,210 - Excluded modalities: []
2026-03-26 22:44:00,252 - Active modalities: ['esm', 'fegs', 'gae']
2026-03-26 22:44:27,135 - MolecularDataset hyperparamets -> dataset=dataset1, trategy=conditional, aug train=False, aug eval=False
2026-03-26 22:44:36,250 - MolecularDataset hyperparamets -> dataset=dataset1, trategy=conditional, aug train=False, aug eval=False
2026-03-26 22:44:41,577 - MolecularDataset hyperparamets -> dataset=dataset1, trategy=conditional, aug train=False, aug eval=False
2026-03-26 22:44:48,084 - ---- train loader size -> 62190, val loader size 3276 ----
2026-03-26 22:48:05,561 - NEW BEST @ epoch 1: train_auc=0.6900, val_auc=0.7771, val_aupr=0.5688, val_precision=0.2933, val_sensitivity=0.7253; val_specificity=0.6505
2026-03-26 22:51:25,059 - NEW BEST @ epoch 2: train_auc=0.8588, val_auc=0.8910, val_aupr=0.7164, val_precision=0.4147, val_sensitivity=0.8242; val_specificity=0.7674
2026-03-26 22:54:43,778 - NEW BEST @ epoch 3: train_auc=0.9087, val_auc=0.9152, val_aupr=0.7540, val_precision=0.4763, val_sensitivity=0.8278; val_specificity=0.8179
2026-03-26 22:58:01,555 - NEW BEST @ epoch 4: train_auc=0.9327, val_auc=0.9306, val_aupr=0.7802, val_precision=0.5094, val_sensitivity=0.8462; val_specificity=0.8370
2026-03-26 23:01:18,568 - NEW BEST @ epoch 5: train_auc=0.9462, val_auc=0.9447, val_aupr=0.8128, val_precision=0.5641, val_sensitivity=0.8700; val_specificity=0.8656
2026-03-26 23:04:35,430 - NEW BEST @ epoch 6: train_auc=0.9569, val_auc=0.9529, val_aupr=0.8307, val_precision=0.6187, val_sensitivity=0.8352; val_specificity=0.8971
2026-03-26 23:07:51,943 - NEW BEST @ epoch 7: train_auc=0.9650, val_auc=0.9578, val_aupr=0.8466, val_precision=0.6435, val_sensitivity=0.8462; val_specificity=0.9062
2026-03-26 23:11:08,597 - NEW BEST @ epoch 8: train_auc=0.9707, val_auc=0.9599, val_aupr=0.8535, val_precision=0.6835, val_sensitivity=0.7912; val_specificity=0.9267
2026-03-26 23:14:27,014 - NEW BEST @ epoch 9: train_auc=0.9755, val_auc=0.9674, val_aupr=0.8745, val_precision=0.7393, val_sensitivity=0.7894; val_specificity=0.9443
2026-03-26 23:17:47,668 - NEW BEST @ epoch 10: train_auc=0.9796, val_auc=0.9709, val_aupr=0.8850, val_precision=0.7642, val_sensitivity=0.7894; val_specificity=0.9513
2026-03-26 23:24:21,210 - NEW BEST @ epoch 12: train_auc=0.9861, val_auc=0.9745, val_aupr=0.8980, val_precision=0.7627, val_sensitivity=0.8242; val_specificity=0.9487
2026-03-26 23:27:39,718 - NEW BEST @ epoch 13: train_auc=0.9872, val_auc=0.9766, val_aupr=0.9070, val_precision=0.8033, val_sensitivity=0.8004; val_specificity=0.9608
2026-03-26 23:30:57,335 - NEW BEST @ epoch 14: train_auc=0.9893, val_auc=0.9794, val_aupr=0.9141, val_precision=0.8042, val_sensitivity=0.8425; val_specificity=0.9590
2026-03-26 23:40:55,174 - NEW BEST @ epoch 17: train_auc=0.9934, val_auc=0.9833, val_aupr=0.9275, val_precision=0.8168, val_sensitivity=0.8736; val_specificity=0.9608
2026-03-26 23:50:49,113 - NEW BEST @ epoch 20: train_auc=0.9953, val_auc=0.9857, val_aupr=0.9387, val_precision=0.8592, val_sensitivity=0.8608; val_specificity=0.9718
2026-03-27 00:17:11,586 - NEW BEST @ epoch 28: train_auc=0.9977, val_auc=0.9884, val_aupr=0.9492, val_precision=0.8793, val_sensitivity=0.8810; val_specificity=0.9758
2026-03-27 01:07:27,672 - MolecularDataset hyperparamets -> dataset=dataset1, trategy=conditional, aug train=False, aug eval=False
2026-03-27 01:07:40,138 - Test Loss: 1.7081
2026-03-27 01:07:40,138 - Test AUC: 0.7865
2026-03-27 01:07:40,138 - Test AUPR: 0.7087
2026-03-27 01:07:40,138 - Test Precision: 0.0000
2026-03-27 01:07:40,138 - Test Sensitivity (Recall): 0.0000
2026-03-27 01:07:40,139 - Test Specificity: 0.9937
2026-03-27 01:07:40,149 - ---- Start Training & Testing Fold 2 ----
2026-03-27 01:07:40,150 - experiment 1 ...
2026-03-27 01:07:40,151 - --- Executing CV with scaffold split with hyperparameters: use_struct=True, save_probs=False, seed=42 ...
2026-03-27 01:07:40,151 - Dataset path -> datasets/multi_ppimi_s4_tests_splits_with_my_train
2026-03-27 01:07:40,195 - Initialized model | excluded=None | mlp_dropout=0.3 | head_dropout=0.3 | self_attn_dropout=0.3 | join_attn_feat=ppiformer | compound_dim=128 | compound_proj_dim=128 | ppi_fuse_setting=self_attn | head_fuse=cat | proj_feat=False
2026-03-27 01:07:40,197 - Excluded modalities: []
2026-03-27 01:07:40,238 - Active modalities: ['esm', 'fegs', 'gae']
2026-03-27 01:08:09,821 - MolecularDataset hyperparamets -> dataset=dataset1, trategy=conditional, aug train=False, aug eval=False
2026-03-27 01:08:19,103 - MolecularDataset hyperparamets -> dataset=dataset1, trategy=conditional, aug train=False, aug eval=False
2026-03-27 01:08:24,430 - MolecularDataset hyperparamets -> dataset=dataset1, trategy=conditional, aug train=False, aug eval=False
2026-03-27 01:08:29,742 - ---- train loader size -> 68988, val loader size 3636 ----
2026-03-27 01:12:10,901 - NEW BEST @ epoch 1: train_auc=0.6963, val_auc=0.8029, val_aupr=0.5959, val_precision=0.3123, val_sensitivity=0.7426; val_specificity=0.6729
2026-03-27 01:15:51,011 - NEW BEST @ epoch 2: train_auc=0.8568, val_auc=0.8819, val_aupr=0.7101, val_precision=0.4118, val_sensitivity=0.7970; val_specificity=0.7723
2026-03-27 01:19:32,040 - NEW BEST @ epoch 3: train_auc=0.9107, val_auc=0.9204, val_aupr=0.7708, val_precision=0.5385, val_sensitivity=0.7739; val_specificity=0.8673
2026-03-27 01:23:12,413 - NEW BEST @ epoch 4: train_auc=0.9383, val_auc=0.9388, val_aupr=0.8078, val_precision=0.5608, val_sensitivity=0.8300; val_specificity=0.8700
2026-03-27 01:26:51,969 - NEW BEST @ epoch 5: train_auc=0.9539, val_auc=0.9520, val_aupr=0.8346, val_precision=0.5982, val_sensitivity=0.8696; val_specificity=0.8832
2026-03-27 01:30:34,791 - NEW BEST @ epoch 6: train_auc=0.9647, val_auc=0.9580, val_aupr=0.8512, val_precision=0.6579, val_sensitivity=0.8663; val_specificity=0.9099
2026-03-27 01:34:14,409 - NEW BEST @ epoch 7: train_auc=0.9712, val_auc=0.9604, val_aupr=0.8580, val_precision=0.6785, val_sensitivity=0.8531; val_specificity=0.9191
2026-03-27 01:37:55,405 - NEW BEST @ epoch 8: train_auc=0.9773, val_auc=0.9649, val_aupr=0.8726, val_precision=0.7305, val_sensitivity=0.8185; val_specificity=0.9396
2026-03-27 01:45:20,104 - NEW BEST @ epoch 10: train_auc=0.9849, val_auc=0.9711, val_aupr=0.8913, val_precision=0.7545, val_sensitivity=0.8267; val_specificity=0.9462
2026-03-27 01:49:02,006 - NEW BEST @ epoch 11: train_auc=0.9872, val_auc=0.9734, val_aupr=0.8981, val_precision=0.7929, val_sensitivity=0.8152; val_specificity=0.9574
2026-03-27 01:56:23,020 - NEW BEST @ epoch 13: train_auc=0.9910, val_auc=0.9773, val_aupr=0.9130, val_precision=0.7687, val_sensitivity=0.8498; val_specificity=0.9488
2026-03-27 03:03:43,981 - NEW BEST @ epoch 15: train_auc=0.9936, val_auc=0.9808, val_aupr=0.9253, val_precision=0.8439, val_sensitivity=0.8383; val_specificity=0.9690
2026-03-27 03:11:03,944 - NEW BEST @ epoch 17: train_auc=0.9954, val_auc=0.9832, val_aupr=0.9332, val_precision=0.8620, val_sensitivity=0.8449; val_specificity=0.9729
2026-03-27 03:22:03,035 - NEW BEST @ epoch 20: train_auc=0.9968, val_auc=0.9874, val_aupr=0.9479, val_precision=0.8492, val_sensitivity=0.8828; val_specificity=0.9686
2026-03-27 03:40:20,056 - NEW BEST @ epoch 25: train_auc=0.9983, val_auc=0.9894, val_aupr=0.9568, val_precision=0.8551, val_sensitivity=0.8960; val_specificity=0.9696
2026-03-27 04:35:22,259 - NEW BEST @ epoch 40: train_auc=0.9995, val_auc=0.9914, val_aupr=0.9652, val_precision=0.9005, val_sensitivity=0.8960; val_specificity=0.9802
2026-03-27 05:31:01,075 - MolecularDataset hyperparamets -> dataset=dataset1, trategy=conditional, aug train=False, aug eval=False
2026-03-27 05:31:12,523 - Test Loss: 3.2029
2026-03-27 05:31:12,524 - Test AUC: 0.6657
2026-03-27 05:31:12,524 - Test AUPR: 0.7099
2026-03-27 05:31:12,524 - Test Precision: 0.2727
2026-03-27 05:31:12,524 - Test Sensitivity (Recall): 0.0092
2026-03-27 05:31:12,524 - Test Specificity: 0.9631
2026-03-27 05:31:12,534 - ---- Start Training & Testing Fold 3 ----
2026-03-27 05:31:12,535 - experiment 1 ...
2026-03-27 05:31:12,536 - --- Executing CV with scaffold split with hyperparameters: use_struct=True, save_probs=False, seed=42 ...
2026-03-27 05:31:12,536 - Dataset path -> datasets/multi_ppimi_s4_tests_splits_with_my_train
2026-03-27 05:31:12,577 - Initialized model | excluded=None | mlp_dropout=0.3 | head_dropout=0.3 | self_attn_dropout=0.3 | join_attn_feat=ppiformer | compound_dim=128 | compound_proj_dim=128 | ppi_fuse_setting=self_attn | head_fuse=cat | proj_feat=False
2026-03-27 05:31:12,579 - Excluded modalities: []
2026-03-27 05:31:12,620 - Active modalities: ['esm', 'fegs', 'gae']
2026-03-27 05:31:41,149 - MolecularDataset hyperparamets -> dataset=dataset1, trategy=conditional, aug train=False, aug eval=False
2026-03-27 05:31:50,282 - MolecularDataset hyperparamets -> dataset=dataset1, trategy=conditional, aug train=False, aug eval=False
2026-03-27 05:31:55,611 - MolecularDataset hyperparamets -> dataset=dataset1, trategy=conditional, aug train=False, aug eval=False
2026-03-27 05:32:00,977 - ---- train loader size -> 65748, val loader size 3462 ----
2026-03-27 05:35:30,849 - NEW BEST @ epoch 1: train_auc=0.6745, val_auc=0.8141, val_aupr=0.6164, val_precision=0.3301, val_sensitivity=0.7660; val_specificity=0.6891
2026-03-27 05:38:59,732 - NEW BEST @ epoch 2: train_auc=0.8503, val_auc=0.9037, val_aupr=0.7473, val_precision=0.4385, val_sensitivity=0.8284; val_specificity=0.7879
2026-03-27 05:42:27,721 - NEW BEST @ epoch 3: train_auc=0.9071, val_auc=0.9258, val_aupr=0.7852, val_precision=0.4751, val_sensitivity=0.8440; val_specificity=0.8135
2026-03-27 05:45:57,204 - NEW BEST @ epoch 4: train_auc=0.9345, val_auc=0.9471, val_aupr=0.8203, val_precision=0.5465, val_sensitivity=0.8752; val_specificity=0.8548
2026-03-27 05:49:29,313 - NEW BEST @ epoch 5: train_auc=0.9507, val_auc=0.9508, val_aupr=0.8329, val_precision=0.5916, val_sensitivity=0.8336; val_specificity=0.8849
2026-03-27 05:52:59,962 - NEW BEST @ epoch 6: train_auc=0.9590, val_auc=0.9581, val_aupr=0.8490, val_precision=0.6399, val_sensitivity=0.8284; val_specificity=0.9068
2026-03-27 05:56:32,230 - NEW BEST @ epoch 7: train_auc=0.9666, val_auc=0.9615, val_aupr=0.8616, val_precision=0.6685, val_sensitivity=0.8284; val_specificity=0.9179
2026-03-27 06:00:04,353 - NEW BEST @ epoch 8: train_auc=0.9720, val_auc=0.9667, val_aupr=0.8751, val_precision=0.6758, val_sensitivity=0.8527; val_specificity=0.9182
2026-03-27 06:03:33,611 - NEW BEST @ epoch 9: train_auc=0.9771, val_auc=0.9710, val_aupr=0.8894, val_precision=0.7297, val_sensitivity=0.8423; val_specificity=0.9376
2026-03-27 06:10:35,337 - NEW BEST @ epoch 11: train_auc=0.9844, val_auc=0.9764, val_aupr=0.9075, val_precision=0.7643, val_sensitivity=0.8544; val_specificity=0.9473
2026-03-27 06:17:35,880 - NEW BEST @ epoch 13: train_auc=0.9885, val_auc=0.9797, val_aupr=0.9175, val_precision=0.8027, val_sensitivity=0.8250; val_specificity=0.9594
2026-03-27 06:24:35,762 - NEW BEST @ epoch 15: train_auc=0.9916, val_auc=0.9832, val_aupr=0.9317, val_precision=0.8351, val_sensitivity=0.8423; val_specificity=0.9667
2026-03-27 06:31:34,789 - NEW BEST @ epoch 17: train_auc=0.9940, val_auc=0.9854, val_aupr=0.9410, val_precision=0.8673, val_sensitivity=0.8267; val_specificity=0.9747
2026-03-27 06:42:07,666 - NEW BEST @ epoch 20: train_auc=0.9956, val_auc=0.9878, val_aupr=0.9507, val_precision=0.8645, val_sensitivity=0.8735; val_specificity=0.9726
2026-03-27 07:17:17,876 - NEW BEST @ epoch 30: train_auc=0.9985, val_auc=0.9909, val_aupr=0.9633, val_precision=0.8943, val_sensitivity=0.8943; val_specificity=0.9789
2026-03-27 08:10:36,146 - MolecularDataset hyperparamets -> dataset=dataset1, trategy=conditional, aug train=False, aug eval=False
2026-03-27 08:10:46,912 - Test Loss: 1.0389
2026-03-27 08:10:46,912 - Test AUC: 0.8938
2026-03-27 08:10:46,912 - Test AUPR: 0.8596
2026-03-27 08:10:46,912 - Test Precision: 0.9375
2026-03-27 08:10:46,912 - Test Sensitivity (Recall): 0.2804
2026-03-27 08:10:46,912 - Test Specificity: 0.9844
2026-03-27 08:10:46,924 - ---- Start Training & Testing Fold 4 ----
2026-03-27 08:10:46,924 - experiment 1 ...
2026-03-27 08:10:46,926 - --- Executing CV with scaffold split with hyperparameters: use_struct=True, save_probs=False, seed=42 ...
2026-03-27 08:10:46,926 - Dataset path -> datasets/multi_ppimi_s4_tests_splits_with_my_train
2026-03-27 08:10:46,957 - Initialized model | excluded=None | mlp_dropout=0.3 | head_dropout=0.3 | self_attn_dropout=0.3 | join_attn_feat=ppiformer | compound_dim=128 | compound_proj_dim=128 | ppi_fuse_setting=self_attn | head_fuse=cat | proj_feat=False
2026-03-27 08:10:46,959 - Excluded modalities: []
2026-03-27 08:10:47,000 - Active modalities: ['esm', 'fegs', 'gae']
2026-03-27 08:11:06,035 - MolecularDataset hyperparamets -> dataset=dataset1, trategy=conditional, aug train=False, aug eval=False
2026-03-27 08:11:14,000 - MolecularDataset hyperparamets -> dataset=dataset1, trategy=conditional, aug train=False, aug eval=False
2026-03-27 08:11:19,294 - MolecularDataset hyperparamets -> dataset=dataset1, trategy=conditional, aug train=False, aug eval=False
2026-03-27 08:11:24,470 - ---- train loader size -> 45126, val loader size 2376 ----
2026-03-27 08:13:47,522 - NEW BEST @ epoch 1: train_auc=0.6051, val_auc=0.7307, val_aupr=0.4689, val_precision=0.2620, val_sensitivity=0.6768; val_specificity=0.6187
2026-03-27 08:16:12,632 - NEW BEST @ epoch 2: train_auc=0.7578, val_auc=0.8338, val_aupr=0.6177, val_precision=0.3330, val_sensitivity=0.7955; val_specificity=0.6813
2026-03-27 08:18:37,798 - NEW BEST @ epoch 3: train_auc=0.8335, val_auc=0.8750, val_aupr=0.6795, val_precision=0.4015, val_sensitivity=0.8081; val_specificity=0.7591
2026-03-27 08:21:02,899 - NEW BEST @ epoch 4: train_auc=0.8732, val_auc=0.9007, val_aupr=0.7193, val_precision=0.4098, val_sensitivity=0.8434; val_specificity=0.7571
2026-03-27 08:23:28,061 - NEW BEST @ epoch 5: train_auc=0.8948, val_auc=0.9070, val_aupr=0.7329, val_precision=0.4542, val_sensitivity=0.8258; val_specificity=0.8015
2026-03-27 08:25:51,809 - NEW BEST @ epoch 6: train_auc=0.9111, val_auc=0.9183, val_aupr=0.7525, val_precision=0.5054, val_sensitivity=0.8308; val_specificity=0.8374
2026-03-27 08:28:15,893 - NEW BEST @ epoch 7: train_auc=0.9234, val_auc=0.9264, val_aupr=0.7733, val_precision=0.5206, val_sensitivity=0.8308; val_specificity=0.8470
2026-03-27 08:30:41,685 - NEW BEST @ epoch 8: train_auc=0.9315, val_auc=0.9330, val_aupr=0.7866, val_precision=0.5456, val_sensitivity=0.8308; val_specificity=0.8616
2026-03-27 08:33:05,831 - NEW BEST @ epoch 9: train_auc=0.9417, val_auc=0.9409, val_aupr=0.8053, val_precision=0.6084, val_sensitivity=0.8005; val_specificity=0.8970
2026-03-27 08:37:55,388 - NEW BEST @ epoch 11: train_auc=0.9543, val_auc=0.9469, val_aupr=0.8237, val_precision=0.6645, val_sensitivity=0.7904; val_specificity=0.9202
2026-03-27 08:42:46,735 - NEW BEST @ epoch 13: train_auc=0.9635, val_auc=0.9518, val_aupr=0.8376, val_precision=0.7092, val_sensitivity=0.7576; val_specificity=0.9379
2026-03-27 08:45:10,986 - NEW BEST @ epoch 14: train_auc=0.9672, val_auc=0.9566, val_aupr=0.8488, val_precision=0.7327, val_sensitivity=0.7753; val_specificity=0.9434
2026-03-27 08:50:00,460 - NEW BEST @ epoch 16: train_auc=0.9742, val_auc=0.9618, val_aupr=0.8672, val_precision=0.7458, val_sensitivity=0.7929; val_specificity=0.9460
2026-03-27 08:54:48,161 - NEW BEST @ epoch 18: train_auc=0.9806, val_auc=0.9648, val_aupr=0.8736, val_precision=0.7822, val_sensitivity=0.7525; val_specificity=0.9581
2026-03-27 08:57:13,992 - NEW BEST @ epoch 19: train_auc=0.9830, val_auc=0.9692, val_aupr=0.8846, val_precision=0.7594, val_sensitivity=0.8131; val_specificity=0.9485
2026-03-27 09:06:51,153 - NEW BEST @ epoch 23: train_auc=0.9889, val_auc=0.9712, val_aupr=0.8944, val_precision=0.8187, val_sensitivity=0.7753; val_specificity=0.9657
2026-03-27 09:18:53,787 - NEW BEST @ epoch 28: train_auc=0.9928, val_auc=0.9744, val_aupr=0.9060, val_precision=0.8407, val_sensitivity=0.7727; val_specificity=0.9707
2026-03-27 09:55:30,571 - MolecularDataset hyperparamets -> dataset=dataset1, trategy=conditional, aug train=False, aug eval=False
2026-03-27 09:55:53,405 - Test Loss: 0.4077
2026-03-27 09:55:53,405 - Test AUC: 0.9415
2026-03-27 09:55:53,405 - Test AUPR: 0.8780
2026-03-27 09:55:53,405 - Test Precision: 0.9085
2026-03-27 09:55:53,405 - Test Sensitivity (Recall): 0.6539
2026-03-27 09:55:53,405 - Test Specificity: 0.9520
2026-03-27 09:55:53,416 - ---- Start Training & Testing Fold 5 ----
2026-03-27 09:55:53,416 - experiment 1 ...
2026-03-27 09:55:53,419 - --- Executing CV with scaffold split with hyperparameters: use_struct=True, save_probs=False, seed=42 ...
2026-03-27 09:55:53,419 - Dataset path -> datasets/multi_ppimi_s4_tests_splits_with_my_train
2026-03-27 09:55:53,453 - Initialized model | excluded=None | mlp_dropout=0.3 | head_dropout=0.3 | self_attn_dropout=0.3 | join_attn_feat=ppiformer | compound_dim=128 | compound_proj_dim=128 | ppi_fuse_setting=self_attn | head_fuse=cat | proj_feat=False
2026-03-27 09:55:53,455 - Excluded modalities: []
2026-03-27 09:55:53,496 - Active modalities: ['esm', 'fegs', 'gae']
2026-03-27 09:56:16,712 - MolecularDataset hyperparamets -> dataset=dataset1, trategy=conditional, aug train=False, aug eval=False
2026-03-27 09:56:23,830 - MolecularDataset hyperparamets -> dataset=dataset1, trategy=conditional, aug train=False, aug eval=False
2026-03-27 09:56:28,844 - MolecularDataset hyperparamets -> dataset=dataset1, trategy=conditional, aug train=False, aug eval=False
2026-03-27 09:56:33,814 - ---- train loader size -> 53418, val loader size 2814 ----
2026-03-27 09:59:28,333 - NEW BEST @ epoch 1: train_auc=0.6513, val_auc=0.7769, val_aupr=0.5961, val_precision=0.2918, val_sensitivity=0.7186; val_specificity=0.6512
2026-03-27 10:02:21,346 - NEW BEST @ epoch 2: train_auc=0.8260, val_auc=0.8708, val_aupr=0.7167, val_precision=0.3734, val_sensitivity=0.8273; val_specificity=0.7224
2026-03-27 10:05:13,553 - NEW BEST @ epoch 3: train_auc=0.8921, val_auc=0.9085, val_aupr=0.7624, val_precision=0.4917, val_sensitivity=0.8230; val_specificity=0.8299
2026-03-27 10:08:07,611 - NEW BEST @ epoch 4: train_auc=0.9207, val_auc=0.9362, val_aupr=0.8084, val_precision=0.5414, val_sensitivity=0.8635; val_specificity=0.8537
2026-03-27 10:11:01,781 - NEW BEST @ epoch 5: train_auc=0.9388, val_auc=0.9477, val_aupr=0.8280, val_precision=0.5958, val_sensitivity=0.8550; val_specificity=0.8840
2026-03-27 10:13:53,925 - NEW BEST @ epoch 6: train_auc=0.9508, val_auc=0.9530, val_aupr=0.8349, val_precision=0.6460, val_sensitivity=0.8017; val_specificity=0.9122
2026-03-27 10:16:45,669 - NEW BEST @ epoch 7: train_auc=0.9593, val_auc=0.9591, val_aupr=0.8531, val_precision=0.6729, val_sensitivity=0.8422; val_specificity=0.9181
2026-03-27 10:19:39,511 - NEW BEST @ epoch 8: train_auc=0.9647, val_auc=0.9625, val_aupr=0.8633, val_precision=0.6837, val_sensitivity=0.8571; val_specificity=0.9207
2026-03-27 10:22:33,342 - NEW BEST @ epoch 9: train_auc=0.9700, val_auc=0.9652, val_aupr=0.8728, val_precision=0.6771, val_sensitivity=0.8763; val_specificity=0.9164
2026-03-27 10:25:25,842 - NEW BEST @ epoch 10: train_auc=0.9751, val_auc=0.9680, val_aupr=0.8810, val_precision=0.7140, val_sensitivity=0.8678; val_specificity=0.9305
2026-03-27 10:28:17,721 - NEW BEST @ epoch 11: train_auc=0.9790, val_auc=0.9727, val_aupr=0.8975, val_precision=0.7509, val_sensitivity=0.8806; val_specificity=0.9416
2026-03-27 10:34:08,187 - NEW BEST @ epoch 13: train_auc=0.9854, val_auc=0.9762, val_aupr=0.9162, val_precision=0.8193, val_sensitivity=0.8316; val_specificity=0.9633
2026-03-27 10:37:00,514 - NEW BEST @ epoch 14: train_auc=0.9879, val_auc=0.9791, val_aupr=0.9275, val_precision=0.7828, val_sensitivity=0.9147; val_specificity=0.9493
2026-03-27 10:42:46,772 - NEW BEST @ epoch 16: train_auc=0.9909, val_auc=0.9819, val_aupr=0.9459, val_precision=0.8410, val_sensitivity=0.8913; val_specificity=0.9663
2026-03-27 10:45:38,053 - NEW BEST @ epoch 17: train_auc=0.9923, val_auc=0.9841, val_aupr=0.9510, val_precision=0.8724, val_sensitivity=0.8891; val_specificity=0.9740
2026-03-27 11:00:03,579 - NEW BEST @ epoch 22: train_auc=0.9961, val_auc=0.9870, val_aupr=0.9659, val_precision=0.8793, val_sensitivity=0.9168; val_specificity=0.9748
2026-03-27 11:14:33,319 - NEW BEST @ epoch 27: train_auc=0.9978, val_auc=0.9891, val_aupr=0.9727, val_precision=0.8905, val_sensitivity=0.9360; val_specificity=0.9770
2026-03-27 11:58:14,868 - MolecularDataset hyperparamets -> dataset=dataset1, trategy=conditional, aug train=False, aug eval=False
2026-03-27 11:58:37,306 - Test Loss: 0.7477
2026-03-27 11:58:37,306 - Test AUC: 0.8465
2026-03-27 11:58:37,306 - Test AUPR: 0.8235
2026-03-27 11:58:37,306 - Test Precision: 0.8344
2026-03-27 11:58:37,306 - Test Sensitivity (Recall): 0.3281
2026-03-27 11:58:37,306 - Test Specificity: 0.9297
2026-03-27 11:58:37,326 - Saved/updated summary to: results/result_tables/final_results/hyperparam_search_2503.csv
2026-03-27 11:58:37,326 - [2503@j6] Running hyperparameter set 3/12 | lr=1e-05 | weight_decay=0.0001 | mlp_dropout=0.3 | head_dropout=0.3 | self_attn_dropout=0.1 | compound_proj_dim=128 | ppi_fuse_setting=self_attn | head_fuse=cat | proj_feat=False
2026-03-27 11:58:37,326 - ---- Start Training & Testing Fold 1 ----
2026-03-27 11:58:37,326 - experiment 1 ...
2026-03-27 11:58:37,327 - --- Executing CV with scaffold split with hyperparameters: use_struct=True, save_probs=False, seed=42 ...
2026-03-27 11:58:37,327 - Dataset path -> datasets/multi_ppimi_s4_tests_splits_with_my_train
2026-03-27 11:58:37,369 - Initialized model | excluded=None | mlp_dropout=0.3 | head_dropout=0.3 | self_attn_dropout=0.1 | join_attn_feat=ppiformer | compound_dim=128 | compound_proj_dim=128 | ppi_fuse_setting=self_attn | head_fuse=cat | proj_feat=False
2026-03-27 11:58:37,371 - Excluded modalities: []
2026-03-27 11:58:37,413 - Active modalities: ['esm', 'fegs', 'gae']
2026-03-27 11:59:03,529 - MolecularDataset hyperparamets -> dataset=dataset1, trategy=conditional, aug train=False, aug eval=False
2026-03-27 11:59:12,584 - MolecularDataset hyperparamets -> dataset=dataset1, trategy=conditional, aug train=False, aug eval=False
2026-03-27 11:59:17,936 - MolecularDataset hyperparamets -> dataset=dataset1, trategy=conditional, aug train=False, aug eval=False
2026-03-27 11:59:23,251 - ---- train loader size -> 62190, val loader size 3276 ----
2026-03-27 12:02:41,123 - NEW BEST @ epoch 1: train_auc=0.6910, val_auc=0.7801, val_aupr=0.5761, val_precision=0.2932, val_sensitivity=0.7271; val_specificity=0.6495
2026-03-27 12:06:00,546 - NEW BEST @ epoch 2: train_auc=0.8596, val_auc=0.8921, val_aupr=0.7158, val_precision=0.4128, val_sensitivity=0.8278; val_specificity=0.7645
2026-03-27 12:09:20,245 - NEW BEST @ epoch 3: train_auc=0.9074, val_auc=0.9149, val_aupr=0.7533, val_precision=0.4824, val_sensitivity=0.8260; val_specificity=0.8227
2026-03-27 12:12:39,321 - NEW BEST @ epoch 4: train_auc=0.9317, val_auc=0.9290, val_aupr=0.7787, val_precision=0.5083, val_sensitivity=0.8407; val_specificity=0.8374
2026-03-27 12:15:58,413 - NEW BEST @ epoch 5: train_auc=0.9450, val_auc=0.9427, val_aupr=0.8073, val_precision=0.5341, val_sensitivity=0.8608; val_specificity=0.8498
2026-03-27 12:19:18,158 - NEW BEST @ epoch 6: train_auc=0.9561, val_auc=0.9515, val_aupr=0.8264, val_precision=0.6013, val_sensitivity=0.8370; val_specificity=0.8890
2026-03-27 12:22:39,407 - NEW BEST @ epoch 7: train_auc=0.9642, val_auc=0.9568, val_aupr=0.8419, val_precision=0.6370, val_sensitivity=0.8388; val_specificity=0.9044
2026-03-27 12:25:59,713 - NEW BEST @ epoch 8: train_auc=0.9700, val_auc=0.9603, val_aupr=0.8517, val_precision=0.6825, val_sensitivity=0.7875; val_specificity=0.9267
2026-03-27 12:29:19,892 - NEW BEST @ epoch 9: train_auc=0.9749, val_auc=0.9664, val_aupr=0.8685, val_precision=0.7277, val_sensitivity=0.7930; val_specificity=0.9407
2026-03-27 12:32:40,331 - NEW BEST @ epoch 10: train_auc=0.9788, val_auc=0.9698, val_aupr=0.8811, val_precision=0.7491, val_sensitivity=0.7821; val_specificity=0.9476
2026-03-27 12:39:15,988 - NEW BEST @ epoch 12: train_auc=0.9855, val_auc=0.9731, val_aupr=0.8922, val_precision=0.7595, val_sensitivity=0.8095; val_specificity=0.9487
2026-03-27 12:42:37,091 - NEW BEST @ epoch 13: train_auc=0.9868, val_auc=0.9757, val_aupr=0.9027, val_precision=0.7945, val_sensitivity=0.8004; val_specificity=0.9586
2026-03-27 12:49:15,812 - NEW BEST @ epoch 15: train_auc=0.9908, val_auc=0.9796, val_aupr=0.9147, val_precision=0.7837, val_sensitivity=0.8626; val_specificity=0.9524
2026-03-27 12:55:53,698 - NEW BEST @ epoch 17: train_auc=0.9933, val_auc=0.9827, val_aupr=0.9265, val_precision=0.7878, val_sensitivity=0.8773; val_specificity=0.9527
2026-03-27 13:05:52,471 - NEW BEST @ epoch 20: train_auc=0.9951, val_auc=0.9853, val_aupr=0.9374, val_precision=0.8475, val_sensitivity=0.8553; val_specificity=0.9692
2026-03-27 13:22:27,631 - NEW BEST @ epoch 25: train_auc=0.9971, val_auc=0.9877, val_aupr=0.9477, val_precision=0.8696, val_sensitivity=0.8919; val_specificity=0.9733
2026-03-27 14:13:02,200 - MolecularDataset hyperparamets -> dataset=dataset1, trategy=conditional, aug train=False, aug eval=False
2026-03-27 14:13:14,828 - Test Loss: 1.5767
2026-03-27 14:13:14,828 - Test AUC: 0.7237
2026-03-27 14:13:14,828 - Test AUPR: 0.5896
2026-03-27 14:13:14,828 - Test Precision: 0.0000
2026-03-27 14:13:14,828 - Test Sensitivity (Recall): 0.0000
2026-03-27 14:13:14,828 - Test Specificity: 0.9969
2026-03-27 14:13:14,841 - ---- Start Training & Testing Fold 2 ----
2026-03-27 14:13:14,841 - experiment 1 ...
2026-03-27 14:13:14,844 - --- Executing CV with scaffold split with hyperparameters: use_struct=True, save_probs=False, seed=42 ...
2026-03-27 14:13:14,844 - Dataset path -> datasets/multi_ppimi_s4_tests_splits_with_my_train
2026-03-27 14:13:14,888 - Initialized model | excluded=None | mlp_dropout=0.3 | head_dropout=0.3 | self_attn_dropout=0.1 | join_attn_feat=ppiformer | compound_dim=128 | compound_proj_dim=128 | ppi_fuse_setting=self_attn | head_fuse=cat | proj_feat=False
2026-03-27 14:13:14,890 - Excluded modalities: []
2026-03-27 14:13:14,931 - Active modalities: ['esm', 'fegs', 'gae']
2026-03-27 14:13:44,458 - MolecularDataset hyperparamets -> dataset=dataset1, trategy=conditional, aug train=False, aug eval=False
2026-03-27 14:13:53,814 - MolecularDataset hyperparamets -> dataset=dataset1, trategy=conditional, aug train=False, aug eval=False
2026-03-27 14:13:59,095 - MolecularDataset hyperparamets -> dataset=dataset1, trategy=conditional, aug train=False, aug eval=False
2026-03-27 14:14:04,128 - ---- train loader size -> 68988, val loader size 3636 ----
2026-03-27 14:17:45,546 - NEW BEST @ epoch 1: train_auc=0.6990, val_auc=0.8091, val_aupr=0.6002, val_precision=0.3210, val_sensitivity=0.7475; val_specificity=0.6838
2026-03-27 14:21:23,819 - NEW BEST @ epoch 2: train_auc=0.8596, val_auc=0.8821, val_aupr=0.7092, val_precision=0.4163, val_sensitivity=0.7921; val_specificity=0.7779
2026-03-27 14:25:05,784 - NEW BEST @ epoch 3: train_auc=0.9126, val_auc=0.9234, val_aupr=0.7737, val_precision=0.5400, val_sensitivity=0.7789; val_specificity=0.8673
2026-03-27 14:28:47,350 - NEW BEST @ epoch 4: train_auc=0.9395, val_auc=0.9389, val_aupr=0.8068, val_precision=0.5621, val_sensitivity=0.8218; val_specificity=0.8719
2026-03-27 14:32:28,953 - NEW BEST @ epoch 5: train_auc=0.9535, val_auc=0.9520, val_aupr=0.8348, val_precision=0.5933, val_sensitivity=0.8762; val_specificity=0.8799
2026-03-27 14:36:10,540 - NEW BEST @ epoch 6: train_auc=0.9646, val_auc=0.9579, val_aupr=0.8516, val_precision=0.6562, val_sensitivity=0.8663; val_specificity=0.9092
2026-03-27 14:39:52,634 - NEW BEST @ epoch 7: train_auc=0.9714, val_auc=0.9604, val_aupr=0.8590, val_precision=0.6789, val_sensitivity=0.8548; val_specificity=0.9191
2026-03-27 14:43:33,491 - NEW BEST @ epoch 8: train_auc=0.9774, val_auc=0.9659, val_aupr=0.8745, val_precision=0.7250, val_sensitivity=0.8267; val_specificity=0.9373
2026-03-27 14:50:56,616 - NEW BEST @ epoch 10: train_auc=0.9851, val_auc=0.9720, val_aupr=0.8930, val_precision=0.7579, val_sensitivity=0.8317; val_specificity=0.9469
2026-03-27 14:58:20,113 - NEW BEST @ epoch 12: train_auc=0.9895, val_auc=0.9760, val_aupr=0.9074, val_precision=0.8049, val_sensitivity=0.8102; val_specificity=0.9607
2026-03-27 15:02:03,185 - NEW BEST @ epoch 13: train_auc=0.9909, val_auc=0.9786, val_aupr=0.9160, val_precision=0.7789, val_sensitivity=0.8548; val_specificity=0.9515
2026-03-27 15:09:27,538 - NEW BEST @ epoch 15: train_auc=0.9935, val_auc=0.9818, val_aupr=0.9271, val_precision=0.8402, val_sensitivity=0.8416; val_specificity=0.9680
2026-03-27 15:16:48,929 - NEW BEST @ epoch 17: train_auc=0.9952, val_auc=0.9847, val_aupr=0.9377, val_precision=0.8613, val_sensitivity=0.8300; val_specificity=0.9733
2026-03-27 15:27:51,492 - NEW BEST @ epoch 20: train_auc=0.9968, val_auc=0.9881, val_aupr=0.9500, val_precision=0.8524, val_sensitivity=0.8861; val_specificity=0.9693
2026-03-27 15:53:43,219 - NEW BEST @ epoch 27: train_auc=0.9987, val_auc=0.9904, val_aupr=0.9605, val_precision=0.8902, val_sensitivity=0.8960; val_specificity=0.9779
2026-03-27 16:49:35,089 - MolecularDataset hyperparamets -> dataset=dataset1, trategy=conditional, aug train=False, aug eval=False
2026-03-27 16:49:46,044 - Test Loss: 1.9071
2026-03-27 16:49:46,044 - Test AUC: 0.8337
2026-03-27 16:49:46,044 - Test AUPR: 0.8061
2026-03-27 16:49:46,044 - Test Precision: 0.1000
2026-03-27 16:49:46,044 - Test Sensitivity (Recall): 0.0031
2026-03-27 16:49:46,044 - Test Specificity: 0.9585
2026-03-27 16:49:46,054 - ---- Start Training & Testing Fold 3 ----
2026-03-27 16:49:46,055 - experiment 1 ...
2026-03-27 16:49:46,056 - --- Executing CV with scaffold split with hyperparameters: use_struct=True, save_probs=False, seed=42 ...
2026-03-27 16:49:46,056 - Dataset path -> datasets/multi_ppimi_s4_tests_splits_with_my_train
2026-03-27 16:49:46,096 - Initialized model | excluded=None | mlp_dropout=0.3 | head_dropout=0.3 | self_attn_dropout=0.1 | join_attn_feat=ppiformer | compound_dim=128 | compound_proj_dim=128 | ppi_fuse_setting=self_attn | head_fuse=cat | proj_feat=False
2026-03-27 16:49:46,098 - Excluded modalities: []
2026-03-27 16:49:46,139 - Active modalities: ['esm', 'fegs', 'gae']
2026-03-27 16:50:13,634 - MolecularDataset hyperparamets -> dataset=dataset1, trategy=conditional, aug train=False, aug eval=False
2026-03-27 16:50:22,796 - MolecularDataset hyperparamets -> dataset=dataset1, trategy=conditional, aug train=False, aug eval=False
2026-03-27 16:50:28,021 - MolecularDataset hyperparamets -> dataset=dataset1, trategy=conditional, aug train=False, aug eval=False
2026-03-27 16:50:33,230 - ---- train loader size -> 65748, val loader size 3462 ----
2026-03-27 16:54:03,529 - NEW BEST @ epoch 1: train_auc=0.6745, val_auc=0.8080, val_aupr=0.6113, val_precision=0.3296, val_sensitivity=0.7643; val_specificity=0.6891
2026-03-27 16:57:32,555 - NEW BEST @ epoch 2: train_auc=0.8488, val_auc=0.9036, val_aupr=0.7438, val_precision=0.4476, val_sensitivity=0.8284; val_specificity=0.7955
2026-03-27 17:01:01,986 - NEW BEST @ epoch 3: train_auc=0.9057, val_auc=0.9262, val_aupr=0.7856, val_precision=0.4949, val_sensitivity=0.8354; val_specificity=0.8295
2026-03-27 17:04:32,915 - NEW BEST @ epoch 4: train_auc=0.9342, val_auc=0.9470, val_aupr=0.8199, val_precision=0.5424, val_sensitivity=0.8752; val_specificity=0.8523
2026-03-27 17:08:03,452 - NEW BEST @ epoch 5: train_auc=0.9500, val_auc=0.9518, val_aupr=0.8340, val_precision=0.6017, val_sensitivity=0.8354; val_specificity=0.8894
2026-03-27 17:11:33,441 - NEW BEST @ epoch 6: train_auc=0.9583, val_auc=0.9576, val_aupr=0.8471, val_precision=0.6462, val_sensitivity=0.8042; val_specificity=0.9120
2026-03-27 17:15:02,628 - NEW BEST @ epoch 7: train_auc=0.9662, val_auc=0.9613, val_aupr=0.8602, val_precision=0.6676, val_sensitivity=0.8146; val_specificity=0.9189
2026-03-27 17:18:32,179 - NEW BEST @ epoch 8: train_auc=0.9714, val_auc=0.9656, val_aupr=0.8728, val_precision=0.6703, val_sensitivity=0.8562; val_specificity=0.9158
2026-03-27 17:22:02,367 - NEW BEST @ epoch 9: train_auc=0.9772, val_auc=0.9705, val_aupr=0.8877, val_precision=0.7248, val_sensitivity=0.8215; val_specificity=0.9376
2026-03-27 17:29:02,325 - NEW BEST @ epoch 11: train_auc=0.9841, val_auc=0.9752, val_aupr=0.9026, val_precision=0.7615, val_sensitivity=0.8302; val_specificity=0.9480
2026-03-27 17:32:33,065 - NEW BEST @ epoch 12: train_auc=0.9861, val_auc=0.9775, val_aupr=0.9111, val_precision=0.8161, val_sensitivity=0.8076; val_specificity=0.9636
2026-03-27 17:39:34,862 - NEW BEST @ epoch 14: train_auc=0.9905, val_auc=0.9822, val_aupr=0.9294, val_precision=0.8372, val_sensitivity=0.8198; val_specificity=0.9681
2026-03-27 17:46:34,933 - NEW BEST @ epoch 16: train_auc=0.9930, val_auc=0.9843, val_aupr=0.9369, val_precision=0.8536, val_sensitivity=0.8284; val_specificity=0.9716
2026-03-27 17:57:04,394 - NEW BEST @ epoch 19: train_auc=0.9952, val_auc=0.9863, val_aupr=0.9451, val_precision=0.8661, val_sensitivity=0.8406; val_specificity=0.9740
2026-03-27 18:10:58,555 - NEW BEST @ epoch 23: train_auc=0.9971, val_auc=0.9894, val_aupr=0.9582, val_precision=0.8832, val_sensitivity=0.8648; val_specificity=0.9771
2026-03-27 18:49:20,971 - NEW BEST @ epoch 34: train_auc=0.9990, val_auc=0.9918, val_aupr=0.9679, val_precision=0.8955, val_sensitivity=0.8908; val_specificity=0.9792
2026-03-27 19:42:21,005 - MolecularDataset hyperparamets -> dataset=dataset1, trategy=conditional, aug train=False, aug eval=False
2026-03-27 19:42:31,754 - Test Loss: 0.9092
2026-03-27 19:42:31,754 - Test AUC: 0.9324
2026-03-27 19:42:31,754 - Test AUPR: 0.9007
2026-03-27 19:42:31,754 - Test Precision: 0.9500
2026-03-27 19:42:31,754 - Test Sensitivity (Recall): 0.2664
2026-03-27 19:42:31,754 - Test Specificity: 0.9883
2026-03-27 19:42:31,765 - ---- Start Training & Testing Fold 4 ----
2026-03-27 19:42:31,765 - experiment 1 ...
2026-03-27 19:42:31,768 - --- Executing CV with scaffold split with hyperparameters: use_struct=True, save_probs=False, seed=42 ...
2026-03-27 19:42:31,768 - Dataset path -> datasets/multi_ppimi_s4_tests_splits_with_my_train
2026-03-27 19:42:31,799 - Initialized model | excluded=None | mlp_dropout=0.3 | head_dropout=0.3 | self_attn_dropout=0.1 | join_attn_feat=ppiformer | compound_dim=128 | compound_proj_dim=128 | ppi_fuse_setting=self_attn | head_fuse=cat | proj_feat=False
2026-03-27 19:42:31,801 - Excluded modalities: []
2026-03-27 19:42:31,842 - Active modalities: ['esm', 'fegs', 'gae']
2026-03-27 19:42:51,487 - MolecularDataset hyperparamets -> dataset=dataset1, trategy=conditional, aug train=False, aug eval=False
2026-03-27 19:42:59,385 - MolecularDataset hyperparamets -> dataset=dataset1, trategy=conditional, aug train=False, aug eval=False
2026-03-27 19:43:04,629 - MolecularDataset hyperparamets -> dataset=dataset1, trategy=conditional, aug train=False, aug eval=False
2026-03-27 19:43:09,730 - ---- train loader size -> 45126, val loader size 2376 ----
2026-03-27 19:45:33,874 - NEW BEST @ epoch 1: train_auc=0.6028, val_auc=0.7289, val_aupr=0.4640, val_precision=0.2596, val_sensitivity=0.6818; val_specificity=0.6111
2026-03-27 19:47:58,275 - NEW BEST @ epoch 2: train_auc=0.7582, val_auc=0.8315, val_aupr=0.6189, val_precision=0.3337, val_sensitivity=0.7879; val_specificity=0.6854
2026-03-27 19:50:22,552 - NEW BEST @ epoch 3: train_auc=0.8335, val_auc=0.8744, val_aupr=0.6782, val_precision=0.4048, val_sensitivity=0.8106; val_specificity=0.7616
2026-03-27 19:52:46,133 - NEW BEST @ epoch 4: train_auc=0.8739, val_auc=0.9002, val_aupr=0.7184, val_precision=0.4123, val_sensitivity=0.8434; val_specificity=0.7596
2026-03-27 19:55:10,151 - NEW BEST @ epoch 5: train_auc=0.8950, val_auc=0.9062, val_aupr=0.7310, val_precision=0.4652, val_sensitivity=0.8283; val_specificity=0.8096
2026-03-27 19:57:33,857 - NEW BEST @ epoch 6: train_auc=0.9111, val_auc=0.9171, val_aupr=0.7516, val_precision=0.5116, val_sensitivity=0.8333; val_specificity=0.8409
2026-03-27 19:59:59,728 - NEW BEST @ epoch 7: train_auc=0.9238, val_auc=0.9265, val_aupr=0.7751, val_precision=0.5321, val_sensitivity=0.8384; val_specificity=0.8525
2026-03-27 20:02:23,443 - NEW BEST @ epoch 8: train_auc=0.9316, val_auc=0.9324, val_aupr=0.7864, val_precision=0.5417, val_sensitivity=0.8207; val_specificity=0.8611
2026-03-27 20:04:45,663 - NEW BEST @ epoch 9: train_auc=0.9421, val_auc=0.9399, val_aupr=0.8044, val_precision=0.6151, val_sensitivity=0.8030; val_specificity=0.8995
2026-03-27 20:09:33,642 - NEW BEST @ epoch 11: train_auc=0.9546, val_auc=0.9464, val_aupr=0.8222, val_precision=0.6609, val_sensitivity=0.7778; val_specificity=0.9202
2026-03-27 20:11:56,843 - NEW BEST @ epoch 12: train_auc=0.9601, val_auc=0.9485, val_aupr=0.8297, val_precision=0.6979, val_sensitivity=0.7702; val_specificity=0.9333
2026-03-27 20:14:21,228 - NEW BEST @ epoch 13: train_auc=0.9639, val_auc=0.9533, val_aupr=0.8403, val_precision=0.6946, val_sensitivity=0.7753; val_specificity=0.9318
2026-03-27 20:16:44,441 - NEW BEST @ epoch 14: train_auc=0.9675, val_auc=0.9567, val_aupr=0.8476, val_precision=0.7232, val_sensitivity=0.7652; val_specificity=0.9414
2026-03-27 20:21:32,404 - NEW BEST @ epoch 16: train_auc=0.9743, val_auc=0.9617, val_aupr=0.8657, val_precision=0.7363, val_sensitivity=0.7828; val_specificity=0.9439
2026-03-27 20:28:42,880 - NEW BEST @ epoch 19: train_auc=0.9832, val_auc=0.9683, val_aupr=0.8830, val_precision=0.7619, val_sensitivity=0.8081; val_specificity=0.9495
2026-03-27 20:43:04,886 - NEW BEST @ epoch 25: train_auc=0.9909, val_auc=0.9710, val_aupr=0.8968, val_precision=0.8293, val_sensitivity=0.7727; val_specificity=0.9682
2026-03-27 20:47:49,792 - NEW BEST @ epoch 27: train_auc=0.9926, val_auc=0.9734, val_aupr=0.9046, val_precision=0.8459, val_sensitivity=0.7626; val_specificity=0.9722
2026-03-27 21:21:24,053 - NEW BEST @ epoch 41: train_auc=0.9978, val_auc=0.9755, val_aupr=0.9124, val_precision=0.8229, val_sensitivity=0.7980; val_specificity=0.9657
2026-03-27 21:58:20,724 - MolecularDataset hyperparamets -> dataset=dataset1, trategy=conditional, aug train=False, aug eval=False
2026-03-27 21:58:43,923 - Test Loss: 0.4971
2026-03-27 21:58:43,923 - Test AUC: 0.9255
2026-03-27 21:58:43,923 - Test AUPR: 0.8589
2026-03-27 21:58:43,923 - Test Precision: 0.8891
2026-03-27 21:58:43,923 - Test Sensitivity (Recall): 0.6386
2026-03-27 21:58:43,923 - Test Specificity: 0.9419
2026-03-27 21:58:43,936 - ---- Start Training & Testing Fold 5 ----
2026-03-27 21:58:43,937 - experiment 1 ...
2026-03-27 21:58:43,938 - --- Executing CV with scaffold split with hyperparameters: use_struct=True, save_probs=False, seed=42 ...
2026-03-27 21:58:43,938 - Dataset path -> datasets/multi_ppimi_s4_tests_splits_with_my_train
2026-03-27 21:58:43,977 - Initialized model | excluded=None | mlp_dropout=0.3 | head_dropout=0.3 | self_attn_dropout=0.1 | join_attn_feat=ppiformer | compound_dim=128 | compound_proj_dim=128 | ppi_fuse_setting=self_attn | head_fuse=cat | proj_feat=False
2026-03-27 21:58:43,979 - Excluded modalities: []
2026-03-27 21:58:44,022 - Active modalities: ['esm', 'fegs', 'gae']
2026-03-27 21:59:07,961 - MolecularDataset hyperparamets -> dataset=dataset1, trategy=conditional, aug train=False, aug eval=False
2026-03-27 21:59:15,588 - MolecularDataset hyperparamets -> dataset=dataset1, trategy=conditional, aug train=False, aug eval=False
2026-03-27 21:59:20,911 - MolecularDataset hyperparamets -> dataset=dataset1, trategy=conditional, aug train=False, aug eval=False
2026-03-27 21:59:26,342 - ---- train loader size -> 53418, val loader size 2814 ----
2026-03-27 22:02:23,921 - NEW BEST @ epoch 1: train_auc=0.6496, val_auc=0.7725, val_aupr=0.5881, val_precision=0.2794, val_sensitivity=0.7186; val_specificity=0.6294
2026-03-27 22:05:20,885 - NEW BEST @ epoch 2: train_auc=0.8237, val_auc=0.8709, val_aupr=0.7167, val_precision=0.3754, val_sensitivity=0.8380; val_specificity=0.7211
2026-03-27 22:08:18,176 - NEW BEST @ epoch 3: train_auc=0.8917, val_auc=0.9066, val_aupr=0.7595, val_precision=0.4981, val_sensitivity=0.8209; val_specificity=0.8345
2026-03-27 22:11:17,182 - NEW BEST @ epoch 4: train_auc=0.9203, val_auc=0.9346, val_aupr=0.8046, val_precision=0.5369, val_sensitivity=0.8529; val_specificity=0.8529
2026-03-27 22:14:14,902 - NEW BEST @ epoch 5: train_auc=0.9385, val_auc=0.9465, val_aupr=0.8242, val_precision=0.5994, val_sensitivity=0.8614; val_specificity=0.8849
2026-03-27 22:17:14,303 - NEW BEST @ epoch 6: train_auc=0.9509, val_auc=0.9534, val_aupr=0.8361, val_precision=0.6545, val_sensitivity=0.8038; val_specificity=0.9151
2026-03-27 22:20:12,664 - NEW BEST @ epoch 7: train_auc=0.9590, val_auc=0.9594, val_aupr=0.8528, val_precision=0.6747, val_sensitivity=0.8401; val_specificity=0.9190
2026-03-27 22:23:13,171 - NEW BEST @ epoch 8: train_auc=0.9644, val_auc=0.9629, val_aupr=0.8621, val_precision=0.6824, val_sensitivity=0.8614; val_specificity=0.9198
2026-03-27 22:26:12,466 - NEW BEST @ epoch 9: train_auc=0.9699, val_auc=0.9650, val_aupr=0.8692, val_precision=0.6694, val_sensitivity=0.8849; val_specificity=0.9126
2026-03-27 22:29:11,257 - NEW BEST @ epoch 10: train_auc=0.9751, val_auc=0.9671, val_aupr=0.8762, val_precision=0.7073, val_sensitivity=0.8657; val_specificity=0.9284
2026-03-27 22:32:09,082 - NEW BEST @ epoch 11: train_auc=0.9792, val_auc=0.9717, val_aupr=0.8930, val_precision=0.7468, val_sensitivity=0.8678; val_specificity=0.9412
2026-03-27 22:35:04,594 - NEW BEST @ epoch 12: train_auc=0.9819, val_auc=0.9745, val_aupr=0.9041, val_precision=0.7626, val_sensitivity=0.8699; val_specificity=0.9458
2026-03-27 22:40:57,667 - NEW BEST @ epoch 14: train_auc=0.9879, val_auc=0.9792, val_aupr=0.9259, val_precision=0.7873, val_sensitivity=0.8998; val_specificity=0.9514
2026-03-27 22:46:50,445 - NEW BEST @ epoch 16: train_auc=0.9909, val_auc=0.9818, val_aupr=0.9429, val_precision=0.8431, val_sensitivity=0.8934; val_specificity=0.9667
2026-03-27 22:49:46,277 - NEW BEST @ epoch 17: train_auc=0.9922, val_auc=0.9838, val_aupr=0.9489, val_precision=0.8628, val_sensitivity=0.8849; val_specificity=0.9719
2026-03-27 22:55:42,710 - NEW BEST @ epoch 19: train_auc=0.9939, val_auc=0.9860, val_aupr=0.9584, val_precision=0.8716, val_sensitivity=0.8977; val_specificity=0.9736
2026-03-27 23:13:24,025 - NEW BEST @ epoch 25: train_auc=0.9974, val_auc=0.9887, val_aupr=0.9707, val_precision=0.9040, val_sensitivity=0.9232; val_specificity=0.9804
2026-03-27 23:31:11,628 - NEW BEST @ epoch 31: train_auc=0.9986, val_auc=0.9915, val_aupr=0.9746, val_precision=0.9146, val_sensitivity=0.9360; val_specificity=0.9825
2026-03-28 00:15:53,866 - MolecularDataset hyperparamets -> dataset=dataset1, trategy=conditional, aug train=False, aug eval=False
2026-03-28 00:16:15,659 - Test Loss: 0.8889
2026-03-28 00:16:15,659 - Test AUC: 0.8444
2026-03-28 00:16:15,659 - Test AUPR: 0.8275
2026-03-28 00:16:15,659 - Test Precision: 0.8553
2026-03-28 00:16:15,659 - Test Sensitivity (Recall): 0.2539
2026-03-28 00:16:15,659 - Test Specificity: 0.9536
2026-03-28 00:16:15,678 - Saved/updated summary to: results/result_tables/final_results/hyperparam_search_2503.csv
2026-03-28 00:16:15,678 - [2503@j6] Running hyperparameter set 4/12 | lr=1e-05 | weight_decay=0.0001 | mlp_dropout=0.3 | head_dropout=0.3 | self_attn_dropout=0.3 | compound_proj_dim=128 | ppi_fuse_setting=self_attn | head_fuse=cat | proj_feat=False
2026-03-28 00:16:15,678 - ---- Start Training & Testing Fold 1 ----
2026-03-28 00:16:15,678 - experiment 1 ...
2026-03-28 00:16:15,679 - --- Executing CV with scaffold split with hyperparameters: use_struct=True, save_probs=False, seed=42 ...
2026-03-28 00:16:15,679 - Dataset path -> datasets/multi_ppimi_s4_tests_splits_with_my_train
2026-03-28 00:16:15,714 - Initialized model | excluded=None | mlp_dropout=0.3 | head_dropout=0.3 | self_attn_dropout=0.3 | join_attn_feat=ppiformer | compound_dim=128 | compound_proj_dim=128 | ppi_fuse_setting=self_attn | head_fuse=cat | proj_feat=False
2026-03-28 00:16:15,716 - Excluded modalities: []
2026-03-28 00:16:15,756 - Active modalities: ['esm', 'fegs', 'gae']
2026-03-28 00:16:41,290 - MolecularDataset hyperparamets -> dataset=dataset1, trategy=conditional, aug train=False, aug eval=False
2026-03-28 00:16:49,818 - MolecularDataset hyperparamets -> dataset=dataset1, trategy=conditional, aug train=False, aug eval=False
2026-03-28 00:16:54,851 - MolecularDataset hyperparamets -> dataset=dataset1, trategy=conditional, aug train=False, aug eval=False
2026-03-28 00:16:59,769 - ---- train loader size -> 62190, val loader size 3276 ----
2026-03-28 00:20:23,462 - NEW BEST @ epoch 1: train_auc=0.6900, val_auc=0.7771, val_aupr=0.5688, val_precision=0.2933, val_sensitivity=0.7253; val_specificity=0.6505
2026-03-28 00:23:47,410 - NEW BEST @ epoch 2: train_auc=0.8588, val_auc=0.8910, val_aupr=0.7164, val_precision=0.4147, val_sensitivity=0.8242; val_specificity=0.7674
2026-03-28 00:27:11,804 - NEW BEST @ epoch 3: train_auc=0.9087, val_auc=0.9152, val_aupr=0.7540, val_precision=0.4763, val_sensitivity=0.8278; val_specificity=0.8179
2026-03-28 00:30:33,199 - NEW BEST @ epoch 4: train_auc=0.9327, val_auc=0.9306, val_aupr=0.7802, val_precision=0.5094, val_sensitivity=0.8462; val_specificity=0.8370
2026-03-28 00:33:59,241 - NEW BEST @ epoch 5: train_auc=0.9462, val_auc=0.9447, val_aupr=0.8128, val_precision=0.5641, val_sensitivity=0.8700; val_specificity=0.8656
2026-03-28 00:37:24,073 - NEW BEST @ epoch 6: train_auc=0.9569, val_auc=0.9529, val_aupr=0.8307, val_precision=0.6187, val_sensitivity=0.8352; val_specificity=0.8971
2026-03-28 00:40:49,859 - NEW BEST @ epoch 7: train_auc=0.9650, val_auc=0.9578, val_aupr=0.8466, val_precision=0.6435, val_sensitivity=0.8462; val_specificity=0.9062
2026-03-28 00:44:16,084 - NEW BEST @ epoch 8: train_auc=0.9707, val_auc=0.9599, val_aupr=0.8535, val_precision=0.6835, val_sensitivity=0.7912; val_specificity=0.9267
2026-03-28 00:47:42,336 - NEW BEST @ epoch 9: train_auc=0.9755, val_auc=0.9674, val_aupr=0.8745, val_precision=0.7393, val_sensitivity=0.7894; val_specificity=0.9443
2026-03-28 00:51:07,812 - NEW BEST @ epoch 10: train_auc=0.9796, val_auc=0.9709, val_aupr=0.8850, val_precision=0.7642, val_sensitivity=0.7894; val_specificity=0.9513
2026-03-28 00:57:59,428 - NEW BEST @ epoch 12: train_auc=0.9861, val_auc=0.9745, val_aupr=0.8980, val_precision=0.7627, val_sensitivity=0.8242; val_specificity=0.9487
2026-03-28 01:01:26,128 - NEW BEST @ epoch 13: train_auc=0.9872, val_auc=0.9766, val_aupr=0.9070, val_precision=0.8033, val_sensitivity=0.8004; val_specificity=0.9608
2026-03-28 01:04:47,837 - NEW BEST @ epoch 14: train_auc=0.9893, val_auc=0.9794, val_aupr=0.9141, val_precision=0.8042, val_sensitivity=0.8425; val_specificity=0.9590
2026-03-28 01:14:58,565 - NEW BEST @ epoch 17: train_auc=0.9934, val_auc=0.9833, val_aupr=0.9275, val_precision=0.8168, val_sensitivity=0.8736; val_specificity=0.9608
2026-03-28 01:25:11,512 - NEW BEST @ epoch 20: train_auc=0.9953, val_auc=0.9857, val_aupr=0.9387, val_precision=0.8592, val_sensitivity=0.8608; val_specificity=0.9718
2026-03-28 01:52:14,629 - NEW BEST @ epoch 28: train_auc=0.9977, val_auc=0.9884, val_aupr=0.9492, val_precision=0.8793, val_sensitivity=0.8810; val_specificity=0.9758
2026-03-28 02:43:39,760 - MolecularDataset hyperparamets -> dataset=dataset1, trategy=conditional, aug train=False, aug eval=False
2026-03-28 02:43:52,249 - Test Loss: 1.7081
2026-03-28 02:43:52,249 - Test AUC: 0.7865
2026-03-28 02:43:52,249 - Test AUPR: 0.7087
2026-03-28 02:43:52,249 - Test Precision: 0.0000
2026-03-28 02:43:52,249 - Test Sensitivity (Recall): 0.0000
2026-03-28 02:43:52,249 - Test Specificity: 0.9937
2026-03-28 02:43:52,261 - ---- Start Training & Testing Fold 2 ----
2026-03-28 02:43:52,262 - experiment 1 ...
2026-03-28 02:43:52,263 - --- Executing CV with scaffold split with hyperparameters: use_struct=True, save_probs=False, seed=42 ...
2026-03-28 02:43:52,263 - Dataset path -> datasets/multi_ppimi_s4_tests_splits_with_my_train
2026-03-28 02:43:52,309 - Initialized model | excluded=None | mlp_dropout=0.3 | head_dropout=0.3 | self_attn_dropout=0.3 | join_attn_feat=ppiformer | compound_dim=128 | compound_proj_dim=128 | ppi_fuse_setting=self_attn | head_fuse=cat | proj_feat=False
2026-03-28 02:43:52,311 - Excluded modalities: []
2026-03-28 02:43:52,352 - Active modalities: ['esm', 'fegs', 'gae']
2026-03-28 02:44:22,180 - MolecularDataset hyperparamets -> dataset=dataset1, trategy=conditional, aug train=False, aug eval=False
2026-03-28 02:44:31,228 - MolecularDataset hyperparamets -> dataset=dataset1, trategy=conditional, aug train=False, aug eval=False
2026-03-28 02:44:36,345 - MolecularDataset hyperparamets -> dataset=dataset1, trategy=conditional, aug train=False, aug eval=False
2026-03-28 02:44:41,430 - ---- train loader size -> 68988, val loader size 3636 ----
2026-03-28 02:48:22,996 - NEW BEST @ epoch 1: train_auc=0.6963, val_auc=0.8029, val_aupr=0.5959, val_precision=0.3123, val_sensitivity=0.7426; val_specificity=0.6729
2026-03-28 02:52:06,869 - NEW BEST @ epoch 2: train_auc=0.8568, val_auc=0.8819, val_aupr=0.7101, val_precision=0.4118, val_sensitivity=0.7970; val_specificity=0.7723
2026-03-28 02:55:55,707 - NEW BEST @ epoch 3: train_auc=0.9107, val_auc=0.9204, val_aupr=0.7708, val_precision=0.5385, val_sensitivity=0.7739; val_specificity=0.8673
2026-03-28 02:59:41,102 - NEW BEST @ epoch 4: train_auc=0.9383, val_auc=0.9388, val_aupr=0.8078, val_precision=0.5608, val_sensitivity=0.8300; val_specificity=0.8700
2026-03-28 03:03:28,128 - NEW BEST @ epoch 5: train_auc=0.9539, val_auc=0.9520, val_aupr=0.8346, val_precision=0.5982, val_sensitivity=0.8696; val_specificity=0.8832
2026-03-28 03:07:13,392 - NEW BEST @ epoch 6: train_auc=0.9647, val_auc=0.9580, val_aupr=0.8512, val_precision=0.6579, val_sensitivity=0.8663; val_specificity=0.9099
2026-03-28 03:11:01,332 - NEW BEST @ epoch 7: train_auc=0.9712, val_auc=0.9604, val_aupr=0.8580, val_precision=0.6785, val_sensitivity=0.8531; val_specificity=0.9191
2026-03-28 03:14:51,023 - NEW BEST @ epoch 8: train_auc=0.9773, val_auc=0.9649, val_aupr=0.8726, val_precision=0.7305, val_sensitivity=0.8185; val_specificity=0.9396
2026-03-28 03:22:23,706 - NEW BEST @ epoch 10: train_auc=0.9849, val_auc=0.9711, val_aupr=0.8913, val_precision=0.7545, val_sensitivity=0.8267; val_specificity=0.9462
2026-03-28 03:26:10,661 - NEW BEST @ epoch 11: train_auc=0.9872, val_auc=0.9734, val_aupr=0.8981, val_precision=0.7929, val_sensitivity=0.8152; val_specificity=0.9574
2026-03-28 03:33:42,465 - NEW BEST @ epoch 13: train_auc=0.9910, val_auc=0.9773, val_aupr=0.9130, val_precision=0.7687, val_sensitivity=0.8498; val_specificity=0.9488
2026-03-28 03:41:13,198 - NEW BEST @ epoch 15: train_auc=0.9936, val_auc=0.9808, val_aupr=0.9253, val_precision=0.8439, val_sensitivity=0.8383; val_specificity=0.9690
2026-03-28 03:48:47,997 - NEW BEST @ epoch 17: train_auc=0.9954, val_auc=0.9832, val_aupr=0.9332, val_precision=0.8620, val_sensitivity=0.8449; val_specificity=0.9729
2026-03-28 04:00:07,894 - NEW BEST @ epoch 20: train_auc=0.9968, val_auc=0.9874, val_aupr=0.9479, val_precision=0.8492, val_sensitivity=0.8828; val_specificity=0.9686
2026-03-28 04:19:00,891 - NEW BEST @ epoch 25: train_auc=0.9983, val_auc=0.9894, val_aupr=0.9568, val_precision=0.8551, val_sensitivity=0.8960; val_specificity=0.9696
2026-03-28 05:15:38,634 - NEW BEST @ epoch 40: train_auc=0.9995, val_auc=0.9914, val_aupr=0.9652, val_precision=0.9005, val_sensitivity=0.8960; val_specificity=0.9802
2026-03-28 06:12:52,952 - MolecularDataset hyperparamets -> dataset=dataset1, trategy=conditional, aug train=False, aug eval=False
2026-03-28 06:13:03,804 - Test Loss: 3.2029
2026-03-28 06:13:03,804 - Test AUC: 0.6657
2026-03-28 06:13:03,804 - Test AUPR: 0.7099
2026-03-28 06:13:03,804 - Test Precision: 0.2727
2026-03-28 06:13:03,804 - Test Sensitivity (Recall): 0.0092
2026-03-28 06:13:03,804 - Test Specificity: 0.9631
2026-03-28 06:13:03,814 - ---- Start Training & Testing Fold 3 ----
2026-03-28 06:13:03,814 - experiment 1 ...
2026-03-28 06:13:03,815 - --- Executing CV with scaffold split with hyperparameters: use_struct=True, save_probs=False, seed=42 ...
2026-03-28 06:13:03,815 - Dataset path -> datasets/multi_ppimi_s4_tests_splits_with_my_train
2026-03-28 06:13:03,856 - Initialized model | excluded=None | mlp_dropout=0.3 | head_dropout=0.3 | self_attn_dropout=0.3 | join_attn_feat=ppiformer | compound_dim=128 | compound_proj_dim=128 | ppi_fuse_setting=self_attn | head_fuse=cat | proj_feat=False
2026-03-28 06:13:03,858 - Excluded modalities: []
2026-03-28 06:13:03,899 - Active modalities: ['esm', 'fegs', 'gae']
2026-03-28 06:13:31,036 - MolecularDataset hyperparamets -> dataset=dataset1, trategy=conditional, aug train=False, aug eval=False
2026-03-28 06:13:39,725 - MolecularDataset hyperparamets -> dataset=dataset1, trategy=conditional, aug train=False, aug eval=False
2026-03-28 06:13:44,763 - MolecularDataset hyperparamets -> dataset=dataset1, trategy=conditional, aug train=False, aug eval=False
2026-03-28 06:13:49,709 - ---- train loader size -> 65748, val loader size 3462 ----
2026-03-28 06:17:23,600 - NEW BEST @ epoch 1: train_auc=0.6745, val_auc=0.8141, val_aupr=0.6164, val_precision=0.3301, val_sensitivity=0.7660; val_specificity=0.6891
2026-03-28 06:21:01,247 - NEW BEST @ epoch 2: train_auc=0.8503, val_auc=0.9037, val_aupr=0.7473, val_precision=0.4385, val_sensitivity=0.8284; val_specificity=0.7879
2026-03-28 06:24:36,375 - NEW BEST @ epoch 3: train_auc=0.9071, val_auc=0.9258, val_aupr=0.7852, val_precision=0.4751, val_sensitivity=0.8440; val_specificity=0.8135
2026-03-28 06:28:13,192 - NEW BEST @ epoch 4: train_auc=0.9345, val_auc=0.9471, val_aupr=0.8203, val_precision=0.5465, val_sensitivity=0.8752; val_specificity=0.8548
2026-03-28 06:31:51,225 - NEW BEST @ epoch 5: train_auc=0.9507, val_auc=0.9508, val_aupr=0.8329, val_precision=0.5916, val_sensitivity=0.8336; val_specificity=0.8849
2026-03-28 06:35:29,036 - NEW BEST @ epoch 6: train_auc=0.9590, val_auc=0.9581, val_aupr=0.8490, val_precision=0.6399, val_sensitivity=0.8284; val_specificity=0.9068
2026-03-28 06:39:04,130 - NEW BEST @ epoch 7: train_auc=0.9666, val_auc=0.9615, val_aupr=0.8616, val_precision=0.6685, val_sensitivity=0.8284; val_specificity=0.9179
2026-03-28 06:42:38,810 - NEW BEST @ epoch 8: train_auc=0.9720, val_auc=0.9667, val_aupr=0.8751, val_precision=0.6758, val_sensitivity=0.8527; val_specificity=0.9182
2026-03-28 06:46:13,873 - NEW BEST @ epoch 9: train_auc=0.9771, val_auc=0.9710, val_aupr=0.8894, val_precision=0.7297, val_sensitivity=0.8423; val_specificity=0.9376
2026-03-28 06:53:27,988 - NEW BEST @ epoch 11: train_auc=0.9844, val_auc=0.9764, val_aupr=0.9075, val_precision=0.7643, val_sensitivity=0.8544; val_specificity=0.9473
2026-03-28 07:00:39,806 - NEW BEST @ epoch 13: train_auc=0.9885, val_auc=0.9797, val_aupr=0.9175, val_precision=0.8027, val_sensitivity=0.8250; val_specificity=0.9594
2026-03-28 07:07:46,701 - NEW BEST @ epoch 15: train_auc=0.9916, val_auc=0.9832, val_aupr=0.9317, val_precision=0.8351, val_sensitivity=0.8423; val_specificity=0.9667
2026-03-28 07:14:56,804 - NEW BEST @ epoch 17: train_auc=0.9940, val_auc=0.9854, val_aupr=0.9410, val_precision=0.8673, val_sensitivity=0.8267; val_specificity=0.9747
2026-03-28 07:25:41,259 - NEW BEST @ epoch 20: train_auc=0.9956, val_auc=0.9878, val_aupr=0.9507, val_precision=0.8645, val_sensitivity=0.8735; val_specificity=0.9726
2026-03-28 08:01:43,641 - NEW BEST @ epoch 30: train_auc=0.9985, val_auc=0.9909, val_aupr=0.9633, val_precision=0.8943, val_sensitivity=0.8943; val_specificity=0.9789
2026-03-28 08:56:04,746 - MolecularDataset hyperparamets -> dataset=dataset1, trategy=conditional, aug train=False, aug eval=False
2026-03-28 08:56:15,087 - Test Loss: 1.0389
2026-03-28 08:56:15,087 - Test AUC: 0.8938
2026-03-28 08:56:15,087 - Test AUPR: 0.8596
2026-03-28 08:56:15,087 - Test Precision: 0.9375
2026-03-28 08:56:15,087 - Test Sensitivity (Recall): 0.2804
2026-03-28 08:56:15,087 - Test Specificity: 0.9844
2026-03-28 08:56:15,100 - ---- Start Training & Testing Fold 4 ----
2026-03-28 08:56:15,100 - experiment 1 ...
2026-03-28 08:56:15,103 - --- Executing CV with scaffold split with hyperparameters: use_struct=True, save_probs=False, seed=42 ...
2026-03-28 08:56:15,103 - Dataset path -> datasets/multi_ppimi_s4_tests_splits_with_my_train
2026-03-28 08:56:15,133 - Initialized model | excluded=None | mlp_dropout=0.3 | head_dropout=0.3 | self_attn_dropout=0.3 | join_attn_feat=ppiformer | compound_dim=128 | compound_proj_dim=128 | ppi_fuse_setting=self_attn | head_fuse=cat | proj_feat=False
2026-03-28 08:56:15,135 - Excluded modalities: []
2026-03-28 08:56:15,175 - Active modalities: ['esm', 'fegs', 'gae']
2026-03-28 08:56:34,017 - MolecularDataset hyperparamets -> dataset=dataset1, trategy=conditional, aug train=False, aug eval=False
2026-03-28 08:56:41,565 - MolecularDataset hyperparamets -> dataset=dataset1, trategy=conditional, aug train=False, aug eval=False
2026-03-28 08:56:46,531 - MolecularDataset hyperparamets -> dataset=dataset1, trategy=conditional, aug train=False, aug eval=False
2026-03-28 08:56:51,408 - ---- train loader size -> 45126, val loader size 2376 ----
2026-03-28 08:59:21,136 - NEW BEST @ epoch 1: train_auc=0.6051, val_auc=0.7307, val_aupr=0.4689, val_precision=0.2620, val_sensitivity=0.6768; val_specificity=0.6187
2026-03-28 09:01:51,184 - NEW BEST @ epoch 2: train_auc=0.7578, val_auc=0.8338, val_aupr=0.6177, val_precision=0.3330, val_sensitivity=0.7955; val_specificity=0.6813
2026-03-28 09:04:21,477 - NEW BEST @ epoch 3: train_auc=0.8335, val_auc=0.8750, val_aupr=0.6795, val_precision=0.4015, val_sensitivity=0.8081; val_specificity=0.7591
2026-03-28 09:06:49,280 - NEW BEST @ epoch 4: train_auc=0.8732, val_auc=0.9007, val_aupr=0.7193, val_precision=0.4098, val_sensitivity=0.8434; val_specificity=0.7571
2026-03-28 09:09:16,218 - NEW BEST @ epoch 5: train_auc=0.8948, val_auc=0.9070, val_aupr=0.7329, val_precision=0.4542, val_sensitivity=0.8258; val_specificity=0.8015
2026-03-28 09:11:44,422 - NEW BEST @ epoch 6: train_auc=0.9111, val_auc=0.9183, val_aupr=0.7525, val_precision=0.5054, val_sensitivity=0.8308; val_specificity=0.8374
2026-03-28 09:14:11,688 - NEW BEST @ epoch 7: train_auc=0.9234, val_auc=0.9264, val_aupr=0.7733, val_precision=0.5206, val_sensitivity=0.8308; val_specificity=0.8470
2026-03-28 09:16:38,711 - NEW BEST @ epoch 8: train_auc=0.9315, val_auc=0.9330, val_aupr=0.7866, val_precision=0.5456, val_sensitivity=0.8308; val_specificity=0.8616
2026-03-28 09:19:07,921 - NEW BEST @ epoch 9: train_auc=0.9417, val_auc=0.9409, val_aupr=0.8053, val_precision=0.6084, val_sensitivity=0.8005; val_specificity=0.8970
2026-03-28 09:24:01,926 - NEW BEST @ epoch 11: train_auc=0.9543, val_auc=0.9469, val_aupr=0.8237, val_precision=0.6645, val_sensitivity=0.7904; val_specificity=0.9202
2026-03-28 09:28:55,349 - NEW BEST @ epoch 13: train_auc=0.9635, val_auc=0.9518, val_aupr=0.8376, val_precision=0.7092, val_sensitivity=0.7576; val_specificity=0.9379
2026-03-28 09:31:23,121 - NEW BEST @ epoch 14: train_auc=0.9672, val_auc=0.9566, val_aupr=0.8488, val_precision=0.7327, val_sensitivity=0.7753; val_specificity=0.9434
2026-03-28 09:36:19,043 - NEW BEST @ epoch 16: train_auc=0.9742, val_auc=0.9618, val_aupr=0.8672, val_precision=0.7458, val_sensitivity=0.7929; val_specificity=0.9460
2026-03-28 09:41:12,361 - NEW BEST @ epoch 18: train_auc=0.9806, val_auc=0.9648, val_aupr=0.8736, val_precision=0.7822, val_sensitivity=0.7525; val_specificity=0.9581
2026-03-28 09:43:41,960 - NEW BEST @ epoch 19: train_auc=0.9830, val_auc=0.9692, val_aupr=0.8846, val_precision=0.7594, val_sensitivity=0.8131; val_specificity=0.9485
2026-03-28 09:53:34,270 - NEW BEST @ epoch 23: train_auc=0.9889, val_auc=0.9712, val_aupr=0.8944, val_precision=0.8187, val_sensitivity=0.7753; val_specificity=0.9657
2026-03-28 10:05:50,566 - NEW BEST @ epoch 28: train_auc=0.9928, val_auc=0.9744, val_aupr=0.9060, val_precision=0.8407, val_sensitivity=0.7727; val_specificity=0.9707
2026-03-28 10:43:08,438 - MolecularDataset hyperparamets -> dataset=dataset1, trategy=conditional, aug train=False, aug eval=False
2026-03-28 10:43:31,991 - Test Loss: 0.4077
2026-03-28 10:43:31,991 - Test AUC: 0.9415
2026-03-28 10:43:31,991 - Test AUPR: 0.8780
2026-03-28 10:43:31,991 - Test Precision: 0.9085
2026-03-28 10:43:31,991 - Test Sensitivity (Recall): 0.6539
2026-03-28 10:43:31,991 - Test Specificity: 0.9520
2026-03-28 10:43:32,002 - ---- Start Training & Testing Fold 5 ----
2026-03-28 10:43:32,002 - experiment 1 ...
2026-03-28 10:43:32,056 - --- Executing CV with scaffold split with hyperparameters: use_struct=True, save_probs=False, seed=42 ...
2026-03-28 10:43:32,056 - Dataset path -> datasets/multi_ppimi_s4_tests_splits_with_my_train
2026-03-28 10:43:32,095 - Initialized model | excluded=None | mlp_dropout=0.3 | head_dropout=0.3 | self_attn_dropout=0.3 | join_attn_feat=ppiformer | compound_dim=128 | compound_proj_dim=128 | ppi_fuse_setting=self_attn | head_fuse=cat | proj_feat=False
2026-03-28 10:43:32,097 - Excluded modalities: []
2026-03-28 10:43:32,139 - Active modalities: ['esm', 'fegs', 'gae']
2026-03-28 10:43:55,953 - MolecularDataset hyperparamets -> dataset=dataset1, trategy=conditional, aug train=False, aug eval=False
2026-03-28 10:44:03,791 - MolecularDataset hyperparamets -> dataset=dataset1, trategy=conditional, aug train=False, aug eval=False
2026-03-28 10:44:08,889 - MolecularDataset hyperparamets -> dataset=dataset1, trategy=conditional, aug train=False, aug eval=False
2026-03-28 10:44:13,933 - ---- train loader size -> 53418, val loader size 2814 ----
2026-03-28 10:47:10,746 - NEW BEST @ epoch 1: train_auc=0.6513, val_auc=0.7769, val_aupr=0.5961, val_precision=0.2918, val_sensitivity=0.7186; val_specificity=0.6512
2026-03-28 10:50:08,858 - NEW BEST @ epoch 2: train_auc=0.8260, val_auc=0.8708, val_aupr=0.7167, val_precision=0.3734, val_sensitivity=0.8273; val_specificity=0.7224
2026-03-28 10:53:06,552 - NEW BEST @ epoch 3: train_auc=0.8921, val_auc=0.9085, val_aupr=0.7624, val_precision=0.4917, val_sensitivity=0.8230; val_specificity=0.8299
2026-03-28 10:56:03,937 - NEW BEST @ epoch 4: train_auc=0.9207, val_auc=0.9362, val_aupr=0.8084, val_precision=0.5414, val_sensitivity=0.8635; val_specificity=0.8537
2026-03-28 10:59:00,235 - NEW BEST @ epoch 5: train_auc=0.9388, val_auc=0.9477, val_aupr=0.8280, val_precision=0.5958, val_sensitivity=0.8550; val_specificity=0.8840
2026-03-28 11:01:57,854 - NEW BEST @ epoch 6: train_auc=0.9508, val_auc=0.9530, val_aupr=0.8349, val_precision=0.6460, val_sensitivity=0.8017; val_specificity=0.9122
2026-03-28 11:04:54,742 - NEW BEST @ epoch 7: train_auc=0.9593, val_auc=0.9591, val_aupr=0.8531, val_precision=0.6729, val_sensitivity=0.8422; val_specificity=0.9181
2026-03-28 11:07:52,712 - NEW BEST @ epoch 8: train_auc=0.9647, val_auc=0.9625, val_aupr=0.8633, val_precision=0.6837, val_sensitivity=0.8571; val_specificity=0.9207
2026-03-28 11:10:49,121 - NEW BEST @ epoch 9: train_auc=0.9700, val_auc=0.9652, val_aupr=0.8728, val_precision=0.6771, val_sensitivity=0.8763; val_specificity=0.9164
2026-03-28 11:13:45,858 - NEW BEST @ epoch 10: train_auc=0.9751, val_auc=0.9680, val_aupr=0.8810, val_precision=0.7140, val_sensitivity=0.8678; val_specificity=0.9305
2026-03-28 11:16:42,866 - NEW BEST @ epoch 11: train_auc=0.9790, val_auc=0.9727, val_aupr=0.8975, val_precision=0.7509, val_sensitivity=0.8806; val_specificity=0.9416
2026-03-28 11:22:36,723 - NEW BEST @ epoch 13: train_auc=0.9854, val_auc=0.9762, val_aupr=0.9162, val_precision=0.8193, val_sensitivity=0.8316; val_specificity=0.9633
2026-03-28 11:25:29,011 - NEW BEST @ epoch 14: train_auc=0.9879, val_auc=0.9791, val_aupr=0.9275, val_precision=0.7828, val_sensitivity=0.9147; val_specificity=0.9493
2026-03-28 11:31:21,068 - NEW BEST @ epoch 16: train_auc=0.9909, val_auc=0.9819, val_aupr=0.9459, val_precision=0.8410, val_sensitivity=0.8913; val_specificity=0.9663
2026-03-28 11:34:15,612 - NEW BEST @ epoch 17: train_auc=0.9923, val_auc=0.9841, val_aupr=0.9510, val_precision=0.8724, val_sensitivity=0.8891; val_specificity=0.9740
2026-03-28 11:48:47,210 - NEW BEST @ epoch 22: train_auc=0.9961, val_auc=0.9870, val_aupr=0.9659, val_precision=0.8793, val_sensitivity=0.9168; val_specificity=0.9748
2026-03-28 12:03:18,555 - NEW BEST @ epoch 27: train_auc=0.9978, val_auc=0.9891, val_aupr=0.9727, val_precision=0.8905, val_sensitivity=0.9360; val_specificity=0.9770
2026-03-28 12:47:34,818 - MolecularDataset hyperparamets -> dataset=dataset1, trategy=conditional, aug train=False, aug eval=False
2026-03-28 12:47:57,293 - Test Loss: 0.7477
2026-03-28 12:47:57,293 - Test AUC: 0.8465
2026-03-28 12:47:57,293 - Test AUPR: 0.8235
2026-03-28 12:47:57,293 - Test Precision: 0.8344
2026-03-28 12:47:57,293 - Test Sensitivity (Recall): 0.3281
2026-03-28 12:47:57,293 - Test Specificity: 0.9297
2026-03-28 12:47:57,313 - Saved/updated summary to: results/result_tables/final_results/hyperparam_search_2503.csv
2026-03-28 12:47:57,313 - [2503@j6] Running hyperparameter set 5/12 | lr=1e-05 | weight_decay=1e-05 | mlp_dropout=0.3 | head_dropout=0.3 | self_attn_dropout=0.1 | compound_proj_dim=128 | ppi_fuse_setting=self_attn | head_fuse=cat | proj_feat=False
2026-03-28 12:47:57,313 - ---- Start Training & Testing Fold 1 ----
2026-03-28 12:47:57,313 - experiment 1 ...
2026-03-28 12:47:57,315 - --- Executing CV with scaffold split with hyperparameters: use_struct=True, save_probs=False, seed=42 ...
2026-03-28 12:47:57,315 - Dataset path -> datasets/multi_ppimi_s4_tests_splits_with_my_train
2026-03-28 12:47:57,352 - Initialized model | excluded=None | mlp_dropout=0.3 | head_dropout=0.3 | self_attn_dropout=0.1 | join_attn_feat=ppiformer | compound_dim=128 | compound_proj_dim=128 | ppi_fuse_setting=self_attn | head_fuse=cat | proj_feat=False
2026-03-28 12:47:57,354 - Excluded modalities: []
2026-03-28 12:47:57,396 - Active modalities: ['esm', 'fegs', 'gae']
2026-03-28 12:48:23,419 - MolecularDataset hyperparamets -> dataset=dataset1, trategy=conditional, aug train=False, aug eval=False
2026-03-28 12:48:31,964 - MolecularDataset hyperparamets -> dataset=dataset1, trategy=conditional, aug train=False, aug eval=False
2026-03-28 12:48:36,919 - MolecularDataset hyperparamets -> dataset=dataset1, trategy=conditional, aug train=False, aug eval=False
2026-03-28 12:48:41,743 - ---- train loader size -> 62190, val loader size 3276 ----
2026-03-28 12:52:03,553 - NEW BEST @ epoch 1: train_auc=0.6910, val_auc=0.7801, val_aupr=0.5761, val_precision=0.2932, val_sensitivity=0.7271; val_specificity=0.6495
2026-03-28 12:55:24,182 - NEW BEST @ epoch 2: train_auc=0.8596, val_auc=0.8921, val_aupr=0.7158, val_precision=0.4128, val_sensitivity=0.8278; val_specificity=0.7645
2026-03-28 12:58:47,588 - NEW BEST @ epoch 3: train_auc=0.9074, val_auc=0.9149, val_aupr=0.7533, val_precision=0.4824, val_sensitivity=0.8260; val_specificity=0.8227
2026-03-28 13:02:08,876 - NEW BEST @ epoch 4: train_auc=0.9317, val_auc=0.9290, val_aupr=0.7787, val_precision=0.5083, val_sensitivity=0.8407; val_specificity=0.8374
2026-03-28 13:05:30,032 - NEW BEST @ epoch 5: train_auc=0.9450, val_auc=0.9427, val_aupr=0.8073, val_precision=0.5341, val_sensitivity=0.8608; val_specificity=0.8498
2026-03-28 13:08:53,181 - NEW BEST @ epoch 6: train_auc=0.9561, val_auc=0.9515, val_aupr=0.8264, val_precision=0.6013, val_sensitivity=0.8370; val_specificity=0.8890
2026-03-28 13:12:15,079 - NEW BEST @ epoch 7: train_auc=0.9642, val_auc=0.9568, val_aupr=0.8419, val_precision=0.6370, val_sensitivity=0.8388; val_specificity=0.9044
2026-03-28 13:15:40,346 - NEW BEST @ epoch 8: train_auc=0.9700, val_auc=0.9603, val_aupr=0.8517, val_precision=0.6825, val_sensitivity=0.7875; val_specificity=0.9267
2026-03-28 13:19:01,211 - NEW BEST @ epoch 9: train_auc=0.9749, val_auc=0.9664, val_aupr=0.8685, val_precision=0.7277, val_sensitivity=0.7930; val_specificity=0.9407
2026-03-28 13:22:21,744 - NEW BEST @ epoch 10: train_auc=0.9788, val_auc=0.9698, val_aupr=0.8811, val_precision=0.7491, val_sensitivity=0.7821; val_specificity=0.9476
2026-03-28 13:28:57,679 - NEW BEST @ epoch 12: train_auc=0.9855, val_auc=0.9731, val_aupr=0.8922, val_precision=0.7595, val_sensitivity=0.8095; val_specificity=0.9487
2026-03-28 13:32:21,128 - NEW BEST @ epoch 13: train_auc=0.9868, val_auc=0.9757, val_aupr=0.9027, val_precision=0.7945, val_sensitivity=0.8004; val_specificity=0.9586
2026-03-28 13:39:03,001 - NEW BEST @ epoch 15: train_auc=0.9908, val_auc=0.9796, val_aupr=0.9147, val_precision=0.7837, val_sensitivity=0.8626; val_specificity=0.9524
2026-03-28 13:45:45,502 - NEW BEST @ epoch 17: train_auc=0.9933, val_auc=0.9827, val_aupr=0.9265, val_precision=0.7878, val_sensitivity=0.8773; val_specificity=0.9527
2026-03-28 13:55:51,972 - NEW BEST @ epoch 20: train_auc=0.9951, val_auc=0.9853, val_aupr=0.9374, val_precision=0.8475, val_sensitivity=0.8553; val_specificity=0.9692
2026-03-28 14:12:37,493 - NEW BEST @ epoch 25: train_auc=0.9971, val_auc=0.9877, val_aupr=0.9477, val_precision=0.8696, val_sensitivity=0.8919; val_specificity=0.9733
2026-03-28 15:03:26,912 - MolecularDataset hyperparamets -> dataset=dataset1, trategy=conditional, aug train=False, aug eval=False
2026-03-28 15:03:39,341 - Test Loss: 1.5767
2026-03-28 15:03:39,341 - Test AUC: 0.7237
2026-03-28 15:03:39,341 - Test AUPR: 0.5896
2026-03-28 15:03:39,341 - Test Precision: 0.0000
2026-03-28 15:03:39,341 - Test Sensitivity (Recall): 0.0000
2026-03-28 15:03:39,341 - Test Specificity: 0.9969
2026-03-28 15:03:39,351 - ---- Start Training & Testing Fold 2 ----
2026-03-28 15:03:39,352 - experiment 1 ...
2026-03-28 15:03:39,353 - --- Executing CV with scaffold split with hyperparameters: use_struct=True, save_probs=False, seed=42 ...
2026-03-28 15:03:39,353 - Dataset path -> datasets/multi_ppimi_s4_tests_splits_with_my_train
2026-03-28 15:03:39,397 - Initialized model | excluded=None | mlp_dropout=0.3 | head_dropout=0.3 | self_attn_dropout=0.1 | join_attn_feat=ppiformer | compound_dim=128 | compound_proj_dim=128 | ppi_fuse_setting=self_attn | head_fuse=cat | proj_feat=False
2026-03-28 15:03:39,399 - Excluded modalities: []
2026-03-28 15:03:39,440 - Active modalities: ['esm', 'fegs', 'gae']
2026-03-28 15:04:08,946 - MolecularDataset hyperparamets -> dataset=dataset1, trategy=conditional, aug train=False, aug eval=False
2026-03-28 15:04:18,284 - MolecularDataset hyperparamets -> dataset=dataset1, trategy=conditional, aug train=False, aug eval=False
2026-03-28 15:04:23,600 - MolecularDataset hyperparamets -> dataset=dataset1, trategy=conditional, aug train=False, aug eval=False
2026-03-28 15:04:28,668 - ---- train loader size -> 68988, val loader size 3636 ----
2026-03-28 15:08:10,158 - NEW BEST @ epoch 1: train_auc=0.6990, val_auc=0.8091, val_aupr=0.6002, val_precision=0.3210, val_sensitivity=0.7475; val_specificity=0.6838
2026-03-28 15:11:52,761 - NEW BEST @ epoch 2: train_auc=0.8596, val_auc=0.8821, val_aupr=0.7092, val_precision=0.4163, val_sensitivity=0.7921; val_specificity=0.7779
2026-03-28 15:15:34,845 - NEW BEST @ epoch 3: train_auc=0.9126, val_auc=0.9234, val_aupr=0.7737, val_precision=0.5400, val_sensitivity=0.7789; val_specificity=0.8673
2026-03-28 15:19:18,228 - NEW BEST @ epoch 4: train_auc=0.9395, val_auc=0.9389, val_aupr=0.8068, val_precision=0.5621, val_sensitivity=0.8218; val_specificity=0.8719
2026-03-28 15:23:02,978 - NEW BEST @ epoch 5: train_auc=0.9535, val_auc=0.9520, val_aupr=0.8348, val_precision=0.5933, val_sensitivity=0.8762; val_specificity=0.8799
2026-03-28 15:26:49,485 - NEW BEST @ epoch 6: train_auc=0.9646, val_auc=0.9579, val_aupr=0.8516, val_precision=0.6562, val_sensitivity=0.8663; val_specificity=0.9092
2026-03-28 15:30:34,108 - NEW BEST @ epoch 7: train_auc=0.9714, val_auc=0.9604, val_aupr=0.8590, val_precision=0.6789, val_sensitivity=0.8548; val_specificity=0.9191
2026-03-28 15:34:14,665 - NEW BEST @ epoch 8: train_auc=0.9774, val_auc=0.9659, val_aupr=0.8745, val_precision=0.7250, val_sensitivity=0.8267; val_specificity=0.9373
2026-03-28 15:41:39,759 - NEW BEST @ epoch 10: train_auc=0.9851, val_auc=0.9720, val_aupr=0.8930, val_precision=0.7579, val_sensitivity=0.8317; val_specificity=0.9469
2026-03-28 15:49:05,596 - NEW BEST @ epoch 12: train_auc=0.9895, val_auc=0.9760, val_aupr=0.9074, val_precision=0.8049, val_sensitivity=0.8102; val_specificity=0.9607
2026-03-28 15:52:49,437 - NEW BEST @ epoch 13: train_auc=0.9909, val_auc=0.9786, val_aupr=0.9160, val_precision=0.7789, val_sensitivity=0.8548; val_specificity=0.9515
2026-03-28 16:00:12,993 - NEW BEST @ epoch 15: train_auc=0.9935, val_auc=0.9818, val_aupr=0.9271, val_precision=0.8402, val_sensitivity=0.8416; val_specificity=0.9680
2026-03-28 16:07:41,663 - NEW BEST @ epoch 17: train_auc=0.9952, val_auc=0.9847, val_aupr=0.9377, val_precision=0.8613, val_sensitivity=0.8300; val_specificity=0.9733
2026-03-28 16:18:50,527 - NEW BEST @ epoch 20: train_auc=0.9968, val_auc=0.9881, val_aupr=0.9500, val_precision=0.8524, val_sensitivity=0.8861; val_specificity=0.9693
2026-03-28 16:44:50,819 - NEW BEST @ epoch 27: train_auc=0.9987, val_auc=0.9904, val_aupr=0.9605, val_precision=0.8902, val_sensitivity=0.8960; val_specificity=0.9779
2026-03-28 17:41:04,317 - MolecularDataset hyperparamets -> dataset=dataset1, trategy=conditional, aug train=False, aug eval=False
2026-03-28 17:41:15,763 - Test Loss: 1.9071
2026-03-28 17:41:15,764 - Test AUC: 0.8337
2026-03-28 17:41:15,764 - Test AUPR: 0.8061
2026-03-28 17:41:15,764 - Test Precision: 0.1000
2026-03-28 17:41:15,764 - Test Sensitivity (Recall): 0.0031
2026-03-28 17:41:15,764 - Test Specificity: 0.9585
2026-03-28 17:41:15,773 - ---- Start Training & Testing Fold 3 ----
2026-03-28 17:41:15,773 - experiment 1 ...
2026-03-28 17:41:15,776 - --- Executing CV with scaffold split with hyperparameters: use_struct=True, save_probs=False, seed=42 ...
2026-03-28 17:41:15,776 - Dataset path -> datasets/multi_ppimi_s4_tests_splits_with_my_train
2026-03-28 17:41:15,818 - Initialized model | excluded=None | mlp_dropout=0.3 | head_dropout=0.3 | self_attn_dropout=0.1 | join_attn_feat=ppiformer | compound_dim=128 | compound_proj_dim=128 | ppi_fuse_setting=self_attn | head_fuse=cat | proj_feat=False
2026-03-28 17:41:15,820 - Excluded modalities: []
2026-03-28 17:41:15,861 - Active modalities: ['esm', 'fegs', 'gae']
2026-03-28 17:41:43,803 - MolecularDataset hyperparamets -> dataset=dataset1, trategy=conditional, aug train=False, aug eval=False
2026-03-28 17:41:52,923 - MolecularDataset hyperparamets -> dataset=dataset1, trategy=conditional, aug train=False, aug eval=False
2026-03-28 17:41:58,234 - MolecularDataset hyperparamets -> dataset=dataset1, trategy=conditional, aug train=False, aug eval=False
2026-03-28 17:42:03,434 - ---- train loader size -> 65748, val loader size 3462 ----
2026-03-28 17:45:33,551 - NEW BEST @ epoch 1: train_auc=0.6745, val_auc=0.8080, val_aupr=0.6113, val_precision=0.3296, val_sensitivity=0.7643; val_specificity=0.6891
2026-03-28 17:49:04,447 - NEW BEST @ epoch 2: train_auc=0.8488, val_auc=0.9036, val_aupr=0.7438, val_precision=0.4476, val_sensitivity=0.8284; val_specificity=0.7955
2026-03-28 17:52:36,771 - NEW BEST @ epoch 3: train_auc=0.9057, val_auc=0.9262, val_aupr=0.7856, val_precision=0.4949, val_sensitivity=0.8354; val_specificity=0.8295
2026-03-28 17:56:04,406 - NEW BEST @ epoch 4: train_auc=0.9342, val_auc=0.9470, val_aupr=0.8199, val_precision=0.5424, val_sensitivity=0.8752; val_specificity=0.8523
2026-03-28 17:59:36,205 - NEW BEST @ epoch 5: train_auc=0.9500, val_auc=0.9518, val_aupr=0.8340, val_precision=0.6017, val_sensitivity=0.8354; val_specificity=0.8894
2026-03-28 18:03:06,942 - NEW BEST @ epoch 6: train_auc=0.9583, val_auc=0.9576, val_aupr=0.8471, val_precision=0.6462, val_sensitivity=0.8042; val_specificity=0.9120
2026-03-28 18:06:40,084 - NEW BEST @ epoch 7: train_auc=0.9662, val_auc=0.9613, val_aupr=0.8602, val_precision=0.6676, val_sensitivity=0.8146; val_specificity=0.9189
2026-03-28 18:10:11,606 - NEW BEST @ epoch 8: train_auc=0.9714, val_auc=0.9656, val_aupr=0.8728, val_precision=0.6703, val_sensitivity=0.8562; val_specificity=0.9158
2026-03-28 18:13:43,321 - NEW BEST @ epoch 9: train_auc=0.9772, val_auc=0.9705, val_aupr=0.8877, val_precision=0.7248, val_sensitivity=0.8215; val_specificity=0.9376
2026-03-28 18:20:45,961 - NEW BEST @ epoch 11: train_auc=0.9841, val_auc=0.9752, val_aupr=0.9026, val_precision=0.7615, val_sensitivity=0.8302; val_specificity=0.9480
2026-03-28 18:24:17,236 - NEW BEST @ epoch 12: train_auc=0.9861, val_auc=0.9775, val_aupr=0.9111, val_precision=0.8161, val_sensitivity=0.8076; val_specificity=0.9636
2026-03-28 18:31:20,529 - NEW BEST @ epoch 14: train_auc=0.9905, val_auc=0.9822, val_aupr=0.9294, val_precision=0.8372, val_sensitivity=0.8198; val_specificity=0.9681
2026-03-28 18:38:24,042 - NEW BEST @ epoch 16: train_auc=0.9930, val_auc=0.9843, val_aupr=0.9369, val_precision=0.8536, val_sensitivity=0.8284; val_specificity=0.9716
2026-03-28 18:49:04,911 - NEW BEST @ epoch 19: train_auc=0.9952, val_auc=0.9863, val_aupr=0.9451, val_precision=0.8661, val_sensitivity=0.8406; val_specificity=0.9740
2026-03-28 19:03:13,563 - NEW BEST @ epoch 23: train_auc=0.9971, val_auc=0.9894, val_aupr=0.9582, val_precision=0.8832, val_sensitivity=0.8648; val_specificity=0.9771
2026-03-28 19:42:20,170 - NEW BEST @ epoch 34: train_auc=0.9990, val_auc=0.9918, val_aupr=0.9679, val_precision=0.8955, val_sensitivity=0.8908; val_specificity=0.9792
2026-03-28 20:36:01,129 - MolecularDataset hyperparamets -> dataset=dataset1, trategy=conditional, aug train=False, aug eval=False
2026-03-28 20:36:11,900 - Test Loss: 0.9092
2026-03-28 20:36:11,901 - Test AUC: 0.9324
2026-03-28 20:36:11,901 - Test AUPR: 0.9007
2026-03-28 20:36:11,901 - Test Precision: 0.9500
2026-03-28 20:36:11,901 - Test Sensitivity (Recall): 0.2664
2026-03-28 20:36:11,901 - Test Specificity: 0.9883
2026-03-28 20:36:11,910 - ---- Start Training & Testing Fold 4 ----
2026-03-28 20:36:11,911 - experiment 1 ...
2026-03-28 20:36:11,912 - --- Executing CV with scaffold split with hyperparameters: use_struct=True, save_probs=False, seed=42 ...
2026-03-28 20:36:11,912 - Dataset path -> datasets/multi_ppimi_s4_tests_splits_with_my_train
2026-03-28 20:36:11,943 - Initialized model | excluded=None | mlp_dropout=0.3 | head_dropout=0.3 | self_attn_dropout=0.1 | join_attn_feat=ppiformer | compound_dim=128 | compound_proj_dim=128 | ppi_fuse_setting=self_attn | head_fuse=cat | proj_feat=False
2026-03-28 20:36:11,944 - Excluded modalities: []
2026-03-28 20:36:11,986 - Active modalities: ['esm', 'fegs', 'gae']
2026-03-28 20:36:31,029 - MolecularDataset hyperparamets -> dataset=dataset1, trategy=conditional, aug train=False, aug eval=False
2026-03-28 20:36:38,602 - MolecularDataset hyperparamets -> dataset=dataset1, trategy=conditional, aug train=False, aug eval=False
2026-03-28 20:36:43,578 - MolecularDataset hyperparamets -> dataset=dataset1, trategy=conditional, aug train=False, aug eval=False
2026-03-28 20:36:48,449 - ---- train loader size -> 45126, val loader size 2376 ----
2026-03-28 20:39:13,980 - NEW BEST @ epoch 1: train_auc=0.6028, val_auc=0.7289, val_aupr=0.4640, val_precision=0.2596, val_sensitivity=0.6818; val_specificity=0.6111
2026-03-28 20:41:39,660 - NEW BEST @ epoch 2: train_auc=0.7582, val_auc=0.8315, val_aupr=0.6189, val_precision=0.3337, val_sensitivity=0.7879; val_specificity=0.6854
2026-03-28 20:44:03,990 - NEW BEST @ epoch 3: train_auc=0.8335, val_auc=0.8744, val_aupr=0.6782, val_precision=0.4048, val_sensitivity=0.8106; val_specificity=0.7616
2026-03-28 20:46:30,949 - NEW BEST @ epoch 4: train_auc=0.8739, val_auc=0.9002, val_aupr=0.7184, val_precision=0.4123, val_sensitivity=0.8434; val_specificity=0.7596
2026-03-28 20:48:58,547 - NEW BEST @ epoch 5: train_auc=0.8950, val_auc=0.9062, val_aupr=0.7310, val_precision=0.4652, val_sensitivity=0.8283; val_specificity=0.8096
2026-03-28 20:51:25,650 - NEW BEST @ epoch 6: train_auc=0.9111, val_auc=0.9171, val_aupr=0.7516, val_precision=0.5116, val_sensitivity=0.8333; val_specificity=0.8409
2026-03-28 20:53:49,976 - NEW BEST @ epoch 7: train_auc=0.9238, val_auc=0.9265, val_aupr=0.7751, val_precision=0.5321, val_sensitivity=0.8384; val_specificity=0.8525
2026-03-28 20:56:16,492 - NEW BEST @ epoch 8: train_auc=0.9316, val_auc=0.9324, val_aupr=0.7864, val_precision=0.5417, val_sensitivity=0.8207; val_specificity=0.8611
2026-03-28 20:58:40,738 - NEW BEST @ epoch 9: train_auc=0.9421, val_auc=0.9399, val_aupr=0.8044, val_precision=0.6151, val_sensitivity=0.8030; val_specificity=0.8995
2026-03-28 21:03:28,638 - NEW BEST @ epoch 11: train_auc=0.9546, val_auc=0.9464, val_aupr=0.8222, val_precision=0.6609, val_sensitivity=0.7778; val_specificity=0.9202
2026-03-28 21:05:53,821 - NEW BEST @ epoch 12: train_auc=0.9601, val_auc=0.9485, val_aupr=0.8297, val_precision=0.6979, val_sensitivity=0.7702; val_specificity=0.9333
2026-03-28 21:08:19,989 - NEW BEST @ epoch 13: train_auc=0.9639, val_auc=0.9533, val_aupr=0.8403, val_precision=0.6946, val_sensitivity=0.7753; val_specificity=0.9318
2026-03-28 21:10:45,236 - NEW BEST @ epoch 14: train_auc=0.9675, val_auc=0.9567, val_aupr=0.8476, val_precision=0.7232, val_sensitivity=0.7652; val_specificity=0.9414
2026-03-28 21:15:35,070 - NEW BEST @ epoch 16: train_auc=0.9743, val_auc=0.9617, val_aupr=0.8657, val_precision=0.7363, val_sensitivity=0.7828; val_specificity=0.9439
2026-03-28 21:22:52,794 - NEW BEST @ epoch 19: train_auc=0.9832, val_auc=0.9683, val_aupr=0.8830, val_precision=0.7619, val_sensitivity=0.8081; val_specificity=0.9495
2026-03-28 21:37:29,112 - NEW BEST @ epoch 25: train_auc=0.9909, val_auc=0.9710, val_aupr=0.8968, val_precision=0.8293, val_sensitivity=0.7727; val_specificity=0.9682
2026-03-28 21:42:22,289 - NEW BEST @ epoch 27: train_auc=0.9926, val_auc=0.9734, val_aupr=0.9046, val_precision=0.8459, val_sensitivity=0.7626; val_specificity=0.9722
2026-03-28 22:16:22,987 - NEW BEST @ epoch 41: train_auc=0.9978, val_auc=0.9755, val_aupr=0.9124, val_precision=0.8229, val_sensitivity=0.7980; val_specificity=0.9657
2026-03-28 22:53:03,245 - MolecularDataset hyperparamets -> dataset=dataset1, trategy=conditional, aug train=False, aug eval=False
2026-03-28 22:53:25,826 - Test Loss: 0.4971
2026-03-28 22:53:25,826 - Test AUC: 0.9255
2026-03-28 22:53:25,826 - Test AUPR: 0.8589
2026-03-28 22:53:25,826 - Test Precision: 0.8891
2026-03-28 22:53:25,826 - Test Sensitivity (Recall): 0.6386
2026-03-28 22:53:25,826 - Test Specificity: 0.9419
2026-03-28 22:53:25,836 - ---- Start Training & Testing Fold 5 ----
2026-03-28 22:53:25,836 - experiment 1 ...
2026-03-28 22:53:25,837 - --- Executing CV with scaffold split with hyperparameters: use_struct=True, save_probs=False, seed=42 ...
2026-03-28 22:53:25,837 - Dataset path -> datasets/multi_ppimi_s4_tests_splits_with_my_train
2026-03-28 22:53:25,870 - Initialized model | excluded=None | mlp_dropout=0.3 | head_dropout=0.3 | self_attn_dropout=0.1 | join_attn_feat=ppiformer | compound_dim=128 | compound_proj_dim=128 | ppi_fuse_setting=self_attn | head_fuse=cat | proj_feat=False
2026-03-28 22:53:25,872 - Excluded modalities: []
2026-03-28 22:53:25,913 - Active modalities: ['esm', 'fegs', 'gae']
2026-03-28 22:53:49,583 - MolecularDataset hyperparamets -> dataset=dataset1, trategy=conditional, aug train=False, aug eval=False
2026-03-28 22:53:57,155 - MolecularDataset hyperparamets -> dataset=dataset1, trategy=conditional, aug train=False, aug eval=False
2026-03-28 22:54:02,402 - MolecularDataset hyperparamets -> dataset=dataset1, trategy=conditional, aug train=False, aug eval=False
2026-03-28 22:54:07,587 - ---- train loader size -> 53418, val loader size 2814 ----
2026-03-28 22:57:01,664 - NEW BEST @ epoch 1: train_auc=0.6496, val_auc=0.7725, val_aupr=0.5881, val_precision=0.2794, val_sensitivity=0.7186; val_specificity=0.6294
2026-03-28 22:59:54,374 - NEW BEST @ epoch 2: train_auc=0.8237, val_auc=0.8709, val_aupr=0.7167, val_precision=0.3754, val_sensitivity=0.8380; val_specificity=0.7211
2026-03-28 23:02:48,838 - NEW BEST @ epoch 3: train_auc=0.8917, val_auc=0.9066, val_aupr=0.7595, val_precision=0.4981, val_sensitivity=0.8209; val_specificity=0.8345
2026-03-28 23:05:42,583 - NEW BEST @ epoch 4: train_auc=0.9203, val_auc=0.9346, val_aupr=0.8046, val_precision=0.5369, val_sensitivity=0.8529; val_specificity=0.8529
2026-03-28 23:08:35,305 - NEW BEST @ epoch 5: train_auc=0.9385, val_auc=0.9465, val_aupr=0.8242, val_precision=0.5994, val_sensitivity=0.8614; val_specificity=0.8849
2026-03-28 23:11:29,480 - NEW BEST @ epoch 6: train_auc=0.9509, val_auc=0.9534, val_aupr=0.8361, val_precision=0.6545, val_sensitivity=0.8038; val_specificity=0.9151
2026-03-28 23:14:22,989 - NEW BEST @ epoch 7: train_auc=0.9590, val_auc=0.9594, val_aupr=0.8528, val_precision=0.6747, val_sensitivity=0.8401; val_specificity=0.9190
2026-03-28 23:17:15,767 - NEW BEST @ epoch 8: train_auc=0.9644, val_auc=0.9629, val_aupr=0.8621, val_precision=0.6824, val_sensitivity=0.8614; val_specificity=0.9198
2026-03-28 23:20:08,742 - NEW BEST @ epoch 9: train_auc=0.9699, val_auc=0.9650, val_aupr=0.8692, val_precision=0.6694, val_sensitivity=0.8849; val_specificity=0.9126
2026-03-28 23:23:04,247 - NEW BEST @ epoch 10: train_auc=0.9751, val_auc=0.9671, val_aupr=0.8762, val_precision=0.7073, val_sensitivity=0.8657; val_specificity=0.9284
2026-03-28 23:25:56,884 - NEW BEST @ epoch 11: train_auc=0.9792, val_auc=0.9717, val_aupr=0.8930, val_precision=0.7468, val_sensitivity=0.8678; val_specificity=0.9412
2026-03-28 23:28:50,968 - NEW BEST @ epoch 12: train_auc=0.9819, val_auc=0.9745, val_aupr=0.9041, val_precision=0.7626, val_sensitivity=0.8699; val_specificity=0.9458
2026-03-28 23:34:39,070 - NEW BEST @ epoch 14: train_auc=0.9879, val_auc=0.9792, val_aupr=0.9259, val_precision=0.7873, val_sensitivity=0.8998; val_specificity=0.9514
2026-03-28 23:40:25,797 - NEW BEST @ epoch 16: train_auc=0.9909, val_auc=0.9818, val_aupr=0.9429, val_precision=0.8431, val_sensitivity=0.8934; val_specificity=0.9667
2026-03-28 23:43:19,117 - NEW BEST @ epoch 17: train_auc=0.9922, val_auc=0.9838, val_aupr=0.9489, val_precision=0.8628, val_sensitivity=0.8849; val_specificity=0.9719
2026-03-28 23:49:08,038 - NEW BEST @ epoch 19: train_auc=0.9939, val_auc=0.9860, val_aupr=0.9584, val_precision=0.8716, val_sensitivity=0.8977; val_specificity=0.9736
2026-03-29 00:06:30,413 - NEW BEST @ epoch 25: train_auc=0.9974, val_auc=0.9887, val_aupr=0.9707, val_precision=0.9040, val_sensitivity=0.9232; val_specificity=0.9804
2026-03-29 00:23:50,978 - NEW BEST @ epoch 31: train_auc=0.9986, val_auc=0.9915, val_aupr=0.9746, val_precision=0.9146, val_sensitivity=0.9360; val_specificity=0.9825
2026-03-29 01:07:51,694 - MolecularDataset hyperparamets -> dataset=dataset1, trategy=conditional, aug train=False, aug eval=False
2026-03-29 01:08:13,864 - Test Loss: 0.8889
2026-03-29 01:08:13,864 - Test AUC: 0.8444
2026-03-29 01:08:13,864 - Test AUPR: 0.8275
2026-03-29 01:08:13,864 - Test Precision: 0.8553
2026-03-29 01:08:13,864 - Test Sensitivity (Recall): 0.2539
2026-03-29 01:08:13,865 - Test Specificity: 0.9536
2026-03-29 01:08:13,884 - Saved/updated summary to: results/result_tables/final_results/hyperparam_search_2503.csv
2026-03-29 01:08:13,884 - [2503@j6] Running hyperparameter set 6/12 | lr=1e-05 | weight_decay=1e-05 | mlp_dropout=0.3 | head_dropout=0.3 | self_attn_dropout=0.3 | compound_proj_dim=128 | ppi_fuse_setting=self_attn | head_fuse=cat | proj_feat=False
2026-03-29 01:08:13,884 - ---- Start Training & Testing Fold 1 ----
2026-03-29 01:08:13,884 - experiment 1 ...
2026-03-29 01:08:13,885 - --- Executing CV with scaffold split with hyperparameters: use_struct=True, save_probs=False, seed=42 ...
2026-03-29 01:08:13,885 - Dataset path -> datasets/multi_ppimi_s4_tests_splits_with_my_train
2026-03-29 01:08:13,922 - Initialized model | excluded=None | mlp_dropout=0.3 | head_dropout=0.3 | self_attn_dropout=0.3 | join_attn_feat=ppiformer | compound_dim=128 | compound_proj_dim=128 | ppi_fuse_setting=self_attn | head_fuse=cat | proj_feat=False
2026-03-29 01:08:13,924 - Excluded modalities: []
2026-03-29 01:08:13,965 - Active modalities: ['esm', 'fegs', 'gae']
2026-03-29 01:08:40,176 - MolecularDataset hyperparamets -> dataset=dataset1, trategy=conditional, aug train=False, aug eval=False
2026-03-29 01:08:48,955 - MolecularDataset hyperparamets -> dataset=dataset1, trategy=conditional, aug train=False, aug eval=False
2026-03-29 01:08:53,957 - MolecularDataset hyperparamets -> dataset=dataset1, trategy=conditional, aug train=False, aug eval=False
2026-03-29 01:08:58,874 - ---- train loader size -> 62190, val loader size 3276 ----
2026-03-29 01:12:16,860 - NEW BEST @ epoch 1: train_auc=0.6900, val_auc=0.7771, val_aupr=0.5688, val_precision=0.2933, val_sensitivity=0.7253; val_specificity=0.6505
2026-03-29 01:15:36,417 - NEW BEST @ epoch 2: train_auc=0.8588, val_auc=0.8910, val_aupr=0.7164, val_precision=0.4147, val_sensitivity=0.8242; val_specificity=0.7674
2026-03-29 01:18:55,603 - NEW BEST @ epoch 3: train_auc=0.9087, val_auc=0.9152, val_aupr=0.7540, val_precision=0.4763, val_sensitivity=0.8278; val_specificity=0.8179
2026-03-29 01:22:17,930 - NEW BEST @ epoch 4: train_auc=0.9327, val_auc=0.9306, val_aupr=0.7802, val_precision=0.5094, val_sensitivity=0.8462; val_specificity=0.8370
2026-03-29 01:25:37,942 - NEW BEST @ epoch 5: train_auc=0.9462, val_auc=0.9447, val_aupr=0.8128, val_precision=0.5641, val_sensitivity=0.8700; val_specificity=0.8656
2026-03-29 01:28:58,649 - NEW BEST @ epoch 6: train_auc=0.9569, val_auc=0.9529, val_aupr=0.8307, val_precision=0.6187, val_sensitivity=0.8352; val_specificity=0.8971
2026-03-29 01:32:21,184 - NEW BEST @ epoch 7: train_auc=0.9650, val_auc=0.9578, val_aupr=0.8466, val_precision=0.6435, val_sensitivity=0.8462; val_specificity=0.9062
2026-03-29 01:35:41,272 - NEW BEST @ epoch 8: train_auc=0.9707, val_auc=0.9599, val_aupr=0.8535, val_precision=0.6835, val_sensitivity=0.7912; val_specificity=0.9267
2026-03-29 01:39:00,875 - NEW BEST @ epoch 9: train_auc=0.9755, val_auc=0.9674, val_aupr=0.8745, val_precision=0.7393, val_sensitivity=0.7894; val_specificity=0.9443
2026-03-29 01:42:18,156 - NEW BEST @ epoch 10: train_auc=0.9796, val_auc=0.9709, val_aupr=0.8850, val_precision=0.7642, val_sensitivity=0.7894; val_specificity=0.9513
2026-03-29 01:49:01,741 - NEW BEST @ epoch 12: train_auc=0.9861, val_auc=0.9745, val_aupr=0.8980, val_precision=0.7627, val_sensitivity=0.8242; val_specificity=0.9487
2026-03-29 01:52:19,808 - NEW BEST @ epoch 13: train_auc=0.9872, val_auc=0.9766, val_aupr=0.9070, val_precision=0.8033, val_sensitivity=0.8004; val_specificity=0.9608
2026-03-29 01:55:42,354 - NEW BEST @ epoch 14: train_auc=0.9893, val_auc=0.9794, val_aupr=0.9141, val_precision=0.8042, val_sensitivity=0.8425; val_specificity=0.9590
2026-03-29 02:05:45,301 - NEW BEST @ epoch 17: train_auc=0.9934, val_auc=0.9833, val_aupr=0.9275, val_precision=0.8168, val_sensitivity=0.8736; val_specificity=0.9608
2026-03-29 02:15:46,796 - NEW BEST @ epoch 20: train_auc=0.9953, val_auc=0.9857, val_aupr=0.9387, val_precision=0.8592, val_sensitivity=0.8608; val_specificity=0.9718
2026-03-29 02:42:25,051 - NEW BEST @ epoch 28: train_auc=0.9977, val_auc=0.9884, val_aupr=0.9492, val_precision=0.8793, val_sensitivity=0.8810; val_specificity=0.9758
2026-03-29 03:33:11,312 - MolecularDataset hyperparamets -> dataset=dataset1, trategy=conditional, aug train=False, aug eval=False
2026-03-29 03:33:23,673 - Test Loss: 1.7081
2026-03-29 03:33:23,674 - Test AUC: 0.7865
2026-03-29 03:33:23,674 - Test AUPR: 0.7087
2026-03-29 03:33:23,674 - Test Precision: 0.0000
2026-03-29 03:33:23,674 - Test Sensitivity (Recall): 0.0000
2026-03-29 03:33:23,674 - Test Specificity: 0.9937
2026-03-29 03:33:23,683 - ---- Start Training & Testing Fold 2 ----
2026-03-29 03:33:23,684 - experiment 1 ...
2026-03-29 03:33:23,686 - --- Executing CV with scaffold split with hyperparameters: use_struct=True, save_probs=False, seed=42 ...
2026-03-29 03:33:23,686 - Dataset path -> datasets/multi_ppimi_s4_tests_splits_with_my_train
2026-03-29 03:33:23,730 - Initialized model | excluded=None | mlp_dropout=0.3 | head_dropout=0.3 | self_attn_dropout=0.3 | join_attn_feat=ppiformer | compound_dim=128 | compound_proj_dim=128 | ppi_fuse_setting=self_attn | head_fuse=cat | proj_feat=False
2026-03-29 03:33:23,732 - Excluded modalities: []
2026-03-29 03:33:23,773 - Active modalities: ['esm', 'fegs', 'gae']
2026-03-29 03:33:54,078 - MolecularDataset hyperparamets -> dataset=dataset1, trategy=conditional, aug train=False, aug eval=False
2026-03-29 03:34:03,395 - MolecularDataset hyperparamets -> dataset=dataset1, trategy=conditional, aug train=False, aug eval=False
2026-03-29 03:34:08,687 - MolecularDataset hyperparamets -> dataset=dataset1, trategy=conditional, aug train=False, aug eval=False
2026-03-29 03:34:13,864 - ---- train loader size -> 68988, val loader size 3636 ----
2026-03-29 03:37:52,985 - NEW BEST @ epoch 1: train_auc=0.6963, val_auc=0.8029, val_aupr=0.5959, val_precision=0.3123, val_sensitivity=0.7426; val_specificity=0.6729
2026-03-29 03:41:37,459 - NEW BEST @ epoch 2: train_auc=0.8568, val_auc=0.8819, val_aupr=0.7101, val_precision=0.4118, val_sensitivity=0.7970; val_specificity=0.7723
2026-03-29 03:45:20,991 - NEW BEST @ epoch 3: train_auc=0.9107, val_auc=0.9204, val_aupr=0.7708, val_precision=0.5385, val_sensitivity=0.7739; val_specificity=0.8673
2026-03-29 03:49:03,986 - NEW BEST @ epoch 4: train_auc=0.9383, val_auc=0.9388, val_aupr=0.8078, val_precision=0.5608, val_sensitivity=0.8300; val_specificity=0.8700
2026-03-29 03:52:45,749 - NEW BEST @ epoch 5: train_auc=0.9539, val_auc=0.9520, val_aupr=0.8346, val_precision=0.5982, val_sensitivity=0.8696; val_specificity=0.8832
2026-03-29 03:56:28,014 - NEW BEST @ epoch 6: train_auc=0.9647, val_auc=0.9580, val_aupr=0.8512, val_precision=0.6579, val_sensitivity=0.8663; val_specificity=0.9099
2026-03-29 04:00:06,683 - NEW BEST @ epoch 7: train_auc=0.9712, val_auc=0.9604, val_aupr=0.8580, val_precision=0.6785, val_sensitivity=0.8531; val_specificity=0.9191
2026-03-29 04:03:50,094 - NEW BEST @ epoch 8: train_auc=0.9773, val_auc=0.9649, val_aupr=0.8726, val_precision=0.7305, val_sensitivity=0.8185; val_specificity=0.9396
2026-03-29 04:11:15,765 - NEW BEST @ epoch 10: train_auc=0.9849, val_auc=0.9711, val_aupr=0.8913, val_precision=0.7545, val_sensitivity=0.8267; val_specificity=0.9462
2026-03-29 04:14:57,729 - NEW BEST @ epoch 11: train_auc=0.9872, val_auc=0.9734, val_aupr=0.8981, val_precision=0.7929, val_sensitivity=0.8152; val_specificity=0.9574
2026-03-29 04:22:23,560 - NEW BEST @ epoch 13: train_auc=0.9910, val_auc=0.9773, val_aupr=0.9130, val_precision=0.7687, val_sensitivity=0.8498; val_specificity=0.9488
2026-03-29 04:29:50,311 - NEW BEST @ epoch 15: train_auc=0.9936, val_auc=0.9808, val_aupr=0.9253, val_precision=0.8439, val_sensitivity=0.8383; val_specificity=0.9690
2026-03-29 04:37:18,655 - NEW BEST @ epoch 17: train_auc=0.9954, val_auc=0.9832, val_aupr=0.9332, val_precision=0.8620, val_sensitivity=0.8449; val_specificity=0.9729
2026-03-29 04:48:24,777 - NEW BEST @ epoch 20: train_auc=0.9968, val_auc=0.9874, val_aupr=0.9479, val_precision=0.8492, val_sensitivity=0.8828; val_specificity=0.9686
2026-03-29 05:06:57,413 - NEW BEST @ epoch 25: train_auc=0.9983, val_auc=0.9894, val_aupr=0.9568, val_precision=0.8551, val_sensitivity=0.8960; val_specificity=0.9696
2026-03-29 06:02:39,461 - NEW BEST @ epoch 40: train_auc=0.9995, val_auc=0.9914, val_aupr=0.9652, val_precision=0.9005, val_sensitivity=0.8960; val_specificity=0.9802
2026-03-29 06:59:04,384 - MolecularDataset hyperparamets -> dataset=dataset1, trategy=conditional, aug train=False, aug eval=False
2026-03-29 06:59:15,823 - Test Loss: 3.2029
2026-03-29 06:59:15,824 - Test AUC: 0.6657
2026-03-29 06:59:15,824 - Test AUPR: 0.7099
2026-03-29 06:59:15,824 - Test Precision: 0.2727
2026-03-29 06:59:15,824 - Test Sensitivity (Recall): 0.0092
2026-03-29 06:59:15,824 - Test Specificity: 0.9631
2026-03-29 06:59:15,835 - ---- Start Training & Testing Fold 3 ----
2026-03-29 06:59:15,836 - experiment 1 ...
2026-03-29 06:59:15,837 - --- Executing CV with scaffold split with hyperparameters: use_struct=True, save_probs=False, seed=42 ...
2026-03-29 06:59:15,837 - Dataset path -> datasets/multi_ppimi_s4_tests_splits_with_my_train
2026-03-29 06:59:15,881 - Initialized model | excluded=None | mlp_dropout=0.3 | head_dropout=0.3 | self_attn_dropout=0.3 | join_attn_feat=ppiformer | compound_dim=128 | compound_proj_dim=128 | ppi_fuse_setting=self_attn | head_fuse=cat | proj_feat=False
2026-03-29 06:59:15,883 - Excluded modalities: []
2026-03-29 06:59:15,924 - Active modalities: ['esm', 'fegs', 'gae']
2026-03-29 06:59:43,543 - MolecularDataset hyperparamets -> dataset=dataset1, trategy=conditional, aug train=False, aug eval=False
2026-03-29 06:59:52,165 - MolecularDataset hyperparamets -> dataset=dataset1, trategy=conditional, aug train=False, aug eval=False
2026-03-29 06:59:57,214 - MolecularDataset hyperparamets -> dataset=dataset1, trategy=conditional, aug train=False, aug eval=False
2026-03-29 07:00:02,233 - ---- train loader size -> 65748, val loader size 3462 ----
2026-03-29 07:03:34,969 - NEW BEST @ epoch 1: train_auc=0.6745, val_auc=0.8141, val_aupr=0.6164, val_precision=0.3301, val_sensitivity=0.7660; val_specificity=0.6891
2026-03-29 07:07:09,489 - NEW BEST @ epoch 2: train_auc=0.8503, val_auc=0.9037, val_aupr=0.7473, val_precision=0.4385, val_sensitivity=0.8284; val_specificity=0.7879
2026-03-29 07:10:41,138 - NEW BEST @ epoch 3: train_auc=0.9071, val_auc=0.9258, val_aupr=0.7852, val_precision=0.4751, val_sensitivity=0.8440; val_specificity=0.8135
2026-03-29 07:14:15,572 - NEW BEST @ epoch 4: train_auc=0.9345, val_auc=0.9471, val_aupr=0.8203, val_precision=0.5465, val_sensitivity=0.8752; val_specificity=0.8548
2026-03-29 07:17:53,629 - NEW BEST @ epoch 5: train_auc=0.9507, val_auc=0.9508, val_aupr=0.8329, val_precision=0.5916, val_sensitivity=0.8336; val_specificity=0.8849
2026-03-29 07:21:29,430 - NEW BEST @ epoch 6: train_auc=0.9590, val_auc=0.9581, val_aupr=0.8490, val_precision=0.6399, val_sensitivity=0.8284; val_specificity=0.9068
2026-03-29 07:25:04,292 - NEW BEST @ epoch 7: train_auc=0.9666, val_auc=0.9615, val_aupr=0.8616, val_precision=0.6685, val_sensitivity=0.8284; val_specificity=0.9179
2026-03-29 07:28:39,282 - NEW BEST @ epoch 8: train_auc=0.9720, val_auc=0.9667, val_aupr=0.8751, val_precision=0.6758, val_sensitivity=0.8527; val_specificity=0.9182
2026-03-29 07:32:14,144 - NEW BEST @ epoch 9: train_auc=0.9771, val_auc=0.9710, val_aupr=0.8894, val_precision=0.7297, val_sensitivity=0.8423; val_specificity=0.9376
2026-03-29 07:39:22,309 - NEW BEST @ epoch 11: train_auc=0.9844, val_auc=0.9764, val_aupr=0.9075, val_precision=0.7643, val_sensitivity=0.8544; val_specificity=0.9473
2026-03-29 07:46:33,701 - NEW BEST @ epoch 13: train_auc=0.9885, val_auc=0.9797, val_aupr=0.9175, val_precision=0.8027, val_sensitivity=0.8250; val_specificity=0.9594
2026-03-29 07:53:43,944 - NEW BEST @ epoch 15: train_auc=0.9916, val_auc=0.9832, val_aupr=0.9317, val_precision=0.8351, val_sensitivity=0.8423; val_specificity=0.9667
2026-03-29 08:00:51,733 - NEW BEST @ epoch 17: train_auc=0.9940, val_auc=0.9854, val_aupr=0.9410, val_precision=0.8673, val_sensitivity=0.8267; val_specificity=0.9747
2026-03-29 08:11:44,326 - NEW BEST @ epoch 20: train_auc=0.9956, val_auc=0.9878, val_aupr=0.9507, val_precision=0.8645, val_sensitivity=0.8735; val_specificity=0.9726
2026-03-29 08:47:25,051 - NEW BEST @ epoch 30: train_auc=0.9985, val_auc=0.9909, val_aupr=0.9633, val_precision=0.8943, val_sensitivity=0.8943; val_specificity=0.9789
2026-03-29 09:41:29,579 - MolecularDataset hyperparamets -> dataset=dataset1, trategy=conditional, aug train=False, aug eval=False
2026-03-29 09:41:40,952 - Test Loss: 1.0389
2026-03-29 09:41:40,952 - Test AUC: 0.8938
2026-03-29 09:41:40,952 - Test AUPR: 0.8596
2026-03-29 09:41:40,952 - Test Precision: 0.9375
2026-03-29 09:41:40,952 - Test Sensitivity (Recall): 0.2804
2026-03-29 09:41:40,952 - Test Specificity: 0.9844
2026-03-29 09:41:40,963 - ---- Start Training & Testing Fold 4 ----
2026-03-29 09:41:40,963 - experiment 1 ...
2026-03-29 09:41:40,966 - --- Executing CV with scaffold split with hyperparameters: use_struct=True, save_probs=False, seed=42 ...
2026-03-29 09:41:40,966 - Dataset path -> datasets/multi_ppimi_s4_tests_splits_with_my_train
2026-03-29 09:41:40,996 - Initialized model | excluded=None | mlp_dropout=0.3 | head_dropout=0.3 | self_attn_dropout=0.3 | join_attn_feat=ppiformer | compound_dim=128 | compound_proj_dim=128 | ppi_fuse_setting=self_attn | head_fuse=cat | proj_feat=False
2026-03-29 09:41:40,998 - Excluded modalities: []
2026-03-29 09:41:41,040 - Active modalities: ['esm', 'fegs', 'gae']
2026-03-29 09:42:00,554 - MolecularDataset hyperparamets -> dataset=dataset1, trategy=conditional, aug train=False, aug eval=False
2026-03-29 09:42:08,421 - MolecularDataset hyperparamets -> dataset=dataset1, trategy=conditional, aug train=False, aug eval=False
2026-03-29 09:42:13,571 - MolecularDataset hyperparamets -> dataset=dataset1, trategy=conditional, aug train=False, aug eval=False
2026-03-29 09:42:18,582 - ---- train loader size -> 45126, val loader size 2376 ----
2026-03-29 09:44:45,221 - NEW BEST @ epoch 1: train_auc=0.6051, val_auc=0.7307, val_aupr=0.4689, val_precision=0.2620, val_sensitivity=0.6768; val_specificity=0.6187
2026-03-29 09:47:09,017 - NEW BEST @ epoch 2: train_auc=0.7578, val_auc=0.8338, val_aupr=0.6177, val_precision=0.3330, val_sensitivity=0.7955; val_specificity=0.6813
2026-03-29 09:49:33,466 - NEW BEST @ epoch 3: train_auc=0.8335, val_auc=0.8750, val_aupr=0.6795, val_precision=0.4015, val_sensitivity=0.8081; val_specificity=0.7591
2026-03-29 09:51:55,495 - NEW BEST @ epoch 4: train_auc=0.8732, val_auc=0.9007, val_aupr=0.7193, val_precision=0.4098, val_sensitivity=0.8434; val_specificity=0.7571
2026-03-29 09:54:21,684 - NEW BEST @ epoch 5: train_auc=0.8948, val_auc=0.9070, val_aupr=0.7329, val_precision=0.4542, val_sensitivity=0.8258; val_specificity=0.8015
2026-03-29 09:56:47,805 - NEW BEST @ epoch 6: train_auc=0.9111, val_auc=0.9183, val_aupr=0.7525, val_precision=0.5054, val_sensitivity=0.8308; val_specificity=0.8374
2026-03-29 09:59:13,821 - NEW BEST @ epoch 7: train_auc=0.9234, val_auc=0.9264, val_aupr=0.7733, val_precision=0.5206, val_sensitivity=0.8308; val_specificity=0.8470
2026-03-29 10:01:41,059 - NEW BEST @ epoch 8: train_auc=0.9315, val_auc=0.9330, val_aupr=0.7866, val_precision=0.5456, val_sensitivity=0.8308; val_specificity=0.8616
2026-03-29 10:04:08,062 - NEW BEST @ epoch 9: train_auc=0.9417, val_auc=0.9409, val_aupr=0.8053, val_precision=0.6084, val_sensitivity=0.8005; val_specificity=0.8970
2026-03-29 10:09:02,615 - NEW BEST @ epoch 11: train_auc=0.9543, val_auc=0.9469, val_aupr=0.8237, val_precision=0.6645, val_sensitivity=0.7904; val_specificity=0.9202
2026-03-29 10:13:52,488 - NEW BEST @ epoch 13: train_auc=0.9635, val_auc=0.9518, val_aupr=0.8376, val_precision=0.7092, val_sensitivity=0.7576; val_specificity=0.9379
2026-03-29 10:16:17,699 - NEW BEST @ epoch 14: train_auc=0.9672, val_auc=0.9566, val_aupr=0.8488, val_precision=0.7327, val_sensitivity=0.7753; val_specificity=0.9434
2026-03-29 10:21:07,686 - NEW BEST @ epoch 16: train_auc=0.9742, val_auc=0.9618, val_aupr=0.8672, val_precision=0.7458, val_sensitivity=0.7929; val_specificity=0.9460
2026-03-29 10:25:58,553 - NEW BEST @ epoch 18: train_auc=0.9806, val_auc=0.9648, val_aupr=0.8736, val_precision=0.7822, val_sensitivity=0.7525; val_specificity=0.9581
2026-03-29 10:28:25,379 - NEW BEST @ epoch 19: train_auc=0.9830, val_auc=0.9692, val_aupr=0.8846, val_precision=0.7594, val_sensitivity=0.8131; val_specificity=0.9485
2026-03-29 10:38:06,815 - NEW BEST @ epoch 23: train_auc=0.9889, val_auc=0.9712, val_aupr=0.8944, val_precision=0.8187, val_sensitivity=0.7753; val_specificity=0.9657
2026-03-29 10:50:21,465 - NEW BEST @ epoch 28: train_auc=0.9928, val_auc=0.9744, val_aupr=0.9060, val_precision=0.8407, val_sensitivity=0.7727; val_specificity=0.9707
2026-03-29 11:27:16,606 - MolecularDataset hyperparamets -> dataset=dataset1, trategy=conditional, aug train=False, aug eval=False
2026-03-29 11:27:40,457 - Test Loss: 0.4077
2026-03-29 11:27:40,457 - Test AUC: 0.9415
2026-03-29 11:27:40,457 - Test AUPR: 0.8780
2026-03-29 11:27:40,457 - Test Precision: 0.9085
2026-03-29 11:27:40,457 - Test Sensitivity (Recall): 0.6539
2026-03-29 11:27:40,457 - Test Specificity: 0.9520
2026-03-29 11:27:40,467 - ---- Start Training & Testing Fold 5 ----
2026-03-29 11:27:40,467 - experiment 1 ...
2026-03-29 11:27:40,470 - --- Executing CV with scaffold split with hyperparameters: use_struct=True, save_probs=False, seed=42 ...
2026-03-29 11:27:40,470 - Dataset path -> datasets/multi_ppimi_s4_tests_splits_with_my_train
2026-03-29 11:27:40,506 - Initialized model | excluded=None | mlp_dropout=0.3 | head_dropout=0.3 | self_attn_dropout=0.3 | join_attn_feat=ppiformer | compound_dim=128 | compound_proj_dim=128 | ppi_fuse_setting=self_attn | head_fuse=cat | proj_feat=False
2026-03-29 11:27:40,508 - Excluded modalities: []
2026-03-29 11:27:40,549 - Active modalities: ['esm', 'fegs', 'gae']
2026-03-29 11:28:04,919 - MolecularDataset hyperparamets -> dataset=dataset1, trategy=conditional, aug train=False, aug eval=False
2026-03-29 11:28:12,598 - MolecularDataset hyperparamets -> dataset=dataset1, trategy=conditional, aug train=False, aug eval=False
2026-03-29 11:28:17,868 - MolecularDataset hyperparamets -> dataset=dataset1, trategy=conditional, aug train=False, aug eval=False
2026-03-29 11:28:23,054 - ---- train loader size -> 53418, val loader size 2814 ----
2026-03-29 11:31:16,811 - NEW BEST @ epoch 1: train_auc=0.6513, val_auc=0.7769, val_aupr=0.5961, val_precision=0.2918, val_sensitivity=0.7186; val_specificity=0.6512
2026-03-29 11:34:11,676 - NEW BEST @ epoch 2: train_auc=0.8260, val_auc=0.8708, val_aupr=0.7167, val_precision=0.3734, val_sensitivity=0.8273; val_specificity=0.7224
2026-03-29 11:37:07,795 - NEW BEST @ epoch 3: train_auc=0.8921, val_auc=0.9085, val_aupr=0.7624, val_precision=0.4917, val_sensitivity=0.8230; val_specificity=0.8299
2026-03-29 11:40:04,322 - NEW BEST @ epoch 4: train_auc=0.9207, val_auc=0.9362, val_aupr=0.8084, val_precision=0.5414, val_sensitivity=0.8635; val_specificity=0.8537
2026-03-29 11:42:59,598 - NEW BEST @ epoch 5: train_auc=0.9388, val_auc=0.9477, val_aupr=0.8280, val_precision=0.5958, val_sensitivity=0.8550; val_specificity=0.8840
2026-03-29 11:45:53,987 - NEW BEST @ epoch 6: train_auc=0.9508, val_auc=0.9530, val_aupr=0.8349, val_precision=0.6460, val_sensitivity=0.8017; val_specificity=0.9122
2026-03-29 11:48:49,492 - NEW BEST @ epoch 7: train_auc=0.9593, val_auc=0.9591, val_aupr=0.8531, val_precision=0.6729, val_sensitivity=0.8422; val_specificity=0.9181
2026-03-29 11:51:44,347 - NEW BEST @ epoch 8: train_auc=0.9647, val_auc=0.9625, val_aupr=0.8633, val_precision=0.6837, val_sensitivity=0.8571; val_specificity=0.9207
2026-03-29 11:54:38,503 - NEW BEST @ epoch 9: train_auc=0.9700, val_auc=0.9652, val_aupr=0.8728, val_precision=0.6771, val_sensitivity=0.8763; val_specificity=0.9164
2026-03-29 11:57:34,913 - NEW BEST @ epoch 10: train_auc=0.9751, val_auc=0.9680, val_aupr=0.8810, val_precision=0.7140, val_sensitivity=0.8678; val_specificity=0.9305
2026-03-29 12:00:30,373 - NEW BEST @ epoch 11: train_auc=0.9790, val_auc=0.9727, val_aupr=0.8975, val_precision=0.7509, val_sensitivity=0.8806; val_specificity=0.9416
2026-03-29 12:06:20,562 - NEW BEST @ epoch 13: train_auc=0.9854, val_auc=0.9762, val_aupr=0.9162, val_precision=0.8193, val_sensitivity=0.8316; val_specificity=0.9633
2026-03-29 12:09:14,813 - NEW BEST @ epoch 14: train_auc=0.9879, val_auc=0.9791, val_aupr=0.9275, val_precision=0.7828, val_sensitivity=0.9147; val_specificity=0.9493
2026-03-29 12:15:07,171 - NEW BEST @ epoch 16: train_auc=0.9909, val_auc=0.9819, val_aupr=0.9459, val_precision=0.8410, val_sensitivity=0.8913; val_specificity=0.9663
2026-03-29 12:18:03,724 - NEW BEST @ epoch 17: train_auc=0.9923, val_auc=0.9841, val_aupr=0.9510, val_precision=0.8724, val_sensitivity=0.8891; val_specificity=0.9740
2026-03-29 12:32:38,006 - NEW BEST @ epoch 22: train_auc=0.9961, val_auc=0.9870, val_aupr=0.9659, val_precision=0.8793, val_sensitivity=0.9168; val_specificity=0.9748
2026-03-29 12:47:15,205 - NEW BEST @ epoch 27: train_auc=0.9978, val_auc=0.9891, val_aupr=0.9727, val_precision=0.8905, val_sensitivity=0.9360; val_specificity=0.9770
2026-03-29 13:31:36,590 - MolecularDataset hyperparamets -> dataset=dataset1, trategy=conditional, aug train=False, aug eval=False
2026-03-29 13:31:58,358 - Test Loss: 0.7477
2026-03-29 13:31:58,358 - Test AUC: 0.8465
2026-03-29 13:31:58,358 - Test AUPR: 0.8235
2026-03-29 13:31:58,358 - Test Precision: 0.8344
2026-03-29 13:31:58,358 - Test Sensitivity (Recall): 0.3281
2026-03-29 13:31:58,358 - Test Specificity: 0.9297
2026-03-29 13:31:58,377 - Saved/updated summary to: results/result_tables/final_results/hyperparam_search_2503.csv
2026-03-29 13:31:58,377 - [2503@j6] Running hyperparameter set 7/12 | lr=5e-05 | weight_decay=0.001 | mlp_dropout=0.3 | head_dropout=0.3 | self_attn_dropout=0.1 | compound_proj_dim=128 | ppi_fuse_setting=self_attn | head_fuse=cat | proj_feat=False
2026-03-29 13:31:58,377 - ---- Start Training & Testing Fold 1 ----
2026-03-29 13:31:58,377 - experiment 1 ...
2026-03-29 13:31:58,380 - --- Executing CV with scaffold split with hyperparameters: use_struct=True, save_probs=False, seed=42 ...
2026-03-29 13:31:58,380 - Dataset path -> datasets/multi_ppimi_s4_tests_splits_with_my_train
2026-03-29 13:31:58,414 - Initialized model | excluded=None | mlp_dropout=0.3 | head_dropout=0.3 | self_attn_dropout=0.1 | join_attn_feat=ppiformer | compound_dim=128 | compound_proj_dim=128 | ppi_fuse_setting=self_attn | head_fuse=cat | proj_feat=False
2026-03-29 13:31:58,416 - Excluded modalities: []
2026-03-29 13:31:58,457 - Active modalities: ['esm', 'fegs', 'gae']
2026-03-29 13:32:24,476 - MolecularDataset hyperparamets -> dataset=dataset1, trategy=conditional, aug train=False, aug eval=False
2026-03-29 13:32:33,095 - MolecularDataset hyperparamets -> dataset=dataset1, trategy=conditional, aug train=False, aug eval=False
2026-03-29 13:32:38,099 - MolecularDataset hyperparamets -> dataset=dataset1, trategy=conditional, aug train=False, aug eval=False
2026-03-29 13:32:42,975 - ---- train loader size -> 62190, val loader size 3276 ----
2026-03-29 13:36:05,582 - NEW BEST @ epoch 1: train_auc=0.8649, val_auc=0.9234, val_aupr=0.7583, val_precision=0.5035, val_sensitivity=0.8004; val_specificity=0.8421
2026-03-29 13:39:28,143 - NEW BEST @ epoch 2: train_auc=0.9602, val_auc=0.9584, val_aupr=0.8384, val_precision=0.6651, val_sensitivity=0.7930; val_specificity=0.9201
2026-03-29 13:42:51,894 - NEW BEST @ epoch 3: train_auc=0.9790, val_auc=0.9709, val_aupr=0.8823, val_precision=0.7616, val_sensitivity=0.7491; val_specificity=0.9531
2026-03-29 13:46:20,463 - NEW BEST @ epoch 4: train_auc=0.9877, val_auc=0.9774, val_aupr=0.9036, val_precision=0.8476, val_sensitivity=0.7234; val_specificity=0.9740
2026-03-29 13:49:42,971 - NEW BEST @ epoch 5: train_auc=0.9919, val_auc=0.9839, val_aupr=0.9289, val_precision=0.8534, val_sensitivity=0.8315; val_specificity=0.9714
2026-03-29 13:56:29,922 - NEW BEST @ epoch 7: train_auc=0.9956, val_auc=0.9867, val_aupr=0.9389, val_precision=0.8608, val_sensitivity=0.8718; val_specificity=0.9718
2026-03-29 14:03:15,542 - NEW BEST @ epoch 9: train_auc=0.9974, val_auc=0.9891, val_aupr=0.9504, val_precision=0.8699, val_sensitivity=0.9066; val_specificity=0.9729
2026-03-29 14:57:21,772 - MolecularDataset hyperparamets -> dataset=dataset1, trategy=conditional, aug train=False, aug eval=False
2026-03-29 14:57:34,598 - Test Loss: 2.5345
2026-03-29 14:57:34,598 - Test AUC: 0.6307
2026-03-29 14:57:34,598 - Test AUPR: 0.5412
2026-03-29 14:57:34,598 - Test Precision: 0.0000
2026-03-29 14:57:34,598 - Test Sensitivity (Recall): 0.0000
2026-03-29 14:57:34,598 - Test Specificity: 0.9780
2026-03-29 14:57:34,609 - ---- Start Training & Testing Fold 2 ----
2026-03-29 14:57:34,610 - experiment 1 ...
2026-03-29 14:57:34,612 - --- Executing CV with scaffold split with hyperparameters: use_struct=True, save_probs=False, seed=42 ...
2026-03-29 14:57:34,612 - Dataset path -> datasets/multi_ppimi_s4_tests_splits_with_my_train
2026-03-29 14:57:34,659 - Initialized model | excluded=None | mlp_dropout=0.3 | head_dropout=0.3 | self_attn_dropout=0.1 | join_attn_feat=ppiformer | compound_dim=128 | compound_proj_dim=128 | ppi_fuse_setting=self_attn | head_fuse=cat | proj_feat=False
2026-03-29 14:57:34,661 - Excluded modalities: []
2026-03-29 14:57:34,703 - Active modalities: ['esm', 'fegs', 'gae']
2026-03-29 14:58:03,955 - MolecularDataset hyperparamets -> dataset=dataset1, trategy=conditional, aug train=False, aug eval=False
2026-03-29 14:58:12,863 - MolecularDataset hyperparamets -> dataset=dataset1, trategy=conditional, aug train=False, aug eval=False
2026-03-29 14:58:17,968 - MolecularDataset hyperparamets -> dataset=dataset1, trategy=conditional, aug train=False, aug eval=False
2026-03-29 14:58:23,008 - ---- train loader size -> 68988, val loader size 3636 ----
2026-03-29 15:02:08,241 - NEW BEST @ epoch 1: train_auc=0.8677, val_auc=0.9470, val_aupr=0.8270, val_precision=0.5693, val_sensitivity=0.8680; val_specificity=0.8686
2026-03-29 15:05:53,238 - NEW BEST @ epoch 2: train_auc=0.9657, val_auc=0.9625, val_aupr=0.8663, val_precision=0.7299, val_sensitivity=0.7937; val_specificity=0.9413
2026-03-29 15:09:35,123 - NEW BEST @ epoch 3: train_auc=0.9849, val_auc=0.9740, val_aupr=0.8995, val_precision=0.8380, val_sensitivity=0.7426; val_specificity=0.9713
2026-03-29 15:13:20,834 - NEW BEST @ epoch 4: train_auc=0.9916, val_auc=0.9792, val_aupr=0.9179, val_precision=0.8105, val_sensitivity=0.8185; val_specificity=0.9617
2026-03-29 15:17:06,649 - NEW BEST @ epoch 5: train_auc=0.9945, val_auc=0.9843, val_aupr=0.9364, val_precision=0.8377, val_sensitivity=0.8432; val_specificity=0.9673
2026-03-29 15:24:34,855 - NEW BEST @ epoch 7: train_auc=0.9973, val_auc=0.9885, val_aupr=0.9536, val_precision=0.8775, val_sensitivity=0.8630; val_specificity=0.9759
2026-03-29 15:32:04,281 - NEW BEST @ epoch 9: train_auc=0.9985, val_auc=0.9914, val_aupr=0.9638, val_precision=0.9010, val_sensitivity=0.8713; val_specificity=0.9809
2026-03-29 16:32:43,416 - MolecularDataset hyperparamets -> dataset=dataset1, trategy=conditional, aug train=False, aug eval=False
2026-03-29 16:32:54,658 - Test Loss: 2.2075
2026-03-29 16:32:54,658 - Test AUC: 0.7995
2026-03-29 16:32:54,658 - Test AUPR: 0.7679
2026-03-29 16:32:54,658 - Test Precision: 0.2500
2026-03-29 16:32:54,658 - Test Sensitivity (Recall): 0.0062
2026-03-29 16:32:54,658 - Test Specificity: 0.9724
2026-03-29 16:32:54,669 - ---- Start Training & Testing Fold 3 ----
2026-03-29 16:32:54,669 - experiment 1 ...
2026-03-29 16:32:54,671 - --- Executing CV with scaffold split with hyperparameters: use_struct=True, save_probs=False, seed=42 ...
2026-03-29 16:32:54,671 - Dataset path -> datasets/multi_ppimi_s4_tests_splits_with_my_train
2026-03-29 16:32:54,709 - Initialized model | excluded=None | mlp_dropout=0.3 | head_dropout=0.3 | self_attn_dropout=0.1 | join_attn_feat=ppiformer | compound_dim=128 | compound_proj_dim=128 | ppi_fuse_setting=self_attn | head_fuse=cat | proj_feat=False
2026-03-29 16:32:54,711 - Excluded modalities: []
2026-03-29 16:32:54,752 - Active modalities: ['esm', 'fegs', 'gae']
2026-03-29 16:33:22,818 - MolecularDataset hyperparamets -> dataset=dataset1, trategy=conditional, aug train=False, aug eval=False
2026-03-29 16:33:31,966 - MolecularDataset hyperparamets -> dataset=dataset1, trategy=conditional, aug train=False, aug eval=False
2026-03-29 16:33:37,264 - MolecularDataset hyperparamets -> dataset=dataset1, trategy=conditional, aug train=False, aug eval=False
2026-03-29 16:33:42,531 - ---- train loader size -> 65748, val loader size 3462 ----
2026-03-29 16:37:16,470 - NEW BEST @ epoch 1: train_auc=0.8524, val_auc=0.9466, val_aupr=0.8193, val_precision=0.5974, val_sensitivity=0.8614; val_specificity=0.8839
2026-03-29 16:40:49,042 - NEW BEST @ epoch 2: train_auc=0.9606, val_auc=0.9704, val_aupr=0.8857, val_precision=0.7524, val_sensitivity=0.8007; val_specificity=0.9473
2026-03-29 16:44:18,837 - NEW BEST @ epoch 3: train_auc=0.9815, val_auc=0.9755, val_aupr=0.9057, val_precision=0.8105, val_sensitivity=0.7782; val_specificity=0.9636
2026-03-29 16:47:47,610 - NEW BEST @ epoch 4: train_auc=0.9897, val_auc=0.9851, val_aupr=0.9387, val_precision=0.8270, val_sensitivity=0.8700; val_specificity=0.9636
2026-03-29 16:58:25,345 - NEW BEST @ epoch 7: train_auc=0.9964, val_auc=0.9896, val_aupr=0.9574, val_precision=0.9044, val_sensitivity=0.8527; val_specificity=0.9820
2026-03-29 18:03:11,959 - MolecularDataset hyperparamets -> dataset=dataset1, trategy=conditional, aug train=False, aug eval=False
2026-03-29 18:03:22,996 - Test Loss: 0.8748
2026-03-29 18:03:22,997 - Test AUC: 0.9281
2026-03-29 18:03:22,997 - Test AUPR: 0.8743
2026-03-29 18:03:22,997 - Test Precision: 0.9474
2026-03-29 18:03:22,997 - Test Sensitivity (Recall): 0.0841
2026-03-29 18:03:22,997 - Test Specificity: 0.9961
2026-03-29 18:03:23,006 - ---- Start Training & Testing Fold 4 ----
2026-03-29 18:03:23,006 - experiment 1 ...
2026-03-29 18:03:23,007 - --- Executing CV with scaffold split with hyperparameters: use_struct=True, save_probs=False, seed=42 ...
2026-03-29 18:03:23,008 - Dataset path -> datasets/multi_ppimi_s4_tests_splits_with_my_train
2026-03-29 18:03:23,036 - Initialized model | excluded=None | mlp_dropout=0.3 | head_dropout=0.3 | self_attn_dropout=0.1 | join_attn_feat=ppiformer | compound_dim=128 | compound_proj_dim=128 | ppi_fuse_setting=self_attn | head_fuse=cat | proj_feat=False
2026-03-29 18:03:23,038 - Excluded modalities: []
2026-03-29 18:03:23,078 - Active modalities: ['esm', 'fegs', 'gae']
2026-03-29 18:03:42,526 - MolecularDataset hyperparamets -> dataset=dataset1, trategy=conditional, aug train=False, aug eval=False
2026-03-29 18:03:50,547 - MolecularDataset hyperparamets -> dataset=dataset1, trategy=conditional, aug train=False, aug eval=False
2026-03-29 18:03:55,774 - MolecularDataset hyperparamets -> dataset=dataset1, trategy=conditional, aug train=False, aug eval=False
2026-03-29 18:04:00,834 - ---- train loader size -> 45126, val loader size 2376 ----
2026-03-29 18:06:29,588 - NEW BEST @ epoch 1: train_auc=0.7686, val_auc=0.8909, val_aupr=0.6977, val_precision=0.4575, val_sensitivity=0.8283; val_specificity=0.8035
2026-03-29 18:08:51,601 - NEW BEST @ epoch 2: train_auc=0.9146, val_auc=0.9259, val_aupr=0.7712, val_precision=0.5950, val_sensitivity=0.7828; val_specificity=0.8934
2026-03-29 18:11:20,097 - NEW BEST @ epoch 3: train_auc=0.9462, val_auc=0.9425, val_aupr=0.8184, val_precision=0.7164, val_sensitivity=0.7273; val_specificity=0.9424
2026-03-29 18:13:46,821 - NEW BEST @ epoch 4: train_auc=0.9680, val_auc=0.9603, val_aupr=0.8615, val_precision=0.7438, val_sensitivity=0.7626; val_specificity=0.9475
2026-03-29 18:16:13,116 - NEW BEST @ epoch 5: train_auc=0.9781, val_auc=0.9629, val_aupr=0.8701, val_precision=0.8006, val_sensitivity=0.7298; val_specificity=0.9636
2026-03-29 18:23:34,441 - NEW BEST @ epoch 8: train_auc=0.9921, val_auc=0.9730, val_aupr=0.9055, val_precision=0.8453, val_sensitivity=0.7727; val_specificity=0.9717
2026-03-29 19:05:42,709 - MolecularDataset hyperparamets -> dataset=dataset1, trategy=conditional, aug train=False, aug eval=False
2026-03-29 19:06:06,128 - Test Loss: 0.4309
2026-03-29 19:06:06,128 - Test AUC: 0.9316
2026-03-29 19:06:06,128 - Test AUPR: 0.8740
2026-03-29 19:06:06,128 - Test Precision: 0.8819
2026-03-29 19:06:06,129 - Test Sensitivity (Recall): 0.6631
2026-03-29 19:06:06,129 - Test Specificity: 0.9352
2026-03-29 19:06:06,140 - ---- Start Training & Testing Fold 5 ----
2026-03-29 19:06:06,141 - experiment 1 ...
2026-03-29 19:06:06,144 - --- Executing CV with scaffold split with hyperparameters: use_struct=True, save_probs=False, seed=42 ...
2026-03-29 19:06:06,144 - Dataset path -> datasets/multi_ppimi_s4_tests_splits_with_my_train
2026-03-29 19:06:06,183 - Initialized model | excluded=None | mlp_dropout=0.3 | head_dropout=0.3 | self_attn_dropout=0.1 | join_attn_feat=ppiformer | compound_dim=128 | compound_proj_dim=128 | ppi_fuse_setting=self_attn | head_fuse=cat | proj_feat=False
2026-03-29 19:06:06,184 - Excluded modalities: []
2026-03-29 19:06:06,226 - Active modalities: ['esm', 'fegs', 'gae']
2026-03-29 19:06:30,379 - MolecularDataset hyperparamets -> dataset=dataset1, trategy=conditional, aug train=False, aug eval=False
2026-03-29 19:06:37,991 - MolecularDataset hyperparamets -> dataset=dataset1, trategy=conditional, aug train=False, aug eval=False
2026-03-29 19:06:43,187 - MolecularDataset hyperparamets -> dataset=dataset1, trategy=conditional, aug train=False, aug eval=False
2026-03-29 19:06:48,340 - ---- train loader size -> 53418, val loader size 2814 ----
2026-03-29 19:09:42,590 - NEW BEST @ epoch 1: train_auc=0.8442, val_auc=0.9339, val_aupr=0.7996, val_precision=0.5137, val_sensitivity=0.8380; val_specificity=0.8414
2026-03-29 19:12:37,590 - NEW BEST @ epoch 2: train_auc=0.9522, val_auc=0.9600, val_aupr=0.8584, val_precision=0.6883, val_sensitivity=0.7910; val_specificity=0.9284
2026-03-29 19:15:33,964 - NEW BEST @ epoch 3: train_auc=0.9751, val_auc=0.9747, val_aupr=0.9127, val_precision=0.8446, val_sensitivity=0.7996; val_specificity=0.9706
2026-03-29 19:18:29,449 - NEW BEST @ epoch 4: train_auc=0.9867, val_auc=0.9803, val_aupr=0.9375, val_precision=0.8739, val_sensitivity=0.8422; val_specificity=0.9757
2026-03-29 19:21:26,206 - NEW BEST @ epoch 5: train_auc=0.9918, val_auc=0.9836, val_aupr=0.9480, val_precision=0.8430, val_sensitivity=0.9275; val_specificity=0.9655
2026-03-29 19:24:23,304 - NEW BEST @ epoch 6: train_auc=0.9949, val_auc=0.9863, val_aupr=0.9599, val_precision=0.8887, val_sensitivity=0.9190; val_specificity=0.9770
2026-03-29 19:27:19,234 - NEW BEST @ epoch 7: train_auc=0.9962, val_auc=0.9906, val_aupr=0.9720, val_precision=0.9192, val_sensitivity=0.8977; val_specificity=0.9842
2026-03-29 19:47:47,700 - NEW BEST @ epoch 14: train_auc=0.9993, val_auc=0.9936, val_aupr=0.9804, val_precision=0.9340, val_sensitivity=0.9360; val_specificity=0.9868
2026-03-29 20:32:19,999 - MolecularDataset hyperparamets -> dataset=dataset1, trategy=conditional, aug train=False, aug eval=False
2026-03-29 20:32:42,821 - Test Loss: 1.7506
2026-03-29 20:32:42,821 - Test AUC: 0.7378
2026-03-29 20:32:42,821 - Test AUPR: 0.7443
2026-03-29 20:32:42,821 - Test Precision: 0.8444
2026-03-29 20:32:42,821 - Test Sensitivity (Recall): 0.1484
2026-03-29 20:32:42,821 - Test Specificity: 0.9705
2026-03-29 20:32:42,842 - Saved/updated summary to: results/result_tables/final_results/hyperparam_search_2503.csv
2026-03-29 20:32:42,842 - [2503@j6] Running hyperparameter set 8/12 | lr=5e-05 | weight_decay=0.001 | mlp_dropout=0.3 | head_dropout=0.3 | self_attn_dropout=0.3 | compound_proj_dim=128 | ppi_fuse_setting=self_attn | head_fuse=cat | proj_feat=False
2026-03-29 20:32:42,842 - ---- Start Training & Testing Fold 1 ----
2026-03-29 20:32:42,842 - experiment 1 ...
2026-03-29 20:32:42,871 - --- Executing CV with scaffold split with hyperparameters: use_struct=True, save_probs=False, seed=42 ...
2026-03-29 20:32:42,871 - Dataset path -> datasets/multi_ppimi_s4_tests_splits_with_my_train
2026-03-29 20:32:42,910 - Initialized model | excluded=None | mlp_dropout=0.3 | head_dropout=0.3 | self_attn_dropout=0.3 | join_attn_feat=ppiformer | compound_dim=128 | compound_proj_dim=128 | ppi_fuse_setting=self_attn | head_fuse=cat | proj_feat=False
2026-03-29 20:32:42,912 - Excluded modalities: []
2026-03-29 20:32:42,953 - Active modalities: ['esm', 'fegs', 'gae']
2026-03-29 20:33:09,665 - MolecularDataset hyperparamets -> dataset=dataset1, trategy=conditional, aug train=False, aug eval=False
2026-03-29 20:33:18,660 - MolecularDataset hyperparamets -> dataset=dataset1, trategy=conditional, aug train=False, aug eval=False
2026-03-29 20:33:23,905 - MolecularDataset hyperparamets -> dataset=dataset1, trategy=conditional, aug train=False, aug eval=False
2026-03-29 20:33:29,184 - ---- train loader size -> 62190, val loader size 3276 ----
2026-03-29 20:36:50,643 - NEW BEST @ epoch 1: train_auc=0.8628, val_auc=0.9234, val_aupr=0.7555, val_precision=0.5148, val_sensitivity=0.7985; val_specificity=0.8495
2026-03-29 20:40:21,744 - NEW BEST @ epoch 2: train_auc=0.9597, val_auc=0.9574, val_aupr=0.8338, val_precision=0.6651, val_sensitivity=0.7821; val_specificity=0.9212
2026-03-29 20:43:43,225 - NEW BEST @ epoch 3: train_auc=0.9793, val_auc=0.9707, val_aupr=0.8812, val_precision=0.7812, val_sensitivity=0.7454; val_specificity=0.9582
2026-03-29 20:47:05,106 - NEW BEST @ epoch 4: train_auc=0.9879, val_auc=0.9754, val_aupr=0.8975, val_precision=0.8373, val_sensitivity=0.7161; val_specificity=0.9722
2026-03-29 20:50:28,003 - NEW BEST @ epoch 5: train_auc=0.9918, val_auc=0.9830, val_aupr=0.9260, val_precision=0.8555, val_sensitivity=0.8242; val_specificity=0.9722
2026-03-29 20:53:52,772 - NEW BEST @ epoch 6: train_auc=0.9940, val_auc=0.9863, val_aupr=0.9393, val_precision=0.8660, val_sensitivity=0.8407; val_specificity=0.9740
2026-03-29 21:04:00,533 - NEW BEST @ epoch 9: train_auc=0.9970, val_auc=0.9889, val_aupr=0.9545, val_precision=0.8776, val_sensitivity=0.8663; val_specificity=0.9758
2026-03-29 21:58:46,878 - MolecularDataset hyperparamets -> dataset=dataset1, trategy=conditional, aug train=False, aug eval=False
2026-03-29 21:58:58,612 - Test Loss: 1.5102
2026-03-29 21:58:58,612 - Test AUC: 0.8481
2026-03-29 21:58:58,612 - Test AUPR: 0.6901
2026-03-29 21:58:58,612 - Test Precision: 0.0000
2026-03-29 21:58:58,612 - Test Sensitivity (Recall): 0.0000
2026-03-29 21:58:58,612 - Test Specificity: 0.9906
2026-03-29 21:58:58,623 - ---- Start Training & Testing Fold 2 ----
2026-03-29 21:58:58,623 - experiment 1 ...
2026-03-29 21:58:58,624 - --- Executing CV with scaffold split with hyperparameters: use_struct=True, save_probs=False, seed=42 ...
2026-03-29 21:58:58,624 - Dataset path -> datasets/multi_ppimi_s4_tests_splits_with_my_train
2026-03-29 21:58:58,668 - Initialized model | excluded=None | mlp_dropout=0.3 | head_dropout=0.3 | self_attn_dropout=0.3 | join_attn_feat=ppiformer | compound_dim=128 | compound_proj_dim=128 | ppi_fuse_setting=self_attn | head_fuse=cat | proj_feat=False
2026-03-29 21:58:58,669 - Excluded modalities: []
2026-03-29 21:58:58,711 - Active modalities: ['esm', 'fegs', 'gae']
2026-03-29 21:59:28,071 - MolecularDataset hyperparamets -> dataset=dataset1, trategy=conditional, aug train=False, aug eval=False
2026-03-29 21:59:37,160 - MolecularDataset hyperparamets -> dataset=dataset1, trategy=conditional, aug train=False, aug eval=False
2026-03-29 21:59:42,485 - MolecularDataset hyperparamets -> dataset=dataset1, trategy=conditional, aug train=False, aug eval=False
2026-03-29 21:59:47,826 - ---- train loader size -> 68988, val loader size 3636 ----
2026-03-29 22:03:33,193 - NEW BEST @ epoch 1: train_auc=0.8662, val_auc=0.9449, val_aupr=0.8194, val_precision=0.5852, val_sensitivity=0.8498; val_specificity=0.8795
2026-03-29 22:07:20,101 - NEW BEST @ epoch 2: train_auc=0.9651, val_auc=0.9627, val_aupr=0.8666, val_precision=0.7151, val_sensitivity=0.8284; val_specificity=0.9340
2026-03-29 22:11:08,618 - NEW BEST @ epoch 3: train_auc=0.9841, val_auc=0.9746, val_aupr=0.9002, val_precision=0.8240, val_sensitivity=0.7805; val_specificity=0.9667
2026-03-29 22:14:56,249 - NEW BEST @ epoch 4: train_auc=0.9911, val_auc=0.9823, val_aupr=0.9274, val_precision=0.8467, val_sensitivity=0.8201; val_specificity=0.9703
2026-03-29 22:18:40,569 - NEW BEST @ epoch 5: train_auc=0.9944, val_auc=0.9859, val_aupr=0.9441, val_precision=0.8505, val_sensitivity=0.8729; val_specificity=0.9693
2026-03-29 22:29:56,681 - NEW BEST @ epoch 8: train_auc=0.9980, val_auc=0.9893, val_aupr=0.9584, val_precision=0.8824, val_sensitivity=0.8911; val_specificity=0.9762
2026-03-29 22:45:00,945 - NEW BEST @ epoch 12: train_auc=0.9991, val_auc=0.9919, val_aupr=0.9660, val_precision=0.9010, val_sensitivity=0.8861; val_specificity=0.9805
2026-03-29 23:42:09,296 - MolecularDataset hyperparamets -> dataset=dataset1, trategy=conditional, aug train=False, aug eval=False
2026-03-29 23:42:20,920 - Test Loss: 2.4117
2026-03-29 23:42:20,920 - Test AUC: 0.8079
2026-03-29 23:42:20,920 - Test AUPR: 0.8173
2026-03-29 23:42:20,920 - Test Precision: 0.8000
2026-03-29 23:42:20,920 - Test Sensitivity (Recall): 0.0615
2026-03-29 23:42:20,920 - Test Specificity: 0.9770
2026-03-29 23:42:20,933 - ---- Start Training & Testing Fold 3 ----
2026-03-29 23:42:20,933 - experiment 1 ...
2026-03-29 23:42:20,934 - --- Executing CV with scaffold split with hyperparameters: use_struct=True, save_probs=False, seed=42 ...
2026-03-29 23:42:20,934 - Dataset path -> datasets/multi_ppimi_s4_tests_splits_with_my_train
2026-03-29 23:42:20,976 - Initialized model | excluded=None | mlp_dropout=0.3 | head_dropout=0.3 | self_attn_dropout=0.3 | join_attn_feat=ppiformer | compound_dim=128 | compound_proj_dim=128 | ppi_fuse_setting=self_attn | head_fuse=cat | proj_feat=False
2026-03-29 23:42:20,978 - Excluded modalities: []
2026-03-29 23:42:21,019 - Active modalities: ['esm', 'fegs', 'gae']
2026-03-29 23:42:48,259 - MolecularDataset hyperparamets -> dataset=dataset1, trategy=conditional, aug train=False, aug eval=False
2026-03-29 23:42:56,851 - MolecularDataset hyperparamets -> dataset=dataset1, trategy=conditional, aug train=False, aug eval=False
2026-03-29 23:43:01,890 - MolecularDataset hyperparamets -> dataset=dataset1, trategy=conditional, aug train=False, aug eval=False
2026-03-29 23:43:06,883 - ---- train loader size -> 65748, val loader size 3462 ----
2026-03-29 23:46:41,270 - NEW BEST @ epoch 1: train_auc=0.8550, val_auc=0.9439, val_aupr=0.8183, val_precision=0.5829, val_sensitivity=0.8406; val_specificity=0.8797
2026-03-29 23:50:17,330 - NEW BEST @ epoch 2: train_auc=0.9603, val_auc=0.9718, val_aupr=0.8897, val_precision=0.7298, val_sensitivity=0.8284; val_specificity=0.9386
2026-03-29 23:53:52,908 - NEW BEST @ epoch 3: train_auc=0.9814, val_auc=0.9779, val_aupr=0.9132, val_precision=0.8265, val_sensitivity=0.8007; val_specificity=0.9664
2026-03-29 23:57:21,995 - NEW BEST @ epoch 4: train_auc=0.9890, val_auc=0.9843, val_aupr=0.9370, val_precision=0.8361, val_sensitivity=0.8579; val_specificity=0.9664
2026-03-30 00:00:55,927 - NEW BEST @ epoch 5: train_auc=0.9929, val_auc=0.9875, val_aupr=0.9484, val_precision=0.8613, val_sensitivity=0.8821; val_specificity=0.9716
2026-03-30 00:07:58,321 - NEW BEST @ epoch 7: train_auc=0.9965, val_auc=0.9898, val_aupr=0.9564, val_precision=0.8913, val_sensitivity=0.8527; val_specificity=0.9792
2026-03-30 01:13:10,768 - MolecularDataset hyperparamets -> dataset=dataset1, trategy=conditional, aug train=False, aug eval=False
2026-03-30 01:13:21,458 - Test Loss: 1.0140
2026-03-30 01:13:21,458 - Test AUC: 0.8900
2026-03-30 01:13:21,458 - Test AUPR: 0.8373
2026-03-30 01:13:21,458 - Test Precision: 0.9355
2026-03-30 01:13:21,458 - Test Sensitivity (Recall): 0.1355
2026-03-30 01:13:21,458 - Test Specificity: 0.9922
2026-03-30 01:13:21,467 - ---- Start Training & Testing Fold 4 ----
2026-03-30 01:13:21,468 - experiment 1 ...
2026-03-30 01:13:21,469 - --- Executing CV with scaffold split with hyperparameters: use_struct=True, save_probs=False, seed=42 ...
2026-03-30 01:13:21,469 - Dataset path -> datasets/multi_ppimi_s4_tests_splits_with_my_train
2026-03-30 01:13:21,500 - Initialized model | excluded=None | mlp_dropout=0.3 | head_dropout=0.3 | self_attn_dropout=0.3 | join_attn_feat=ppiformer | compound_dim=128 | compound_proj_dim=128 | ppi_fuse_setting=self_attn | head_fuse=cat | proj_feat=False
2026-03-30 01:13:21,502 - Excluded modalities: []
2026-03-30 01:13:21,543 - Active modalities: ['esm', 'fegs', 'gae']
2026-03-30 01:13:40,807 - MolecularDataset hyperparamets -> dataset=dataset1, trategy=conditional, aug train=False, aug eval=False
2026-03-30 01:13:48,777 - MolecularDataset hyperparamets -> dataset=dataset1, trategy=conditional, aug train=False, aug eval=False
2026-03-30 01:13:53,989 - MolecularDataset hyperparamets -> dataset=dataset1, trategy=conditional, aug train=False, aug eval=False
2026-03-30 01:13:59,188 - ---- train loader size -> 45126, val loader size 2376 ----
2026-03-30 01:16:25,099 - NEW BEST @ epoch 1: train_auc=0.7654, val_auc=0.8885, val_aupr=0.6994, val_precision=0.4540, val_sensitivity=0.8106; val_specificity=0.8051
2026-03-30 01:18:52,641 - NEW BEST @ epoch 2: train_auc=0.9144, val_auc=0.9278, val_aupr=0.7784, val_precision=0.6263, val_sensitivity=0.7702; val_specificity=0.9081
2026-03-30 01:21:21,072 - NEW BEST @ epoch 3: train_auc=0.9487, val_auc=0.9412, val_aupr=0.8140, val_precision=0.6946, val_sensitivity=0.7121; val_specificity=0.9374
2026-03-30 01:23:50,856 - NEW BEST @ epoch 4: train_auc=0.9681, val_auc=0.9622, val_aupr=0.8664, val_precision=0.7494, val_sensitivity=0.7551; val_specificity=0.9495
2026-03-30 01:26:13,898 - NEW BEST @ epoch 5: train_auc=0.9785, val_auc=0.9645, val_aupr=0.8733, val_precision=0.8246, val_sensitivity=0.7121; val_specificity=0.9697
2026-03-30 01:31:13,602 - NEW BEST @ epoch 7: train_auc=0.9899, val_auc=0.9713, val_aupr=0.8971, val_precision=0.8504, val_sensitivity=0.7323; val_specificity=0.9742
2026-03-30 01:33:41,838 - NEW BEST @ epoch 8: train_auc=0.9922, val_auc=0.9752, val_aupr=0.9070, val_precision=0.8446, val_sensitivity=0.7551; val_specificity=0.9722
2026-03-30 01:41:05,895 - NEW BEST @ epoch 11: train_auc=0.9965, val_auc=0.9773, val_aupr=0.9141, val_precision=0.8508, val_sensitivity=0.7778; val_specificity=0.9727
2026-03-30 02:18:22,258 - MolecularDataset hyperparamets -> dataset=dataset1, trategy=conditional, aug train=False, aug eval=False
2026-03-30 02:18:47,005 - Test Loss: 0.5433
2026-03-30 02:18:47,005 - Test AUC: 0.9306
2026-03-30 02:18:47,005 - Test AUPR: 0.8576
2026-03-30 02:18:47,005 - Test Precision: 0.9064
2026-03-30 02:18:47,005 - Test Sensitivity (Recall): 0.6080
2026-03-30 02:18:47,005 - Test Specificity: 0.9542
2026-03-30 02:18:47,017 - ---- Start Training & Testing Fold 5 ----
2026-03-30 02:18:47,018 - experiment 1 ...
2026-03-30 02:18:47,018 - --- Executing CV with scaffold split with hyperparameters: use_struct=True, save_probs=False, seed=42 ...
2026-03-30 02:18:47,018 - Dataset path -> datasets/multi_ppimi_s4_tests_splits_with_my_train
2026-03-30 02:18:47,053 - Initialized model | excluded=None | mlp_dropout=0.3 | head_dropout=0.3 | self_attn_dropout=0.3 | join_attn_feat=ppiformer | compound_dim=128 | compound_proj_dim=128 | ppi_fuse_setting=self_attn | head_fuse=cat | proj_feat=False
2026-03-30 02:18:47,055 - Excluded modalities: []
2026-03-30 02:18:47,096 - Active modalities: ['esm', 'fegs', 'gae']
2026-03-30 02:19:10,227 - MolecularDataset hyperparamets -> dataset=dataset1, trategy=conditional, aug train=False, aug eval=False
2026-03-30 02:19:17,361 - MolecularDataset hyperparamets -> dataset=dataset1, trategy=conditional, aug train=False, aug eval=False
2026-03-30 02:19:22,295 - MolecularDataset hyperparamets -> dataset=dataset1, trategy=conditional, aug train=False, aug eval=False
2026-03-30 02:19:27,173 - ---- train loader size -> 53418, val loader size 2814 ----
2026-03-30 02:22:22,686 - NEW BEST @ epoch 1: train_auc=0.8422, val_auc=0.9365, val_aupr=0.8104, val_precision=0.5265, val_sensitivity=0.8486; val_specificity=0.8473
2026-03-30 02:25:16,250 - NEW BEST @ epoch 2: train_auc=0.9537, val_auc=0.9614, val_aupr=0.8626, val_precision=0.6909, val_sensitivity=0.8102; val_specificity=0.9275
2026-03-30 02:28:12,786 - NEW BEST @ epoch 3: train_auc=0.9752, val_auc=0.9747, val_aupr=0.9083, val_precision=0.8248, val_sensitivity=0.7932; val_specificity=0.9663
2026-03-30 02:31:08,117 - NEW BEST @ epoch 4: train_auc=0.9870, val_auc=0.9802, val_aupr=0.9378, val_precision=0.8717, val_sensitivity=0.8401; val_specificity=0.9753
2026-03-30 02:34:03,042 - NEW BEST @ epoch 5: train_auc=0.9918, val_auc=0.9842, val_aupr=0.9475, val_precision=0.8111, val_sensitivity=0.9339; val_specificity=0.9565
2026-03-30 02:39:54,608 - NEW BEST @ epoch 7: train_auc=0.9960, val_auc=0.9899, val_aupr=0.9689, val_precision=0.9193, val_sensitivity=0.9232; val_specificity=0.9838
2026-03-30 02:51:39,713 - NEW BEST @ epoch 11: train_auc=0.9988, val_auc=0.9923, val_aupr=0.9806, val_precision=0.9541, val_sensitivity=0.9318; val_specificity=0.9910
2026-03-30 03:36:28,868 - MolecularDataset hyperparamets -> dataset=dataset1, trategy=conditional, aug train=False, aug eval=False
2026-03-30 03:36:50,809 - Test Loss: 1.3934
2026-03-30 03:36:50,809 - Test AUC: 0.7819
2026-03-30 03:36:50,809 - Test AUPR: 0.7578
2026-03-30 03:36:50,809 - Test Precision: 0.7595
2026-03-30 03:36:50,809 - Test Sensitivity (Recall): 0.1562
2026-03-30 03:36:50,809 - Test Specificity: 0.9466
2026-03-30 03:36:50,829 - Saved/updated summary to: results/result_tables/final_results/hyperparam_search_2503.csv
2026-03-30 03:36:50,829 - [2503@j6] Running hyperparameter set 9/12 | lr=5e-05 | weight_decay=0.0001 | mlp_dropout=0.3 | head_dropout=0.3 | self_attn_dropout=0.1 | compound_proj_dim=128 | ppi_fuse_setting=self_attn | head_fuse=cat | proj_feat=False
2026-03-30 03:36:50,829 - ---- Start Training & Testing Fold 1 ----
2026-03-30 03:36:50,829 - experiment 1 ...
2026-03-30 03:36:50,830 - --- Executing CV with scaffold split with hyperparameters: use_struct=True, save_probs=False, seed=42 ...
2026-03-30 03:36:50,830 - Dataset path -> datasets/multi_ppimi_s4_tests_splits_with_my_train
2026-03-30 03:36:50,865 - Initialized model | excluded=None | mlp_dropout=0.3 | head_dropout=0.3 | self_attn_dropout=0.1 | join_attn_feat=ppiformer | compound_dim=128 | compound_proj_dim=128 | ppi_fuse_setting=self_attn | head_fuse=cat | proj_feat=False
2026-03-30 03:36:50,867 - Excluded modalities: []
2026-03-30 03:36:50,908 - Active modalities: ['esm', 'fegs', 'gae']
2026-03-30 03:37:16,421 - MolecularDataset hyperparamets -> dataset=dataset1, trategy=conditional, aug train=False, aug eval=False
2026-03-30 03:37:24,895 - MolecularDataset hyperparamets -> dataset=dataset1, trategy=conditional, aug train=False, aug eval=False
2026-03-30 03:37:29,907 - MolecularDataset hyperparamets -> dataset=dataset1, trategy=conditional, aug train=False, aug eval=False
2026-03-30 03:37:34,922 - ---- train loader size -> 62190, val loader size 3276 ----
2026-03-30 03:40:59,113 - NEW BEST @ epoch 1: train_auc=0.8636, val_auc=0.9222, val_aupr=0.7524, val_precision=0.5231, val_sensitivity=0.7894; val_specificity=0.8560
2026-03-30 03:44:22,959 - NEW BEST @ epoch 2: train_auc=0.9596, val_auc=0.9603, val_aupr=0.8436, val_precision=0.6748, val_sensitivity=0.8095; val_specificity=0.9220
2026-03-30 03:47:47,923 - NEW BEST @ epoch 3: train_auc=0.9795, val_auc=0.9737, val_aupr=0.8915, val_precision=0.8166, val_sensitivity=0.7582; val_specificity=0.9659
2026-03-30 03:51:13,527 - NEW BEST @ epoch 4: train_auc=0.9883, val_auc=0.9774, val_aupr=0.9032, val_precision=0.8491, val_sensitivity=0.7418; val_specificity=0.9736
2026-03-30 03:54:39,946 - NEW BEST @ epoch 5: train_auc=0.9922, val_auc=0.9847, val_aupr=0.9304, val_precision=0.8599, val_sensitivity=0.8095; val_specificity=0.9736
2026-03-30 04:01:25,615 - NEW BEST @ epoch 7: train_auc=0.9958, val_auc=0.9867, val_aupr=0.9419, val_precision=0.8518, val_sensitivity=0.8736; val_specificity=0.9696
2026-03-30 05:03:20,610 - MolecularDataset hyperparamets -> dataset=dataset1, trategy=conditional, aug train=False, aug eval=False
2026-03-30 05:03:32,950 - Test Loss: 2.1318
2026-03-30 05:03:32,950 - Test AUC: 0.6925
2026-03-30 05:03:32,950 - Test AUPR: 0.5689
2026-03-30 05:03:32,950 - Test Precision: 0.0000
2026-03-30 05:03:32,950 - Test Sensitivity (Recall): 0.0000
2026-03-30 05:03:32,950 - Test Specificity: 1.0000
2026-03-30 05:03:32,961 - ---- Start Training & Testing Fold 2 ----
2026-03-30 05:03:32,962 - experiment 1 ...
2026-03-30 05:03:32,964 - --- Executing CV with scaffold split with hyperparameters: use_struct=True, save_probs=False, seed=42 ...
2026-03-30 05:03:32,964 - Dataset path -> datasets/multi_ppimi_s4_tests_splits_with_my_train
2026-03-30 05:03:33,009 - Initialized model | excluded=None | mlp_dropout=0.3 | head_dropout=0.3 | self_attn_dropout=0.1 | join_attn_feat=ppiformer | compound_dim=128 | compound_proj_dim=128 | ppi_fuse_setting=self_attn | head_fuse=cat | proj_feat=False
2026-03-30 05:03:33,011 - Excluded modalities: []
2026-03-30 05:03:33,052 - Active modalities: ['esm', 'fegs', 'gae']
2026-03-30 05:04:02,400 - MolecularDataset hyperparamets -> dataset=dataset1, trategy=conditional, aug train=False, aug eval=False
2026-03-30 05:04:11,635 - MolecularDataset hyperparamets -> dataset=dataset1, trategy=conditional, aug train=False, aug eval=False
2026-03-30 05:04:16,712 - MolecularDataset hyperparamets -> dataset=dataset1, trategy=conditional, aug train=False, aug eval=False
2026-03-30 05:04:21,836 - ---- train loader size -> 68988, val loader size 3636 ----
2026-03-30 05:08:09,142 - NEW BEST @ epoch 1: train_auc=0.8672, val_auc=0.9445, val_aupr=0.8175, val_precision=0.5672, val_sensitivity=0.8564; val_specificity=0.8693
2026-03-30 05:11:58,612 - NEW BEST @ epoch 2: train_auc=0.9654, val_auc=0.9625, val_aupr=0.8652, val_precision=0.7192, val_sensitivity=0.7987; val_specificity=0.9376
2026-03-30 05:15:46,568 - NEW BEST @ epoch 3: train_auc=0.9850, val_auc=0.9735, val_aupr=0.8978, val_precision=0.8391, val_sensitivity=0.7574; val_specificity=0.9710
2026-03-30 05:19:33,388 - NEW BEST @ epoch 4: train_auc=0.9915, val_auc=0.9811, val_aupr=0.9242, val_precision=0.8355, val_sensitivity=0.8383; val_specificity=0.9670
2026-03-30 05:23:19,926 - NEW BEST @ epoch 5: train_auc=0.9947, val_auc=0.9861, val_aupr=0.9437, val_precision=0.8429, val_sensitivity=0.8680; val_specificity=0.9677
2026-03-30 05:34:34,380 - NEW BEST @ epoch 8: train_auc=0.9981, val_auc=0.9892, val_aupr=0.9584, val_precision=0.8610, val_sensitivity=0.8894; val_specificity=0.9713
2026-03-30 05:49:41,551 - NEW BEST @ epoch 12: train_auc=0.9993, val_auc=0.9915, val_aupr=0.9649, val_precision=0.9071, val_sensitivity=0.8696; val_specificity=0.9822
2026-03-30 06:46:44,215 - MolecularDataset hyperparamets -> dataset=dataset1, trategy=conditional, aug train=False, aug eval=False
2026-03-30 06:46:55,304 - Test Loss: 2.6067
2026-03-30 06:46:55,305 - Test AUC: 0.7427
2026-03-30 06:46:55,305 - Test AUPR: 0.7719
2026-03-30 06:46:55,305 - Test Precision: 0.3636
2026-03-30 06:46:55,305 - Test Sensitivity (Recall): 0.0123
2026-03-30 06:46:55,305 - Test Specificity: 0.9677
2026-03-30 06:46:55,314 - ---- Start Training & Testing Fold 3 ----
2026-03-30 06:46:55,315 - experiment 1 ...
2026-03-30 06:46:55,317 - --- Executing CV with scaffold split with hyperparameters: use_struct=True, save_probs=False, seed=42 ...
2026-03-30 06:46:55,317 - Dataset path -> datasets/multi_ppimi_s4_tests_splits_with_my_train
2026-03-30 06:46:55,358 - Initialized model | excluded=None | mlp_dropout=0.3 | head_dropout=0.3 | self_attn_dropout=0.1 | join_attn_feat=ppiformer | compound_dim=128 | compound_proj_dim=128 | ppi_fuse_setting=self_attn | head_fuse=cat | proj_feat=False
2026-03-30 06:46:55,360 - Excluded modalities: []
2026-03-30 06:46:55,400 - Active modalities: ['esm', 'fegs', 'gae']
2026-03-30 06:47:23,012 - MolecularDataset hyperparamets -> dataset=dataset1, trategy=conditional, aug train=False, aug eval=False
2026-03-30 06:47:32,219 - MolecularDataset hyperparamets -> dataset=dataset1, trategy=conditional, aug train=False, aug eval=False
2026-03-30 06:47:37,570 - MolecularDataset hyperparamets -> dataset=dataset1, trategy=conditional, aug train=False, aug eval=False
2026-03-30 06:47:42,894 - ---- train loader size -> 65748, val loader size 3462 ----
2026-03-30 06:51:17,342 - NEW BEST @ epoch 1: train_auc=0.8494, val_auc=0.9433, val_aupr=0.8135, val_precision=0.6086, val_sensitivity=0.8354; val_specificity=0.8925
2026-03-30 06:54:57,203 - NEW BEST @ epoch 2: train_auc=0.9602, val_auc=0.9701, val_aupr=0.8820, val_precision=0.7344, val_sensitivity=0.8146; val_specificity=0.9411
2026-03-30 06:58:38,321 - NEW BEST @ epoch 3: train_auc=0.9816, val_auc=0.9768, val_aupr=0.9099, val_precision=0.8014, val_sensitivity=0.8111; val_specificity=0.9598
2026-03-30 07:02:17,447 - NEW BEST @ epoch 4: train_auc=0.9895, val_auc=0.9860, val_aupr=0.9443, val_precision=0.8314, val_sensitivity=0.8804; val_specificity=0.9643
2026-03-30 07:05:54,792 - NEW BEST @ epoch 5: train_auc=0.9931, val_auc=0.9881, val_aupr=0.9521, val_precision=0.8715, val_sensitivity=0.8579; val_specificity=0.9747
2026-03-30 07:16:38,020 - NEW BEST @ epoch 8: train_auc=0.9974, val_auc=0.9910, val_aupr=0.9650, val_precision=0.8729, val_sensitivity=0.9047; val_specificity=0.9737
2026-03-30 08:18:23,711 - MolecularDataset hyperparamets -> dataset=dataset1, trategy=conditional, aug train=False, aug eval=False
2026-03-30 08:18:34,431 - Test Loss: 0.7115
2026-03-30 08:18:34,431 - Test AUC: 0.9463
2026-03-30 08:18:34,431 - Test AUPR: 0.9103
2026-03-30 08:18:34,431 - Test Precision: 0.9688
2026-03-30 08:18:34,431 - Test Sensitivity (Recall): 0.2897
2026-03-30 08:18:34,431 - Test Specificity: 0.9922
2026-03-30 08:18:34,441 - ---- Start Training & Testing Fold 4 ----
2026-03-30 08:18:34,442 - experiment 1 ...
2026-03-30 08:18:34,443 - --- Executing CV with scaffold split with hyperparameters: use_struct=True, save_probs=False, seed=42 ...
2026-03-30 08:18:34,443 - Dataset path -> datasets/multi_ppimi_s4_tests_splits_with_my_train
2026-03-30 08:18:34,473 - Initialized model | excluded=None | mlp_dropout=0.3 | head_dropout=0.3 | self_attn_dropout=0.1 | join_attn_feat=ppiformer | compound_dim=128 | compound_proj_dim=128 | ppi_fuse_setting=self_attn | head_fuse=cat | proj_feat=False
2026-03-30 08:18:34,475 - Excluded modalities: []
2026-03-30 08:18:34,516 - Active modalities: ['esm', 'fegs', 'gae']
2026-03-30 08:18:53,690 - MolecularDataset hyperparamets -> dataset=dataset1, trategy=conditional, aug train=False, aug eval=False
2026-03-30 08:19:01,730 - MolecularDataset hyperparamets -> dataset=dataset1, trategy=conditional, aug train=False, aug eval=False
2026-03-30 08:19:06,934 - MolecularDataset hyperparamets -> dataset=dataset1, trategy=conditional, aug train=False, aug eval=False
2026-03-30 08:19:12,083 - ---- train loader size -> 45126, val loader size 2376 ----
2026-03-30 08:21:37,882 - NEW BEST @ epoch 1: train_auc=0.7696, val_auc=0.8880, val_aupr=0.6937, val_precision=0.4510, val_sensitivity=0.8359; val_specificity=0.7965
2026-03-30 08:24:03,699 - NEW BEST @ epoch 2: train_auc=0.9133, val_auc=0.9245, val_aupr=0.7702, val_precision=0.6089, val_sensitivity=0.7626; val_specificity=0.9020
2026-03-30 08:26:27,248 - NEW BEST @ epoch 3: train_auc=0.9474, val_auc=0.9430, val_aupr=0.8211, val_precision=0.7562, val_sensitivity=0.6970; val_specificity=0.9551
2026-03-30 08:28:55,480 - NEW BEST @ epoch 4: train_auc=0.9677, val_auc=0.9621, val_aupr=0.8670, val_precision=0.7702, val_sensitivity=0.7702; val_specificity=0.9540
2026-03-30 08:31:28,463 - NEW BEST @ epoch 5: train_auc=0.9782, val_auc=0.9659, val_aupr=0.8768, val_precision=0.8267, val_sensitivity=0.7348; val_specificity=0.9692
2026-03-30 08:38:53,227 - NEW BEST @ epoch 8: train_auc=0.9922, val_auc=0.9736, val_aupr=0.9055, val_precision=0.8311, val_sensitivity=0.7702; val_specificity=0.9687
2026-03-30 08:56:08,948 - NEW BEST @ epoch 15: train_auc=0.9982, val_auc=0.9759, val_aupr=0.9149, val_precision=0.8435, val_sensitivity=0.8030; val_specificity=0.9702
2026-03-30 09:33:19,445 - MolecularDataset hyperparamets -> dataset=dataset1, trategy=conditional, aug train=False, aug eval=False
2026-03-30 09:33:44,551 - Test Loss: 0.6708
2026-03-30 09:33:44,551 - Test AUC: 0.9167
2026-03-30 09:33:44,551 - Test AUPR: 0.8606
2026-03-30 09:33:44,551 - Test Precision: 0.8938
2026-03-30 09:33:44,551 - Test Sensitivity (Recall): 0.5926
2026-03-30 09:33:44,551 - Test Specificity: 0.9486
2026-03-30 09:33:44,562 - ---- Start Training & Testing Fold 5 ----
2026-03-30 09:33:44,562 - experiment 1 ...
2026-03-30 09:33:44,564 - --- Executing CV with scaffold split with hyperparameters: use_struct=True, save_probs=False, seed=42 ...
2026-03-30 09:33:44,564 - Dataset path -> datasets/multi_ppimi_s4_tests_splits_with_my_train
2026-03-30 09:33:44,602 - Initialized model | excluded=None | mlp_dropout=0.3 | head_dropout=0.3 | self_attn_dropout=0.1 | join_attn_feat=ppiformer | compound_dim=128 | compound_proj_dim=128 | ppi_fuse_setting=self_attn | head_fuse=cat | proj_feat=False
2026-03-30 09:33:44,604 - Excluded modalities: []
2026-03-30 09:33:44,645 - Active modalities: ['esm', 'fegs', 'gae']
2026-03-30 09:34:08,454 - MolecularDataset hyperparamets -> dataset=dataset1, trategy=conditional, aug train=False, aug eval=False
2026-03-30 09:34:16,063 - MolecularDataset hyperparamets -> dataset=dataset1, trategy=conditional, aug train=False, aug eval=False
2026-03-30 09:34:21,060 - MolecularDataset hyperparamets -> dataset=dataset1, trategy=conditional, aug train=False, aug eval=False
2026-03-30 09:34:25,975 - ---- train loader size -> 53418, val loader size 2814 ----
2026-03-30 09:37:21,220 - NEW BEST @ epoch 1: train_auc=0.8418, val_auc=0.9325, val_aupr=0.8044, val_precision=0.5309, val_sensitivity=0.8252; val_specificity=0.8542
2026-03-30 09:40:24,349 - NEW BEST @ epoch 2: train_auc=0.9527, val_auc=0.9615, val_aupr=0.8634, val_precision=0.7080, val_sensitivity=0.8273; val_specificity=0.9318
2026-03-30 09:43:23,314 - NEW BEST @ epoch 3: train_auc=0.9757, val_auc=0.9730, val_aupr=0.9078, val_precision=0.8288, val_sensitivity=0.7846; val_specificity=0.9676
2026-03-30 09:46:24,620 - NEW BEST @ epoch 4: train_auc=0.9864, val_auc=0.9795, val_aupr=0.9318, val_precision=0.8642, val_sensitivity=0.8550; val_specificity=0.9731
2026-03-30 09:49:24,192 - NEW BEST @ epoch 5: train_auc=0.9923, val_auc=0.9842, val_aupr=0.9496, val_precision=0.8369, val_sensitivity=0.9296; val_specificity=0.9638
2026-03-30 09:58:11,036 - NEW BEST @ epoch 8: train_auc=0.9970, val_auc=0.9873, val_aupr=0.9679, val_precision=0.9070, val_sensitivity=0.9360; val_specificity=0.9808
2026-03-30 10:18:35,368 - NEW BEST @ epoch 15: train_auc=0.9994, val_auc=0.9896, val_aupr=0.9771, val_precision=0.9421, val_sensitivity=0.9360; val_specificity=0.9885
2026-03-30 11:03:07,828 - MolecularDataset hyperparamets -> dataset=dataset1, trategy=conditional, aug train=False, aug eval=False
2026-03-30 11:03:29,227 - Test Loss: 1.4469
2026-03-30 11:03:29,227 - Test AUC: 0.7891
2026-03-30 11:03:29,227 - Test AUPR: 0.7812
2026-03-30 11:03:29,227 - Test Precision: 0.8294
2026-03-30 11:03:29,227 - Test Sensitivity (Recall): 0.1836
2026-03-30 11:03:29,227 - Test Specificity: 0.9592
2026-03-30 11:03:29,249 - Saved/updated summary to: results/result_tables/final_results/hyperparam_search_2503.csv
2026-03-30 11:03:29,249 - [2503@j6] Running hyperparameter set 10/12 | lr=5e-05 | weight_decay=0.0001 | mlp_dropout=0.3 | head_dropout=0.3 | self_attn_dropout=0.3 | compound_proj_dim=128 | ppi_fuse_setting=self_attn | head_fuse=cat | proj_feat=False
2026-03-30 11:03:29,249 - ---- Start Training & Testing Fold 1 ----
2026-03-30 11:03:29,249 - experiment 1 ...
2026-03-30 11:03:29,251 - --- Executing CV with scaffold split with hyperparameters: use_struct=True, save_probs=False, seed=42 ...
2026-03-30 11:03:29,251 - Dataset path -> datasets/multi_ppimi_s4_tests_splits_with_my_train
2026-03-30 11:03:29,290 - Initialized model | excluded=None | mlp_dropout=0.3 | head_dropout=0.3 | self_attn_dropout=0.3 | join_attn_feat=ppiformer | compound_dim=128 | compound_proj_dim=128 | ppi_fuse_setting=self_attn | head_fuse=cat | proj_feat=False
2026-03-30 11:03:29,292 - Excluded modalities: []
2026-03-30 11:03:29,333 - Active modalities: ['esm', 'fegs', 'gae']
2026-03-30 11:03:55,145 - MolecularDataset hyperparamets -> dataset=dataset1, trategy=conditional, aug train=False, aug eval=False
2026-03-30 11:04:04,598 - MolecularDataset hyperparamets -> dataset=dataset1, trategy=conditional, aug train=False, aug eval=False
2026-03-30 11:04:10,658 - MolecularDataset hyperparamets -> dataset=dataset1, trategy=conditional, aug train=False, aug eval=False
2026-03-30 11:04:19,177 - ---- train loader size -> 62190, val loader size 3276 ----
2026-03-30 11:07:40,911 - NEW BEST @ epoch 1: train_auc=0.8629, val_auc=0.9227, val_aupr=0.7544, val_precision=0.5289, val_sensitivity=0.7875; val_specificity=0.8597
2026-03-30 11:11:01,727 - NEW BEST @ epoch 2: train_auc=0.9598, val_auc=0.9582, val_aupr=0.8351, val_precision=0.6573, val_sensitivity=0.7692; val_specificity=0.9198
2026-03-30 11:14:23,228 - NEW BEST @ epoch 3: train_auc=0.9793, val_auc=0.9715, val_aupr=0.8834, val_precision=0.7765, val_sensitivity=0.7509; val_specificity=0.9568
2026-03-30 11:17:51,608 - NEW BEST @ epoch 4: train_auc=0.9872, val_auc=0.9769, val_aupr=0.9037, val_precision=0.8486, val_sensitivity=0.7289; val_specificity=0.9740
2026-03-30 11:21:19,534 - NEW BEST @ epoch 5: train_auc=0.9918, val_auc=0.9843, val_aupr=0.9306, val_precision=0.8593, val_sensitivity=0.8278; val_specificity=0.9729
2026-03-30 11:28:22,828 - NEW BEST @ epoch 7: train_auc=0.9957, val_auc=0.9865, val_aupr=0.9396, val_precision=0.8717, val_sensitivity=0.8590; val_specificity=0.9747
2026-03-30 12:30:06,959 - MolecularDataset hyperparamets -> dataset=dataset1, trategy=conditional, aug train=False, aug eval=False
2026-03-30 12:30:19,214 - Test Loss: 1.6260
2026-03-30 12:30:19,214 - Test AUC: 0.8106
2026-03-30 12:30:19,214 - Test AUPR: 0.6588
2026-03-30 12:30:19,214 - Test Precision: 0.0000
2026-03-30 12:30:19,214 - Test Sensitivity (Recall): 0.0000
2026-03-30 12:30:19,214 - Test Specificity: 0.9969
2026-03-30 12:30:19,226 - ---- Start Training & Testing Fold 2 ----
2026-03-30 12:30:19,227 - experiment 1 ...
2026-03-30 12:30:19,229 - --- Executing CV with scaffold split with hyperparameters: use_struct=True, save_probs=False, seed=42 ...
2026-03-30 12:30:19,229 - Dataset path -> datasets/multi_ppimi_s4_tests_splits_with_my_train
2026-03-30 12:30:19,274 - Initialized model | excluded=None | mlp_dropout=0.3 | head_dropout=0.3 | self_attn_dropout=0.3 | join_attn_feat=ppiformer | compound_dim=128 | compound_proj_dim=128 | ppi_fuse_setting=self_attn | head_fuse=cat | proj_feat=False
2026-03-30 12:30:19,276 - Excluded modalities: []
2026-03-30 12:30:19,317 - Active modalities: ['esm', 'fegs', 'gae']
2026-03-30 12:30:49,068 - MolecularDataset hyperparamets -> dataset=dataset1, trategy=conditional, aug train=False, aug eval=False
2026-03-30 12:30:58,212 - MolecularDataset hyperparamets -> dataset=dataset1, trategy=conditional, aug train=False, aug eval=False
2026-03-30 12:31:03,503 - MolecularDataset hyperparamets -> dataset=dataset1, trategy=conditional, aug train=False, aug eval=False
2026-03-30 12:31:08,761 - ---- train loader size -> 68988, val loader size 3636 ----
2026-03-30 12:34:53,593 - NEW BEST @ epoch 1: train_auc=0.8644, val_auc=0.9452, val_aupr=0.8172, val_precision=0.5824, val_sensitivity=0.8399; val_specificity=0.8795
2026-03-30 12:38:38,945 - NEW BEST @ epoch 2: train_auc=0.9652, val_auc=0.9638, val_aupr=0.8688, val_precision=0.7176, val_sensitivity=0.8218; val_specificity=0.9353
2026-03-30 12:42:22,709 - NEW BEST @ epoch 3: train_auc=0.9838, val_auc=0.9738, val_aupr=0.9004, val_precision=0.8403, val_sensitivity=0.7640; val_specificity=0.9710
2026-03-30 12:46:06,703 - NEW BEST @ epoch 4: train_auc=0.9910, val_auc=0.9820, val_aupr=0.9272, val_precision=0.8492, val_sensitivity=0.8366; val_specificity=0.9703
2026-03-30 12:49:50,426 - NEW BEST @ epoch 5: train_auc=0.9944, val_auc=0.9851, val_aupr=0.9349, val_precision=0.8347, val_sensitivity=0.8663; val_specificity=0.9657
2026-03-30 13:01:04,188 - NEW BEST @ epoch 8: train_auc=0.9979, val_auc=0.9891, val_aupr=0.9581, val_precision=0.8724, val_sensitivity=0.9026; val_specificity=0.9736
2026-03-30 13:23:24,669 - NEW BEST @ epoch 14: train_auc=0.9994, val_auc=0.9915, val_aupr=0.9669, val_precision=0.8914, val_sensitivity=0.8944; val_specificity=0.9782
2026-03-30 14:20:24,877 - MolecularDataset hyperparamets -> dataset=dataset1, trategy=conditional, aug train=False, aug eval=False
2026-03-30 14:20:36,077 - Test Loss: 2.6063
2026-03-30 14:20:36,077 - Test AUC: 0.7370
2026-03-30 14:20:36,077 - Test AUPR: 0.7728
2026-03-30 14:20:36,077 - Test Precision: 0.8448
2026-03-30 14:20:36,077 - Test Sensitivity (Recall): 0.1508
2026-03-30 14:20:36,077 - Test Specificity: 0.9585
2026-03-30 14:20:36,086 - ---- Start Training & Testing Fold 3 ----
2026-03-30 14:20:36,087 - experiment 1 ...
2026-03-30 14:20:36,089 - --- Executing CV with scaffold split with hyperparameters: use_struct=True, save_probs=False, seed=42 ...
2026-03-30 14:20:36,089 - Dataset path -> datasets/multi_ppimi_s4_tests_splits_with_my_train
2026-03-30 14:20:36,127 - Initialized model | excluded=None | mlp_dropout=0.3 | head_dropout=0.3 | self_attn_dropout=0.3 | join_attn_feat=ppiformer | compound_dim=128 | compound_proj_dim=128 | ppi_fuse_setting=self_attn | head_fuse=cat | proj_feat=False
2026-03-30 14:20:36,129 - Excluded modalities: []
2026-03-30 14:20:36,170 - Active modalities: ['esm', 'fegs', 'gae']
2026-03-30 14:21:03,739 - MolecularDataset hyperparamets -> dataset=dataset1, trategy=conditional, aug train=False, aug eval=False
2026-03-30 14:21:12,922 - MolecularDataset hyperparamets -> dataset=dataset1, trategy=conditional, aug train=False, aug eval=False
2026-03-30 14:21:18,275 - MolecularDataset hyperparamets -> dataset=dataset1, trategy=conditional, aug train=False, aug eval=False
2026-03-30 14:21:23,583 - ---- train loader size -> 65748, val loader size 3462 ----
2026-03-30 14:24:51,035 - NEW BEST @ epoch 1: train_auc=0.8534, val_auc=0.9440, val_aupr=0.8179, val_precision=0.5848, val_sensitivity=0.8423; val_specificity=0.8804
2026-03-30 14:28:23,678 - NEW BEST @ epoch 2: train_auc=0.9611, val_auc=0.9720, val_aupr=0.8912, val_precision=0.7516, val_sensitivity=0.8076; val_specificity=0.9466
2026-03-30 14:31:55,676 - NEW BEST @ epoch 3: train_auc=0.9815, val_auc=0.9775, val_aupr=0.9123, val_precision=0.8172, val_sensitivity=0.8059; val_specificity=0.9640
2026-03-30 14:35:29,024 - NEW BEST @ epoch 4: train_auc=0.9895, val_auc=0.9859, val_aupr=0.9423, val_precision=0.8282, val_sensitivity=0.8769; val_specificity=0.9636
2026-03-30 14:42:38,230 - NEW BEST @ epoch 6: train_auc=0.9954, val_auc=0.9893, val_aupr=0.9565, val_precision=0.8930, val_sensitivity=0.8683; val_specificity=0.9792
2026-03-30 15:49:43,192 - MolecularDataset hyperparamets -> dataset=dataset1, trategy=conditional, aug train=False, aug eval=False
2026-03-30 15:49:53,275 - Test Loss: 1.0029
2026-03-30 15:49:53,275 - Test AUC: 0.8674
2026-03-30 15:49:53,275 - Test AUPR: 0.8065
2026-03-30 15:49:53,275 - Test Precision: 0.9189
2026-03-30 15:49:53,275 - Test Sensitivity (Recall): 0.1589
2026-03-30 15:49:53,275 - Test Specificity: 0.9883
2026-03-30 15:49:53,285 - ---- Start Training & Testing Fold 4 ----
2026-03-30 15:49:53,285 - experiment 1 ...
2026-03-30 15:49:53,288 - --- Executing CV with scaffold split with hyperparameters: use_struct=True, save_probs=False, seed=42 ...
2026-03-30 15:49:53,288 - Dataset path -> datasets/multi_ppimi_s4_tests_splits_with_my_train
2026-03-30 15:49:53,317 - Initialized model | excluded=None | mlp_dropout=0.3 | head_dropout=0.3 | self_attn_dropout=0.3 | join_attn_feat=ppiformer | compound_dim=128 | compound_proj_dim=128 | ppi_fuse_setting=self_attn | head_fuse=cat | proj_feat=False
2026-03-30 15:49:53,319 - Excluded modalities: []
2026-03-30 15:49:53,359 - Active modalities: ['esm', 'fegs', 'gae']
2026-03-30 15:50:11,970 - MolecularDataset hyperparamets -> dataset=dataset1, trategy=conditional, aug train=False, aug eval=False
2026-03-30 15:50:19,319 - MolecularDataset hyperparamets -> dataset=dataset1, trategy=conditional, aug train=False, aug eval=False
2026-03-30 15:50:24,217 - MolecularDataset hyperparamets -> dataset=dataset1, trategy=conditional, aug train=False, aug eval=False
2026-03-30 15:50:29,057 - ---- train loader size -> 45126, val loader size 2376 ----
2026-03-30 15:52:51,556 - NEW BEST @ epoch 1: train_auc=0.7636, val_auc=0.8914, val_aupr=0.7036, val_precision=0.4582, val_sensitivity=0.8030; val_specificity=0.8101
2026-03-30 15:55:15,481 - NEW BEST @ epoch 2: train_auc=0.9120, val_auc=0.9244, val_aupr=0.7727, val_precision=0.6194, val_sensitivity=0.7273; val_specificity=0.9106
2026-03-30 15:57:38,943 - NEW BEST @ epoch 3: train_auc=0.9467, val_auc=0.9412, val_aupr=0.8130, val_precision=0.7110, val_sensitivity=0.7020; val_specificity=0.9429
2026-03-30 16:00:02,888 - NEW BEST @ epoch 4: train_auc=0.9673, val_auc=0.9601, val_aupr=0.8623, val_precision=0.7659, val_sensitivity=0.7601; val_specificity=0.9535
2026-03-30 16:02:22,285 - NEW BEST @ epoch 5: train_auc=0.9781, val_auc=0.9647, val_aupr=0.8759, val_precision=0.8348, val_sensitivity=0.7146; val_specificity=0.9717
2026-03-30 16:09:16,818 - NEW BEST @ epoch 8: train_auc=0.9925, val_auc=0.9720, val_aupr=0.9016, val_precision=0.8237, val_sensitivity=0.7551; val_specificity=0.9677
2026-03-30 16:25:22,822 - NEW BEST @ epoch 15: train_auc=0.9980, val_auc=0.9751, val_aupr=0.9193, val_precision=0.8652, val_sensitivity=0.7778; val_specificity=0.9758
2026-03-30 17:00:41,500 - MolecularDataset hyperparamets -> dataset=dataset1, trategy=conditional, aug train=False, aug eval=False
2026-03-30 17:01:03,808 - Test Loss: 0.5642
2026-03-30 17:01:03,808 - Test AUC: 0.9299
2026-03-30 17:01:03,808 - Test AUPR: 0.8690
2026-03-30 17:01:03,808 - Test Precision: 0.8708
2026-03-30 17:01:03,808 - Test Sensitivity (Recall): 0.6294
2026-03-30 17:01:03,808 - Test Specificity: 0.9318
2026-03-30 17:01:03,818 - ---- Start Training & Testing Fold 5 ----
2026-03-30 17:01:03,819 - experiment 1 ...
2026-03-30 17:01:03,821 - --- Executing CV with scaffold split with hyperparameters: use_struct=True, save_probs=False, seed=42 ...
2026-03-30 17:01:03,821 - Dataset path -> datasets/multi_ppimi_s4_tests_splits_with_my_train
2026-03-30 17:01:03,855 - Initialized model | excluded=None | mlp_dropout=0.3 | head_dropout=0.3 | self_attn_dropout=0.3 | join_attn_feat=ppiformer | compound_dim=128 | compound_proj_dim=128 | ppi_fuse_setting=self_attn | head_fuse=cat | proj_feat=False
2026-03-30 17:01:03,857 - Excluded modalities: []
2026-03-30 17:01:03,897 - Active modalities: ['esm', 'fegs', 'gae']
2026-03-30 17:01:27,092 - MolecularDataset hyperparamets -> dataset=dataset1, trategy=conditional, aug train=False, aug eval=False
2026-03-30 17:01:34,158 - MolecularDataset hyperparamets -> dataset=dataset1, trategy=conditional, aug train=False, aug eval=False
2026-03-30 17:01:39,088 - MolecularDataset hyperparamets -> dataset=dataset1, trategy=conditional, aug train=False, aug eval=False
2026-03-30 17:01:44,010 - ---- train loader size -> 53418, val loader size 2814 ----
2026-03-30 17:04:36,945 - NEW BEST @ epoch 1: train_auc=0.8424, val_auc=0.9395, val_aupr=0.8130, val_precision=0.5359, val_sensitivity=0.8443; val_specificity=0.8537
2026-03-30 17:07:28,009 - NEW BEST @ epoch 2: train_auc=0.9530, val_auc=0.9607, val_aupr=0.8579, val_precision=0.7090, val_sensitivity=0.8102; val_specificity=0.9335
2026-03-30 17:10:17,330 - NEW BEST @ epoch 3: train_auc=0.9757, val_auc=0.9744, val_aupr=0.9077, val_precision=0.8162, val_sensitivity=0.7953; val_specificity=0.9642
2026-03-30 17:13:06,760 - NEW BEST @ epoch 4: train_auc=0.9868, val_auc=0.9805, val_aupr=0.9347, val_precision=0.8538, val_sensitivity=0.8465; val_specificity=0.9710
2026-03-30 17:15:55,558 - NEW BEST @ epoch 5: train_auc=0.9920, val_auc=0.9835, val_aupr=0.9447, val_precision=0.8071, val_sensitivity=0.9275; val_specificity=0.9557
2026-03-30 17:21:32,244 - NEW BEST @ epoch 7: train_auc=0.9965, val_auc=0.9903, val_aupr=0.9724, val_precision=0.9163, val_sensitivity=0.9104; val_specificity=0.9834
2026-03-30 17:38:16,371 - NEW BEST @ epoch 13: train_auc=0.9991, val_auc=0.9933, val_aupr=0.9811, val_precision=0.9347, val_sensitivity=0.9467; val_specificity=0.9868
2026-03-30 18:20:30,333 - MolecularDataset hyperparamets -> dataset=dataset1, trategy=conditional, aug train=False, aug eval=False
2026-03-30 18:20:51,249 - Test Loss: 1.8347
2026-03-30 18:20:51,249 - Test AUC: 0.6875
2026-03-30 18:20:51,249 - Test AUPR: 0.6783
2026-03-30 18:20:51,249 - Test Precision: 0.6571
2026-03-30 18:20:51,249 - Test Sensitivity (Recall): 0.1198
2026-03-30 18:20:51,249 - Test Specificity: 0.9325
2026-03-30 18:20:51,269 - Saved/updated summary to: results/result_tables/final_results/hyperparam_search_2503.csv
2026-03-30 18:20:51,269 - [2503@j6] Running hyperparameter set 11/12 | lr=5e-05 | weight_decay=1e-05 | mlp_dropout=0.3 | head_dropout=0.3 | self_attn_dropout=0.1 | compound_proj_dim=128 | ppi_fuse_setting=self_attn | head_fuse=cat | proj_feat=False
2026-03-30 18:20:51,269 - ---- Start Training & Testing Fold 1 ----
2026-03-30 18:20:51,269 - experiment 1 ...
2026-03-30 18:20:51,272 - --- Executing CV with scaffold split with hyperparameters: use_struct=True, save_probs=False, seed=42 ...
2026-03-30 18:20:51,272 - Dataset path -> datasets/multi_ppimi_s4_tests_splits_with_my_train
2026-03-30 18:20:51,308 - Initialized model | excluded=None | mlp_dropout=0.3 | head_dropout=0.3 | self_attn_dropout=0.1 | join_attn_feat=ppiformer | compound_dim=128 | compound_proj_dim=128 | ppi_fuse_setting=self_attn | head_fuse=cat | proj_feat=False
2026-03-30 18:20:51,310 - Excluded modalities: []
2026-03-30 18:20:51,351 - Active modalities: ['esm', 'fegs', 'gae']
2026-03-30 18:21:17,362 - MolecularDataset hyperparamets -> dataset=dataset1, trategy=conditional, aug train=False, aug eval=False
2026-03-30 18:21:25,703 - MolecularDataset hyperparamets -> dataset=dataset1, trategy=conditional, aug train=False, aug eval=False
2026-03-30 18:21:30,680 - MolecularDataset hyperparamets -> dataset=dataset1, trategy=conditional, aug train=False, aug eval=False
2026-03-30 18:21:35,636 - ---- train loader size -> 62190, val loader size 3276 ----
2026-03-30 18:24:50,935 - NEW BEST @ epoch 1: train_auc=0.8636, val_auc=0.9222, val_aupr=0.7524, val_precision=0.5231, val_sensitivity=0.7894; val_specificity=0.8560
2026-03-30 18:28:07,330 - NEW BEST @ epoch 2: train_auc=0.9596, val_auc=0.9603, val_aupr=0.8436, val_precision=0.6748, val_sensitivity=0.8095; val_specificity=0.9220
2026-03-30 18:31:20,213 - NEW BEST @ epoch 3: train_auc=0.9795, val_auc=0.9737, val_aupr=0.8915, val_precision=0.8166, val_sensitivity=0.7582; val_specificity=0.9659
2026-03-30 18:34:33,246 - NEW BEST @ epoch 4: train_auc=0.9883, val_auc=0.9774, val_aupr=0.9032, val_precision=0.8491, val_sensitivity=0.7418; val_specificity=0.9736
2026-03-30 18:37:46,140 - NEW BEST @ epoch 5: train_auc=0.9922, val_auc=0.9847, val_aupr=0.9304, val_precision=0.8599, val_sensitivity=0.8095; val_specificity=0.9736
2026-03-30 18:44:12,959 - NEW BEST @ epoch 7: train_auc=0.9958, val_auc=0.9867, val_aupr=0.9419, val_precision=0.8518, val_sensitivity=0.8736; val_specificity=0.9696
2026-03-30 19:42:59,356 - MolecularDataset hyperparamets -> dataset=dataset1, trategy=conditional, aug train=False, aug eval=False
2026-03-30 19:43:10,973 - Test Loss: 2.1318
2026-03-30 19:43:10,973 - Test AUC: 0.6925
2026-03-30 19:43:10,973 - Test AUPR: 0.5689
2026-03-30 19:43:10,973 - Test Precision: 0.0000
2026-03-30 19:43:10,973 - Test Sensitivity (Recall): 0.0000
2026-03-30 19:43:10,973 - Test Specificity: 1.0000
2026-03-30 19:43:10,983 - ---- Start Training & Testing Fold 2 ----
2026-03-30 19:43:10,983 - experiment 1 ...
2026-03-30 19:43:10,984 - --- Executing CV with scaffold split with hyperparameters: use_struct=True, save_probs=False, seed=42 ...
2026-03-30 19:43:10,984 - Dataset path -> datasets/multi_ppimi_s4_tests_splits_with_my_train
2026-03-30 19:43:11,027 - Initialized model | excluded=None | mlp_dropout=0.3 | head_dropout=0.3 | self_attn_dropout=0.1 | join_attn_feat=ppiformer | compound_dim=128 | compound_proj_dim=128 | ppi_fuse_setting=self_attn | head_fuse=cat | proj_feat=False
2026-03-30 19:43:11,029 - Excluded modalities: []
2026-03-30 19:43:11,070 - Active modalities: ['esm', 'fegs', 'gae']
2026-03-30 19:43:39,896 - MolecularDataset hyperparamets -> dataset=dataset1, trategy=conditional, aug train=False, aug eval=False
2026-03-30 19:43:48,580 - MolecularDataset hyperparamets -> dataset=dataset1, trategy=conditional, aug train=False, aug eval=False
2026-03-30 19:43:53,636 - MolecularDataset hyperparamets -> dataset=dataset1, trategy=conditional, aug train=False, aug eval=False
2026-03-30 19:43:58,829 - ---- train loader size -> 68988, val loader size 3636 ----
2026-03-30 19:47:35,980 - NEW BEST @ epoch 1: train_auc=0.8672, val_auc=0.9445, val_aupr=0.8175, val_precision=0.5672, val_sensitivity=0.8564; val_specificity=0.8693
2026-03-30 19:51:11,419 - NEW BEST @ epoch 2: train_auc=0.9654, val_auc=0.9625, val_aupr=0.8652, val_precision=0.7192, val_sensitivity=0.7987; val_specificity=0.9376
2026-03-30 19:54:48,407 - NEW BEST @ epoch 3: train_auc=0.9850, val_auc=0.9735, val_aupr=0.8978, val_precision=0.8391, val_sensitivity=0.7574; val_specificity=0.9710
2026-03-30 19:58:24,708 - NEW BEST @ epoch 4: train_auc=0.9915, val_auc=0.9811, val_aupr=0.9242, val_precision=0.8355, val_sensitivity=0.8383; val_specificity=0.9670
2026-03-30 20:01:57,847 - NEW BEST @ epoch 5: train_auc=0.9947, val_auc=0.9861, val_aupr=0.9437, val_precision=0.8429, val_sensitivity=0.8680; val_specificity=0.9677
2026-03-30 20:12:38,581 - NEW BEST @ epoch 8: train_auc=0.9981, val_auc=0.9892, val_aupr=0.9584, val_precision=0.8610, val_sensitivity=0.8894; val_specificity=0.9713
2026-03-30 20:26:53,126 - NEW BEST @ epoch 12: train_auc=0.9993, val_auc=0.9915, val_aupr=0.9649, val_precision=0.9071, val_sensitivity=0.8696; val_specificity=0.9822
2026-03-30 21:20:58,957 - MolecularDataset hyperparamets -> dataset=dataset1, trategy=conditional, aug train=False, aug eval=False
2026-03-30 21:21:09,613 - Test Loss: 2.6067
2026-03-30 21:21:09,613 - Test AUC: 0.7427
2026-03-30 21:21:09,613 - Test AUPR: 0.7719
2026-03-30 21:21:09,613 - Test Precision: 0.3636
2026-03-30 21:21:09,613 - Test Sensitivity (Recall): 0.0123
2026-03-30 21:21:09,613 - Test Specificity: 0.9677
2026-03-30 21:21:09,622 - ---- Start Training & Testing Fold 3 ----
2026-03-30 21:21:09,623 - experiment 1 ...
2026-03-30 21:21:09,626 - --- Executing CV with scaffold split with hyperparameters: use_struct=True, save_probs=False, seed=42 ...
2026-03-30 21:21:09,626 - Dataset path -> datasets/multi_ppimi_s4_tests_splits_with_my_train
2026-03-30 21:21:09,666 - Initialized model | excluded=None | mlp_dropout=0.3 | head_dropout=0.3 | self_attn_dropout=0.1 | join_attn_feat=ppiformer | compound_dim=128 | compound_proj_dim=128 | ppi_fuse_setting=self_attn | head_fuse=cat | proj_feat=False
2026-03-30 21:21:09,668 - Excluded modalities: []
2026-03-30 21:21:09,709 - Active modalities: ['esm', 'fegs', 'gae']
2026-03-30 21:21:36,902 - MolecularDataset hyperparamets -> dataset=dataset1, trategy=conditional, aug train=False, aug eval=False
2026-03-30 21:21:45,310 - MolecularDataset hyperparamets -> dataset=dataset1, trategy=conditional, aug train=False, aug eval=False
2026-03-30 21:21:50,299 - MolecularDataset hyperparamets -> dataset=dataset1, trategy=conditional, aug train=False, aug eval=False
2026-03-30 21:21:55,210 - ---- train loader size -> 65748, val loader size 3462 ----
2026-03-30 21:25:18,409 - NEW BEST @ epoch 1: train_auc=0.8494, val_auc=0.9433, val_aupr=0.8135, val_precision=0.6086, val_sensitivity=0.8354; val_specificity=0.8925
2026-03-30 21:28:43,032 - NEW BEST @ epoch 2: train_auc=0.9602, val_auc=0.9701, val_aupr=0.8820, val_precision=0.7344, val_sensitivity=0.8146; val_specificity=0.9411
2026-03-30 21:32:06,941 - NEW BEST @ epoch 3: train_auc=0.9816, val_auc=0.9768, val_aupr=0.9099, val_precision=0.8014, val_sensitivity=0.8111; val_specificity=0.9598
2026-03-30 21:35:30,106 - NEW BEST @ epoch 4: train_auc=0.9895, val_auc=0.9860, val_aupr=0.9443, val_precision=0.8314, val_sensitivity=0.8804; val_specificity=0.9643
2026-03-30 21:38:53,398 - NEW BEST @ epoch 5: train_auc=0.9931, val_auc=0.9881, val_aupr=0.9521, val_precision=0.8715, val_sensitivity=0.8579; val_specificity=0.9747
2026-03-30 21:49:04,468 - NEW BEST @ epoch 8: train_auc=0.9974, val_auc=0.9910, val_aupr=0.9650, val_precision=0.8729, val_sensitivity=0.9047; val_specificity=0.9737
2026-03-30 22:48:11,896 - MolecularDataset hyperparamets -> dataset=dataset1, trategy=conditional, aug train=False, aug eval=False
2026-03-30 22:48:22,051 - Test Loss: 0.7115
2026-03-30 22:48:22,051 - Test AUC: 0.9463
2026-03-30 22:48:22,051 - Test AUPR: 0.9103
2026-03-30 22:48:22,051 - Test Precision: 0.9688
2026-03-30 22:48:22,051 - Test Sensitivity (Recall): 0.2897
2026-03-30 22:48:22,051 - Test Specificity: 0.9922
2026-03-30 22:48:22,061 - ---- Start Training & Testing Fold 4 ----
2026-03-30 22:48:22,061 - experiment 1 ...
2026-03-30 22:48:22,064 - --- Executing CV with scaffold split with hyperparameters: use_struct=True, save_probs=False, seed=42 ...
2026-03-30 22:48:22,064 - Dataset path -> datasets/multi_ppimi_s4_tests_splits_with_my_train
2026-03-30 22:48:22,094 - Initialized model | excluded=None | mlp_dropout=0.3 | head_dropout=0.3 | self_attn_dropout=0.1 | join_attn_feat=ppiformer | compound_dim=128 | compound_proj_dim=128 | ppi_fuse_setting=self_attn | head_fuse=cat | proj_feat=False
2026-03-30 22:48:22,096 - Excluded modalities: []
2026-03-30 22:48:22,136 - Active modalities: ['esm', 'fegs', 'gae']
2026-03-30 22:48:41,189 - MolecularDataset hyperparamets -> dataset=dataset1, trategy=conditional, aug train=False, aug eval=False
2026-03-30 22:48:48,684 - MolecularDataset hyperparamets -> dataset=dataset1, trategy=conditional, aug train=False, aug eval=False
2026-03-30 22:48:53,617 - MolecularDataset hyperparamets -> dataset=dataset1, trategy=conditional, aug train=False, aug eval=False
2026-03-30 22:48:58,419 - ---- train loader size -> 45126, val loader size 2376 ----
2026-03-30 22:51:20,871 - NEW BEST @ epoch 1: train_auc=0.7696, val_auc=0.8880, val_aupr=0.6937, val_precision=0.4510, val_sensitivity=0.8359; val_specificity=0.7965
2026-03-30 22:53:44,024 - NEW BEST @ epoch 2: train_auc=0.9133, val_auc=0.9245, val_aupr=0.7702, val_precision=0.6089, val_sensitivity=0.7626; val_specificity=0.9020
2026-03-30 22:56:07,791 - NEW BEST @ epoch 3: train_auc=0.9474, val_auc=0.9430, val_aupr=0.8211, val_precision=0.7562, val_sensitivity=0.6970; val_specificity=0.9551
2026-03-30 22:58:30,663 - NEW BEST @ epoch 4: train_auc=0.9677, val_auc=0.9621, val_aupr=0.8670, val_precision=0.7702, val_sensitivity=0.7702; val_specificity=0.9540
2026-03-30 23:00:53,665 - NEW BEST @ epoch 5: train_auc=0.9782, val_auc=0.9659, val_aupr=0.8768, val_precision=0.8267, val_sensitivity=0.7348; val_specificity=0.9692
2026-03-30 23:08:04,884 - NEW BEST @ epoch 8: train_auc=0.9922, val_auc=0.9736, val_aupr=0.9055, val_precision=0.8311, val_sensitivity=0.7702; val_specificity=0.9687
2026-03-30 23:24:52,520 - NEW BEST @ epoch 15: train_auc=0.9982, val_auc=0.9759, val_aupr=0.9149, val_precision=0.8435, val_sensitivity=0.8030; val_specificity=0.9702
2026-03-31 00:01:11,295 - MolecularDataset hyperparamets -> dataset=dataset1, trategy=conditional, aug train=False, aug eval=False
2026-03-31 00:01:33,249 - Test Loss: 0.6708
2026-03-31 00:01:33,249 - Test AUC: 0.9167
2026-03-31 00:01:33,249 - Test AUPR: 0.8606
2026-03-31 00:01:33,249 - Test Precision: 0.8938
2026-03-31 00:01:33,249 - Test Sensitivity (Recall): 0.5926
2026-03-31 00:01:33,249 - Test Specificity: 0.9486
2026-03-31 00:01:33,258 - ---- Start Training & Testing Fold 5 ----
2026-03-31 00:01:33,259 - experiment 1 ...
2026-03-31 00:01:33,262 - --- Executing CV with scaffold split with hyperparameters: use_struct=True, save_probs=False, seed=42 ...
2026-03-31 00:01:33,262 - Dataset path -> datasets/multi_ppimi_s4_tests_splits_with_my_train
2026-03-31 00:01:33,297 - Initialized model | excluded=None | mlp_dropout=0.3 | head_dropout=0.3 | self_attn_dropout=0.1 | join_attn_feat=ppiformer | compound_dim=128 | compound_proj_dim=128 | ppi_fuse_setting=self_attn | head_fuse=cat | proj_feat=False
2026-03-31 00:01:33,299 - Excluded modalities: []
2026-03-31 00:01:33,340 - Active modalities: ['esm', 'fegs', 'gae']
2026-03-31 00:01:57,156 - MolecularDataset hyperparamets -> dataset=dataset1, trategy=conditional, aug train=False, aug eval=False
2026-03-31 00:02:04,172 - MolecularDataset hyperparamets -> dataset=dataset1, trategy=conditional, aug train=False, aug eval=False
2026-03-31 00:02:09,063 - MolecularDataset hyperparamets -> dataset=dataset1, trategy=conditional, aug train=False, aug eval=False
2026-03-31 00:02:13,884 - ---- train loader size -> 53418, val loader size 2814 ----
2026-03-31 00:05:04,456 - NEW BEST @ epoch 1: train_auc=0.8418, val_auc=0.9325, val_aupr=0.8044, val_precision=0.5309, val_sensitivity=0.8252; val_specificity=0.8542
2026-03-31 00:07:55,056 - NEW BEST @ epoch 2: train_auc=0.9527, val_auc=0.9615, val_aupr=0.8634, val_precision=0.7080, val_sensitivity=0.8273; val_specificity=0.9318
2026-03-31 00:10:47,338 - NEW BEST @ epoch 3: train_auc=0.9757, val_auc=0.9730, val_aupr=0.9078, val_precision=0.8288, val_sensitivity=0.7846; val_specificity=0.9676
2026-03-31 00:13:34,171 - NEW BEST @ epoch 4: train_auc=0.9864, val_auc=0.9795, val_aupr=0.9318, val_precision=0.8642, val_sensitivity=0.8550; val_specificity=0.9731
2026-03-31 00:16:23,156 - NEW BEST @ epoch 5: train_auc=0.9923, val_auc=0.9842, val_aupr=0.9496, val_precision=0.8369, val_sensitivity=0.9296; val_specificity=0.9638
2026-03-31 00:24:51,662 - NEW BEST @ epoch 8: train_auc=0.9970, val_auc=0.9873, val_aupr=0.9679, val_precision=0.9070, val_sensitivity=0.9360; val_specificity=0.9808
2026-03-31 00:44:39,020 - NEW BEST @ epoch 15: train_auc=0.9994, val_auc=0.9896, val_aupr=0.9771, val_precision=0.9421, val_sensitivity=0.9360; val_specificity=0.9885
2026-03-31 01:28:01,772 - MolecularDataset hyperparamets -> dataset=dataset1, trategy=conditional, aug train=False, aug eval=False
2026-03-31 01:28:22,984 - Test Loss: 1.4469
2026-03-31 01:28:22,984 - Test AUC: 0.7891
2026-03-31 01:28:22,984 - Test AUPR: 0.7812
2026-03-31 01:28:22,984 - Test Precision: 0.8294
2026-03-31 01:28:22,984 - Test Sensitivity (Recall): 0.1836
2026-03-31 01:28:22,984 - Test Specificity: 0.9592
2026-03-31 01:28:23,005 - Saved/updated summary to: results/result_tables/final_results/hyperparam_search_2503.csv
2026-03-31 01:28:23,005 - [2503@j6] Running hyperparameter set 12/12 | lr=5e-05 | weight_decay=1e-05 | mlp_dropout=0.3 | head_dropout=0.3 | self_attn_dropout=0.3 | compound_proj_dim=128 | ppi_fuse_setting=self_attn | head_fuse=cat | proj_feat=False
2026-03-31 01:28:23,005 - ---- Start Training & Testing Fold 1 ----
2026-03-31 01:28:23,005 - experiment 1 ...
2026-03-31 01:28:23,008 - --- Executing CV with scaffold split with hyperparameters: use_struct=True, save_probs=False, seed=42 ...
2026-03-31 01:28:23,008 - Dataset path -> datasets/multi_ppimi_s4_tests_splits_with_my_train
2026-03-31 01:28:23,045 - Initialized model | excluded=None | mlp_dropout=0.3 | head_dropout=0.3 | self_attn_dropout=0.3 | join_attn_feat=ppiformer | compound_dim=128 | compound_proj_dim=128 | ppi_fuse_setting=self_attn | head_fuse=cat | proj_feat=False
2026-03-31 01:28:23,047 - Excluded modalities: []
2026-03-31 01:28:23,088 - Active modalities: ['esm', 'fegs', 'gae']
2026-03-31 01:28:48,592 - MolecularDataset hyperparamets -> dataset=dataset1, trategy=conditional, aug train=False, aug eval=False
2026-03-31 01:28:56,925 - MolecularDataset hyperparamets -> dataset=dataset1, trategy=conditional, aug train=False, aug eval=False
2026-03-31 01:29:01,806 - MolecularDataset hyperparamets -> dataset=dataset1, trategy=conditional, aug train=False, aug eval=False
2026-03-31 01:29:06,674 - ---- train loader size -> 62190, val loader size 3276 ----
2026-03-31 01:32:23,422 - NEW BEST @ epoch 1: train_auc=0.8629, val_auc=0.9227, val_aupr=0.7544, val_precision=0.5289, val_sensitivity=0.7875; val_specificity=0.8597
2026-03-31 01:35:40,341 - NEW BEST @ epoch 2: train_auc=0.9598, val_auc=0.9582, val_aupr=0.8351, val_precision=0.6573, val_sensitivity=0.7692; val_specificity=0.9198
2026-03-31 01:38:58,226 - NEW BEST @ epoch 3: train_auc=0.9793, val_auc=0.9715, val_aupr=0.8834, val_precision=0.7765, val_sensitivity=0.7509; val_specificity=0.9568
2026-03-31 01:42:15,132 - NEW BEST @ epoch 4: train_auc=0.9872, val_auc=0.9769, val_aupr=0.9037, val_precision=0.8486, val_sensitivity=0.7289; val_specificity=0.9740
2026-03-31 01:45:32,801 - NEW BEST @ epoch 5: train_auc=0.9918, val_auc=0.9843, val_aupr=0.9306, val_precision=0.8593, val_sensitivity=0.8278; val_specificity=0.9729
2026-03-31 01:52:09,186 - NEW BEST @ epoch 7: train_auc=0.9957, val_auc=0.9865, val_aupr=0.9396, val_precision=0.8717, val_sensitivity=0.8590; val_specificity=0.9747
2026-03-31 02:51:43,403 - MolecularDataset hyperparamets -> dataset=dataset1, trategy=conditional, aug train=False, aug eval=False
2026-03-31 02:51:55,206 - Test Loss: 1.6260
2026-03-31 02:51:55,206 - Test AUC: 0.8106
2026-03-31 02:51:55,206 - Test AUPR: 0.6588
2026-03-31 02:51:55,206 - Test Precision: 0.0000
2026-03-31 02:51:55,206 - Test Sensitivity (Recall): 0.0000
2026-03-31 02:51:55,206 - Test Specificity: 0.9969
2026-03-31 02:51:55,215 - ---- Start Training & Testing Fold 2 ----
2026-03-31 02:51:55,216 - experiment 1 ...
2026-03-31 02:51:55,219 - --- Executing CV with scaffold split with hyperparameters: use_struct=True, save_probs=False, seed=42 ...
2026-03-31 02:51:55,219 - Dataset path -> datasets/multi_ppimi_s4_tests_splits_with_my_train
2026-03-31 02:51:55,262 - Initialized model | excluded=None | mlp_dropout=0.3 | head_dropout=0.3 | self_attn_dropout=0.3 | join_attn_feat=ppiformer | compound_dim=128 | compound_proj_dim=128 | ppi_fuse_setting=self_attn | head_fuse=cat | proj_feat=False
2026-03-31 02:51:55,263 - Excluded modalities: []
2026-03-31 02:51:55,305 - Active modalities: ['esm', 'fegs', 'gae']
2026-03-31 02:52:24,667 - MolecularDataset hyperparamets -> dataset=dataset1, trategy=conditional, aug train=False, aug eval=False
2026-03-31 02:52:33,278 - MolecularDataset hyperparamets -> dataset=dataset1, trategy=conditional, aug train=False, aug eval=False
2026-03-31 02:52:38,250 - MolecularDataset hyperparamets -> dataset=dataset1, trategy=conditional, aug train=False, aug eval=False
2026-03-31 02:52:43,164 - ---- train loader size -> 68988, val loader size 3636 ----
2026-03-31 02:56:21,580 - NEW BEST @ epoch 1: train_auc=0.8644, val_auc=0.9452, val_aupr=0.8172, val_precision=0.5824, val_sensitivity=0.8399; val_specificity=0.8795
2026-03-31 03:00:01,241 - NEW BEST @ epoch 2: train_auc=0.9652, val_auc=0.9638, val_aupr=0.8688, val_precision=0.7176, val_sensitivity=0.8218; val_specificity=0.9353
2026-03-31 03:03:41,290 - NEW BEST @ epoch 3: train_auc=0.9838, val_auc=0.9738, val_aupr=0.9004, val_precision=0.8403, val_sensitivity=0.7640; val_specificity=0.9710
2026-03-31 03:07:19,580 - NEW BEST @ epoch 4: train_auc=0.9910, val_auc=0.9820, val_aupr=0.9272, val_precision=0.8492, val_sensitivity=0.8366; val_specificity=0.9703
2026-03-31 03:11:00,200 - NEW BEST @ epoch 5: train_auc=0.9944, val_auc=0.9851, val_aupr=0.9349, val_precision=0.8347, val_sensitivity=0.8663; val_specificity=0.9657
2026-03-31 03:22:01,322 - NEW BEST @ epoch 8: train_auc=0.9979, val_auc=0.9891, val_aupr=0.9581, val_precision=0.8724, val_sensitivity=0.9026; val_specificity=0.9736
2026-03-31 03:43:47,652 - NEW BEST @ epoch 14: train_auc=0.9994, val_auc=0.9915, val_aupr=0.9669, val_precision=0.8914, val_sensitivity=0.8944; val_specificity=0.9782
2026-03-31 04:38:38,741 - MolecularDataset hyperparamets -> dataset=dataset1, trategy=conditional, aug train=False, aug eval=False
2026-03-31 04:38:49,621 - Test Loss: 2.6063
2026-03-31 04:38:49,621 - Test AUC: 0.7370
2026-03-31 04:38:49,621 - Test AUPR: 0.7728
2026-03-31 04:38:49,621 - Test Precision: 0.8448
2026-03-31 04:38:49,621 - Test Sensitivity (Recall): 0.1508
2026-03-31 04:38:49,621 - Test Specificity: 0.9585
2026-03-31 04:38:49,632 - ---- Start Training & Testing Fold 3 ----
2026-03-31 04:38:49,633 - experiment 1 ...
2026-03-31 04:38:49,636 - --- Executing CV with scaffold split with hyperparameters: use_struct=True, save_probs=False, seed=42 ...
2026-03-31 04:38:49,636 - Dataset path -> datasets/multi_ppimi_s4_tests_splits_with_my_train
2026-03-31 04:38:49,677 - Initialized model | excluded=None | mlp_dropout=0.3 | head_dropout=0.3 | self_attn_dropout=0.3 | join_attn_feat=ppiformer | compound_dim=128 | compound_proj_dim=128 | ppi_fuse_setting=self_attn | head_fuse=cat | proj_feat=False
2026-03-31 04:38:49,679 - Excluded modalities: []
2026-03-31 04:38:49,719 - Active modalities: ['esm', 'fegs', 'gae']
2026-03-31 04:39:17,635 - MolecularDataset hyperparamets -> dataset=dataset1, trategy=conditional, aug train=False, aug eval=False
2026-03-31 04:39:26,157 - MolecularDataset hyperparamets -> dataset=dataset1, trategy=conditional, aug train=False, aug eval=False
2026-03-31 04:39:31,207 - MolecularDataset hyperparamets -> dataset=dataset1, trategy=conditional, aug train=False, aug eval=False
2026-03-31 04:39:36,189 - ---- train loader size -> 65748, val loader size 3462 ----
2026-03-31 04:43:00,468 - NEW BEST @ epoch 1: train_auc=0.8534, val_auc=0.9440, val_aupr=0.8179, val_precision=0.5848, val_sensitivity=0.8423; val_specificity=0.8804
2026-03-31 04:46:25,186 - NEW BEST @ epoch 2: train_auc=0.9611, val_auc=0.9720, val_aupr=0.8912, val_precision=0.7516, val_sensitivity=0.8076; val_specificity=0.9466
2026-03-31 04:49:51,492 - NEW BEST @ epoch 3: train_auc=0.9815, val_auc=0.9775, val_aupr=0.9123, val_precision=0.8172, val_sensitivity=0.8059; val_specificity=0.9640
2026-03-31 04:53:18,843 - NEW BEST @ epoch 4: train_auc=0.9895, val_auc=0.9859, val_aupr=0.9423, val_precision=0.8282, val_sensitivity=0.8769; val_specificity=0.9636
2026-03-31 05:00:13,129 - NEW BEST @ epoch 6: train_auc=0.9954, val_auc=0.9893, val_aupr=0.9565, val_precision=0.8930, val_sensitivity=0.8683; val_specificity=0.9792
2026-03-31 06:06:32,470 - MolecularDataset hyperparamets -> dataset=dataset1, trategy=conditional, aug train=False, aug eval=False
2026-03-31 06:06:42,658 - Test Loss: 1.0029
2026-03-31 06:06:42,659 - Test AUC: 0.8674
2026-03-31 06:06:42,659 - Test AUPR: 0.8065
2026-03-31 06:06:42,659 - Test Precision: 0.9189
2026-03-31 06:06:42,659 - Test Sensitivity (Recall): 0.1589
2026-03-31 06:06:42,659 - Test Specificity: 0.9883
2026-03-31 06:06:42,668 - ---- Start Training & Testing Fold 4 ----
2026-03-31 06:06:42,669 - experiment 1 ...
2026-03-31 06:06:42,672 - --- Executing CV with scaffold split with hyperparameters: use_struct=True, save_probs=False, seed=42 ...
2026-03-31 06:06:42,672 - Dataset path -> datasets/multi_ppimi_s4_tests_splits_with_my_train
2026-03-31 06:06:42,701 - Initialized model | excluded=None | mlp_dropout=0.3 | head_dropout=0.3 | self_attn_dropout=0.3 | join_attn_feat=ppiformer | compound_dim=128 | compound_proj_dim=128 | ppi_fuse_setting=self_attn | head_fuse=cat | proj_feat=False
2026-03-31 06:06:42,702 - Excluded modalities: []
2026-03-31 06:06:42,743 - Active modalities: ['esm', 'fegs', 'gae']
2026-03-31 06:07:01,322 - MolecularDataset hyperparamets -> dataset=dataset1, trategy=conditional, aug train=False, aug eval=False
2026-03-31 06:07:08,621 - MolecularDataset hyperparamets -> dataset=dataset1, trategy=conditional, aug train=False, aug eval=False
2026-03-31 06:07:13,624 - MolecularDataset hyperparamets -> dataset=dataset1, trategy=conditional, aug train=False, aug eval=False
2026-03-31 06:07:18,518 - ---- train loader size -> 45126, val loader size 2376 ----
2026-03-31 06:09:41,793 - NEW BEST @ epoch 1: train_auc=0.7636, val_auc=0.8914, val_aupr=0.7036, val_precision=0.4582, val_sensitivity=0.8030; val_specificity=0.8101
2026-03-31 06:12:06,222 - NEW BEST @ epoch 2: train_auc=0.9120, val_auc=0.9244, val_aupr=0.7727, val_precision=0.6194, val_sensitivity=0.7273; val_specificity=0.9106
2026-03-31 06:14:32,525 - NEW BEST @ epoch 3: train_auc=0.9467, val_auc=0.9412, val_aupr=0.8130, val_precision=0.7110, val_sensitivity=0.7020; val_specificity=0.9429
2026-03-31 06:16:56,764 - NEW BEST @ epoch 4: train_auc=0.9673, val_auc=0.9601, val_aupr=0.8623, val_precision=0.7659, val_sensitivity=0.7601; val_specificity=0.9535
2026-03-31 06:19:22,975 - NEW BEST @ epoch 5: train_auc=0.9781, val_auc=0.9647, val_aupr=0.8759, val_precision=0.8348, val_sensitivity=0.7146; val_specificity=0.9717
2026-03-31 06:26:37,516 - NEW BEST @ epoch 8: train_auc=0.9925, val_auc=0.9720, val_aupr=0.9016, val_precision=0.8237, val_sensitivity=0.7551; val_specificity=0.9677
2026-03-31 06:43:29,598 - NEW BEST @ epoch 15: train_auc=0.9980, val_auc=0.9751, val_aupr=0.9193, val_precision=0.8652, val_sensitivity=0.7778; val_specificity=0.9758
2026-03-31 07:19:44,963 - MolecularDataset hyperparamets -> dataset=dataset1, trategy=conditional, aug train=False, aug eval=False
2026-03-31 07:20:06,839 - Test Loss: 0.5642
2026-03-31 07:20:06,840 - Test AUC: 0.9299
2026-03-31 07:20:06,840 - Test AUPR: 0.8690
2026-03-31 07:20:06,840 - Test Precision: 0.8708
2026-03-31 07:20:06,840 - Test Sensitivity (Recall): 0.6294
2026-03-31 07:20:06,840 - Test Specificity: 0.9318
2026-03-31 07:20:06,852 - ---- Start Training & Testing Fold 5 ----
2026-03-31 07:20:06,852 - experiment 1 ...
2026-03-31 07:20:06,856 - --- Executing CV with scaffold split with hyperparameters: use_struct=True, save_probs=False, seed=42 ...
2026-03-31 07:20:06,856 - Dataset path -> datasets/multi_ppimi_s4_tests_splits_with_my_train
2026-03-31 07:20:06,894 - Initialized model | excluded=None | mlp_dropout=0.3 | head_dropout=0.3 | self_attn_dropout=0.3 | join_attn_feat=ppiformer | compound_dim=128 | compound_proj_dim=128 | ppi_fuse_setting=self_attn | head_fuse=cat | proj_feat=False
2026-03-31 07:20:06,896 - Excluded modalities: []
2026-03-31 07:20:06,937 - Active modalities: ['esm', 'fegs', 'gae']
2026-03-31 07:20:30,085 - MolecularDataset hyperparamets -> dataset=dataset1, trategy=conditional, aug train=False, aug eval=False
2026-03-31 07:20:37,084 - MolecularDataset hyperparamets -> dataset=dataset1, trategy=conditional, aug train=False, aug eval=False
2026-03-31 07:20:41,963 - MolecularDataset hyperparamets -> dataset=dataset1, trategy=conditional, aug train=False, aug eval=False
2026-03-31 07:20:46,779 - ---- train loader size -> 53418, val loader size 2814 ----
2026-03-31 07:23:38,898 - NEW BEST @ epoch 1: train_auc=0.8424, val_auc=0.9395, val_aupr=0.8130, val_precision=0.5359, val_sensitivity=0.8443; val_specificity=0.8537
2026-03-31 07:26:30,091 - NEW BEST @ epoch 2: train_auc=0.9530, val_auc=0.9607, val_aupr=0.8579, val_precision=0.7090, val_sensitivity=0.8102; val_specificity=0.9335
2026-03-31 07:29:22,282 - NEW BEST @ epoch 3: train_auc=0.9757, val_auc=0.9744, val_aupr=0.9077, val_precision=0.8162, val_sensitivity=0.7953; val_specificity=0.9642
2026-03-31 07:32:14,153 - NEW BEST @ epoch 4: train_auc=0.9868, val_auc=0.9805, val_aupr=0.9347, val_precision=0.8538, val_sensitivity=0.8465; val_specificity=0.9710
2026-03-31 07:35:05,364 - NEW BEST @ epoch 5: train_auc=0.9920, val_auc=0.9835, val_aupr=0.9447, val_precision=0.8071, val_sensitivity=0.9275; val_specificity=0.9557
2026-03-31 07:40:54,441 - NEW BEST @ epoch 7: train_auc=0.9965, val_auc=0.9903, val_aupr=0.9724, val_precision=0.9163, val_sensitivity=0.9104; val_specificity=0.9834
2026-03-31 07:58:12,730 - NEW BEST @ epoch 13: train_auc=0.9991, val_auc=0.9933, val_aupr=0.9811, val_precision=0.9347, val_sensitivity=0.9467; val_specificity=0.9868
2026-03-31 08:41:39,269 - MolecularDataset hyperparamets -> dataset=dataset1, trategy=conditional, aug train=False, aug eval=False
2026-03-31 08:42:00,258 - Test Loss: 1.8347
2026-03-31 08:42:00,258 - Test AUC: 0.6875
2026-03-31 08:42:00,258 - Test AUPR: 0.6783
2026-03-31 08:42:00,258 - Test Precision: 0.6571
2026-03-31 08:42:00,258 - Test Sensitivity (Recall): 0.1198
2026-03-31 08:42:00,258 - Test Specificity: 0.9325
2026-03-31 08:42:00,282 - Saved/updated summary to: results/result_tables/final_results/hyperparam_search_2503.csv
